"wfo_id","description","type","BibliographicCitation","URL","licence","provider"
"wfo-4000033279","Vietnam, Peninsular Malaysia, Borneo, Sumatra, Sulawesi.","Distribution","Argent G. 2019, RIGIOLEPIS AND VACCINIUM (ERICACEAE) IN BORNEO., Edinburgh J. Bot. Vol.76(1) , pp.55-172.","https://doi.org/10.1017/S0960428618000276","CC0 1.0 Universal (CC0 1.0)","Royal Botanic Garden Edinburgh"
"wfo-1000002531","Indonesia: West and South Kalimantan.","Distribution","Argent G. 2019, RIGIOLEPIS AND VACCINIUM (ERICACEAE) IN BORNEO., Edinburgh J. Bot. Vol.76(1) , pp.55-172.","https://doi.org/10.1017/S0960428618000276","CC0 1.0 Universal (CC0 1.0)","Royal Botanic Garden Edinburgh"
"wfo-1000002532","Malaysia: Sarawak. Known only from the environs of Mount Api, but this species is likely to occur on Mount Benarat and other associated limestone peaks in the Mount Mulu National Park.","Distribution","Argent G. 2019, RIGIOLEPIS AND VACCINIUM (ERICACEAE) IN BORNEO., Edinburgh J. Bot. Vol.76(1) , pp.55-172.","https://doi.org/10.1017/S0960428618000276","CC0 1.0 Universal (CC0 1.0)","Royal Botanic Garden Edinburgh"
"wfo-1000002533","Indonesia: West Kalimantan.","Distribution","Argent G. 2019, RIGIOLEPIS AND VACCINIUM (ERICACEAE) IN BORNEO., Edinburgh J. Bot. Vol.76(1) , pp.55-172.","https://doi.org/10.1017/S0960428618000276","CC0 1.0 Universal (CC0 1.0)","Royal Botanic Garden Edinburgh"
"wfo-0000405543","Brunei. Indonesia: West and Central Kalimantan. Malaysia: Sarawak.","Distribution","Argent G. 2019, RIGIOLEPIS AND VACCINIUM (ERICACEAE) IN BORNEO., Edinburgh J. Bot. Vol.76(1) , pp.55-172.","https://doi.org/10.1017/S0960428618000276","CC0 1.0 Universal (CC0 1.0)","Royal Botanic Garden Edinburgh"
"wfo-0000405546","Indonesia: West Kalimantan. Malaysia: Sarawak.","Distribution","Argent G. 2019, RIGIOLEPIS AND VACCINIUM (ERICACEAE) IN BORNEO., Edinburgh J. Bot. Vol.76(1) , pp.55-172.","https://doi.org/10.1017/S0960428618000276","CC0 1.0 Universal (CC0 1.0)","Royal Botanic Garden Edinburgh"
"wfo-1000002534","Malaysia: Sarawak, Miri Division, Mount Mulu National Park.","Distribution","Argent G. 2019, RIGIOLEPIS AND VACCINIUM (ERICACEAE) IN BORNEO., Edinburgh J. Bot. Vol.76(1) , pp.55-172.","https://doi.org/10.1017/S0960428618000276","CC0 1.0 Universal (CC0 1.0)","Royal Botanic Garden Edinburgh"
"wfo-1000002536","Indonesia: Central and West Kalimantan. Malaysia: Sarawak.","Distribution","Argent G. 2019, RIGIOLEPIS AND VACCINIUM (ERICACEAE) IN BORNEO., Edinburgh J. Bot. Vol.76(1) , pp.55-172.","https://doi.org/10.1017/S0960428618000276","CC0 1.0 Universal (CC0 1.0)","Royal Botanic Garden Edinburgh"
"wfo-1000002537","Malaysia: Sarawak, Miri Division, Niah, protected forest. ","Distribution","Argent G. 2019, RIGIOLEPIS AND VACCINIUM (ERICACEAE) IN BORNEO., Edinburgh J. Bot. Vol.76(1) , pp.55-172.","https://doi.org/10.1017/S0960428618000276","CC0 1.0 Universal (CC0 1.0)","Royal Botanic Garden Edinburgh"
"wfo-1200001522","Brunei. Indonesia: South Sumatra (possibly also in central Sumatra), Lingga Archipelago (Pulau Lingga, Pulau Sebangka), West Java, East (West Kutei) and West Kalimantan. Malaysia: Johore, Sabah and Sarawak. Singapore: Bukit Mandi. ","Distribution","Argent G. 2019, RIGIOLEPIS AND VACCINIUM (ERICACEAE) IN BORNEO., Edinburgh J. Bot. Vol.76(1) , pp.55-172.","https://doi.org/10.1017/S0960428618000276","CC0 1.0 Universal (CC0 1.0)","Royal Botanic Garden Edinburgh"
"wfo-1200001574","Indonesia: West Kalimantan. Malaysia: Sarawak. ","Distribution","Argent G. 2019, RIGIOLEPIS AND VACCINIUM (ERICACEAE) IN BORNEO., Edinburgh J. Bot. Vol.76(1) , pp.55-172.","https://doi.org/10.1017/S0960428618000276","CC0 1.0 Universal (CC0 1.0)","Royal Botanic Garden Edinburgh"
"wfo-1000002538","Malaysia: Sarawak, Miri Division, Kelabit. ","Distribution","Argent G. 2019, RIGIOLEPIS AND VACCINIUM (ERICACEAE) IN BORNEO., Edinburgh J. Bot. Vol.76(1) , pp.55-172.","https://doi.org/10.1017/S0960428618000276","CC0 1.0 Universal (CC0 1.0)","Royal Botanic Garden Edinburgh"
"wfo-1200001524","Malaysia: Sarawak.","Distribution","Argent G. 2019, RIGIOLEPIS AND VACCINIUM (ERICACEAE) IN BORNEO., Edinburgh J. Bot. Vol.76(1) , pp.55-172.","https://doi.org/10.1017/S0960428618000276","CC0 1.0 Universal (CC0 1.0)","Royal Botanic Garden Edinburgh"
"wfo-1200001523","Malaysia: Sarawak. ","Distribution","Argent G. 2019, RIGIOLEPIS AND VACCINIUM (ERICACEAE) IN BORNEO., Edinburgh J. Bot. Vol.76(1) , pp.55-172.","https://doi.org/10.1017/S0960428618000276","CC0 1.0 Universal (CC0 1.0)","Royal Botanic Garden Edinburgh"
"wfo-0000405554","Indonesia: Central Kalimantan, Mount Batu Lesong. ","Distribution","Argent G. 2019, RIGIOLEPIS AND VACCINIUM (ERICACEAE) IN BORNEO., Edinburgh J. Bot. Vol.76(1) , pp.55-172.","https://doi.org/10.1017/S0960428618000276","CC0 1.0 Universal (CC0 1.0)","Royal Botanic Garden Edinburgh"
"wfo-0000405554","Indonesia: Central Kalimantan, Mount Batu Lesong. ","Distribution","Argent G. 2019, RIGIOLEPIS AND VACCINIUM (ERICACEAE) IN BORNEO., Edinburgh J. Bot. Vol.76(1) , pp.55-172.","https://doi.org/10.1017/S0960428618000276","CC0 1.0 Universal (CC0 1.0)","Royal Botanic Garden Edinburgh"
"wfo-1000002539","Malaysia: Sarawak, Ulu Sungai Koyan, Bukit Dulit.","Distribution","Argent G. 2019, RIGIOLEPIS AND VACCINIUM (ERICACEAE) IN BORNEO., Edinburgh J. Bot. Vol.76(1) , pp.55-172.","https://doi.org/10.1017/S0960428618000276","CC0 1.0 Universal (CC0 1.0)","Royal Botanic Garden Edinburgh"
"wfo-1200001525","Indonesia: East Kalimantan. Malaysia: Sabah and Sarawak.","Distribution","Argent G. 2019, RIGIOLEPIS AND VACCINIUM (ERICACEAE) IN BORNEO., Edinburgh J. Bot. Vol.76(1) , pp.55-172.","https://doi.org/10.1017/S0960428618000276","CC0 1.0 Universal (CC0 1.0)","Royal Botanic Garden Edinburgh"
"wfo-1200001526","Malaysia: Sarawak, Mount Mulu.","Distribution","Argent G. 2019, RIGIOLEPIS AND VACCINIUM (ERICACEAE) IN BORNEO., Edinburgh J. Bot. Vol.76(1) , pp.55-172.","https://doi.org/10.1017/S0960428618000276","CC0 1.0 Universal (CC0 1.0)","Royal Botanic Garden Edinburgh"
"wfo-1200001527","Malaysia: Sarawak, Mount Murud.","Distribution","Argent G. 2019, RIGIOLEPIS AND VACCINIUM (ERICACEAE) IN BORNEO., Edinburgh J. Bot. Vol.76(1) , pp.55-172.","https://doi.org/10.1017/S0960428618000276","CC0 1.0 Universal (CC0 1.0)","Royal Botanic Garden Edinburgh"
"wfo-1000002540","Malaysia: Sarawak, Gat, Upper Rejang River, Kapit Division, Belaga District, Bukit Dema.","Distribution","Argent G. 2019, RIGIOLEPIS AND VACCINIUM (ERICACEAE) IN BORNEO., Edinburgh J. Bot. Vol.76(1) , pp.55-172.","https://doi.org/10.1017/S0960428618000276","CC0 1.0 Universal (CC0 1.0)","Royal Botanic Garden Edinburgh"
"wfo-0000405583","Malaysia: Sarawak, Kuching Division, Berumput, Mount Poi Range, Mount Serapi (Matang). ","Distribution","Argent G. 2019, RIGIOLEPIS AND VACCINIUM (ERICACEAE) IN BORNEO., Edinburgh J. Bot. Vol.76(1) , pp.55-172.","https://doi.org/10.1017/S0960428618000276","CC0 1.0 Universal (CC0 1.0)","Royal Botanic Garden Edinburgh"
"wfo-0000405535","Indonesia: East Kalimantan, West Kutei, Mount Kemul and Mount Palimasan. Malaysia: Sarawak, Miri Division, Mount Mulu; Batu Lawi. ","Distribution","Argent G. 2019, RIGIOLEPIS AND VACCINIUM (ERICACEAE) IN BORNEO., Edinburgh J. Bot. Vol.76(1) , pp.55-172.","https://doi.org/10.1017/S0960428618000276","CC0 1.0 Universal (CC0 1.0)","Royal Botanic Garden Edinburgh"
"wfo-1000002541","Indonesia: West Kalimantan. Known only from the type collection.","Distribution","Argent G. 2019, RIGIOLEPIS AND VACCINIUM (ERICACEAE) IN BORNEO., Edinburgh J. Bot. Vol.76(1) , pp.55-172.","https://doi.org/10.1017/S0960428618000276","CC0 1.0 Universal (CC0 1.0)","Royal Botanic Garden Edinburgh"
"wfo-0000405574","Indonesia: West Kalimantan. Malaysia: Sarawak.","Distribution","Argent G. 2019, RIGIOLEPIS AND VACCINIUM (ERICACEAE) IN BORNEO., Edinburgh J. Bot. Vol.76(1) , pp.55-172.","https://doi.org/10.1017/S0960428618000276","CC0 1.0 Universal (CC0 1.0)","Royal Botanic Garden Edinburgh"
"wfo-1000002542","Brunei: Belait, Ulu Sungai Ingei. Indonesia:West Kalimantan.Malaysia: Sarawak, Miri Division, Mount Mulu National Park, Melinau terraces. ","Distribution","Argent G. 2019, RIGIOLEPIS AND VACCINIUM (ERICACEAE) IN BORNEO., Edinburgh J. Bot. Vol.76(1) , pp.55-172.","https://doi.org/10.1017/S0960428618000276","CC0 1.0 Universal (CC0 1.0)","Royal Botanic Garden Edinburgh"
"wfo-1200001530","Indonesia: Kalimantan, Central, Amai Ambit. Malaysia: Sarawak, Ulu Sungai Mayeng, Kakus.","Distribution","Argent G. 2019, RIGIOLEPIS AND VACCINIUM (ERICACEAE) IN BORNEO., Edinburgh J. Bot. Vol.76(1) , pp.55-172.","https://doi.org/10.1017/S0960428618000276","CC0 1.0 Universal (CC0 1.0)","Royal Botanic Garden Edinburgh"
"wfo-1200001528","Malaysia: Sarawak,Miri Division, Niah; Baram District, Mount Trekan, Mount Mulu.","Distribution","Argent G. 2019, RIGIOLEPIS AND VACCINIUM (ERICACEAE) IN BORNEO., Edinburgh J. Bot. Vol.76(1) , pp.55-172.","https://doi.org/10.1017/S0960428618000276","CC0 1.0 Universal (CC0 1.0)","Royal Botanic Garden Edinburgh"
"wfo-1200001529","Malaysia: Sarawak.","Distribution","Argent G. 2019, RIGIOLEPIS AND VACCINIUM (ERICACEAE) IN BORNEO., Edinburgh J. Bot. Vol.76(1) , pp.55-172.","https://doi.org/10.1017/S0960428618000276","CC0 1.0 Universal (CC0 1.0)","Royal Botanic Garden Edinburgh"
"wfo-1200001532","Brunei: Mount PagonRidge.Malaysia: Sabah,Mount Kinabalu, Crocker Range, Mount Alab; Sarawak.","Distribution","Argent G. 2019, RIGIOLEPIS AND VACCINIUM (ERICACEAE) IN BORNEO., Edinburgh J. Bot. Vol.76(1) , pp.55-172.","https://doi.org/10.1017/S0960428618000276","CC0 1.0 Universal (CC0 1.0)","Royal Botanic Garden Edinburgh"
"wfo-1200001531","Brunei. Malaysia: Sabah and Sarawak.","Distribution","Argent G. 2019, RIGIOLEPIS AND VACCINIUM (ERICACEAE) IN BORNEO., Edinburgh J. Bot. Vol.76(1) , pp.55-172.","https://doi.org/10.1017/S0960428618000276","CC0 1.0 Universal (CC0 1.0)","Royal Botanic Garden Edinburgh"
"wfo-1000002544","Indonesia: South Kalimantan. Malaysia: Sarawak.","Distribution","Argent G. 2019, RIGIOLEPIS AND VACCINIUM (ERICACEAE) IN BORNEO., Edinburgh J. Bot. Vol.76(1) , pp.55-172.","https://doi.org/10.1017/S0960428618000276","CC0 1.0 Universal (CC0 1.0)","Royal Botanic Garden Edinburgh"
"wfo-1000001733","New Guinea, Central Province, Mount Yule.","Distribution","James S.A. & Argent G. 2017, Rhododendron stanleyi S.James & Argent: A New Rhododendron Species (Ericaceae, Subgenus Vireya) from Papua New Guinea., Edinburgh J. Bot. Vol.74(2) , pp.163-168.","https://doi.org/10.1017/S096042861700004X","CC0 1.0 Universal (CC0 1.0)","Royal Botanic Garden Edinburgh"
"wfo-0001345032","Indonesia, South Kalimantan, Meratus Mts.","Distribution","Wilkie P. & Argent G. 2016, A New Species O F Diplycosia (Ericaceae) From South Kalimantan, Indonesia , Edinburgh J. Bot. Vol.73(1) , pp.139-142.","https://doi.org/10.1017/S0960428615000311","CC0 1.0 Universal (CC0 1.0)","Royal Botanic Garden Edinburgh"
"wfo-0000421979","Philippines, Luzon.","Distribution","Lo C., Madulid & Argent G. 2002, A New Species of Vaccinium (Ericaceae) from the Philippines, Edinburgh J. Bot. Vol.59(3) , pp.373-376.","https://doi.org/10.1017/S0960428602000227","CC0 1.0 Universal (CC0 1.0)","Royal Botanic Garden Edinburgh"
"wfo-0000749193","Philippines, Luzon Island, Aurora Province, Central Sierra Madre Mountains, Mt. Mingan","Distribution","Lo C., Madulid & Argent G. 2002, A New Species of Vaccinium (Ericaceae) from the Philippines, Edinburgh J. Bot. Vol.59(3) , pp.373-376.","https://doi.org/10.1017/S0960428602000227","CC0 1.0 Universal (CC0 1.0)","Royal Botanic Garden Edinburgh"
"wfo-0001342930","Indonesia, SE Sulawesi, Gunung Mekongga, North Kolaka district, Rante Angin subdistrict, Tinukari village.","Distribution","Argent G. & Widjaja E.A. 2015, Diplycosia mekonggaensis (Ericaceae, Gaultherieae), a new species from Sulawesi, Indonesia , Edinburgh J. Bot. Vol.72(2) , pp.239-242.","https://doi.org/10.1017/S0960428615000116","CC0 1.0 Universal (CC0 1.0)","Royal Botanic Garden Edinburgh"
"wfo-1000002558","Papua New Guinea, New Ireland, Namatanai subprovince, Hans Meyer Range, approach ridges to Mt Angil","Distribution","Wilkie P. & Argent G. 2020, Six New Species of Vaccinium (Ericaceae) from New Guinea, Edinburgh J. Bot..","https://doi.org/10.1017/S0960428620000104","CC0 1.0 Universal (CC0 1.0)","Royal Botanic Garden Edinburgh"
"wfo-1000002559","Indonesia, Papua, Kemabu plateau, c.10 km north of Mt Jaya (Carstensz mountains).","Distribution","Wilkie P. & Argent G. 2020, Six New Species of Vaccinium (Ericaceae) from New Guinea, Edinburgh J. Bot..","https://doi.org/10.1017/S0960428620000104","CC0 1.0 Universal (CC0 1.0)","Royal Botanic Garden Edinburgh"
"wfo-0001339673","Indonesia, Province of Papua (West New Guinea), Freeport project area south of Puncak Jaya.","Distribution","Argent G. 2014, Vaccinium utteridgei (Ericaceae), a new species (Sect. Bracteata) from Indonesian New Guinea, Edinburgh J. Bot. Vol.71(2) , pp.189-192.","https://doi.org/10.1017/S0960428614000080","CC0 1.0 Universal (CC0 1.0)","Royal Botanic Garden Edinburgh"
"wfo-1000002583","Indonesia, Papua, Kab. Jayawijawa, Kc. Wamena, near Pabililo village.","Distribution","Argent G. 2014, Vaccinium utteridgei (Ericaceae), a new species (Sect. Bracteata) from Indonesian New Guinea, Edinburgh J. Bot. Vol.71(2) , pp.189-192.","https://doi.org/10.1017/S0960428614000080","CC0 1.0 Universal (CC0 1.0)","Royal Botanic Garden Edinburgh"
"wfo-0000750305","Indonesia, West Sumatra, Mt. Rasam c.10 km south of Lake Diatas.","Distribution","Argent G. 2011, Vaccinium nagamasu (Ericaceae), a new species (Sect. Bracteata) from Sumatra, Indonesdia, Edinburgh J. Bot. Vol.68(3) , pp.419-422.","https://doi.org/10.1017/S0960428611000308","CC0 1.0 Universal (CC0 1.0)","Royal Botanic Garden Edinburgh"
"wfo-1000002563","Indonesia, Papua, Mimika Regency, PT-Freeport Indonesia concession area","Distribution","Wilkie P. & Argent G. 2020, Six New Species of Vaccinium (Ericaceae) from New Guinea, Edinburgh J. Bot..","https://doi.org/10.1017/S0960428620000104","CC0 1.0 Universal (CC0 1.0)","Royal Botanic Garden Edinburgh"
"wfo-1000002561","Papua New Guinea, Milne Bay District, Rabaraba subdivision, Daga, Mt Simpson area, Birat to Nepesip, Waya.","Distribution","Wilkie P. & Argent G. 2020, Six New Species of Vaccinium (Ericaceae) from New Guinea, Edinburgh J. Bot..","https://doi.org/10.1017/S0960428620000104","CC0 1.0 Universal (CC0 1.0)","Royal Botanic Garden Edinburgh"
"wfo-1000002560","Known only from Onim, Mt Giluwe area, in Papua New Guinea.","Distribution","Wilkie P. & Argent G. 2020, Six New Species of Vaccinium (Ericaceae) from New Guinea, Edinburgh J. Bot..","https://doi.org/10.1017/S0960428620000104","CC0 1.0 Universal (CC0 1.0)","Royal Botanic Garden Edinburgh"
"wfo-1200105927","Indonesia, Known only from Bali (Mount Patas, Mount Pala and Eka Karya Botanical Gardens, Bali) and Lombok Island (Mount Rinjani).","Distribution","Mambrasar Y.M., Warseno T., Kuswantoro F. & Arifiani D. 2024, NOTES ON RHODODENDRON (ERICACEAE) FROM BALI, INDONESIA, AND A NEW SUBSPECIES OF RHODODENDRON JAVANICUM., Edinburgh J. Bot. Vol.81 , pp.1-11.","https://doi.org/10.24823/ejb.2024.1962","CC0 1.0 Universal (CC0 1.0)","Royal Botanic Garden Edinburgh"
"wfo-1000049427","Philippines, Dinagat Islands Province, Dinagat Island, Municipality of Loreto, Mt Redondo.","Distribution","Tamayo M.N., Fernando E.S. & Fritsch P.W. 2023, VACCINIUM COARCTATUM (ERICACEAE), AN ULTRAMAFIC-OBLIGATE NEW SPECIES FROM THE DWARF FOREST OF MOUNT REDONDO, DINAGAT ISLAND, PHILIPPINES, Edinburgh J. Bot. Vol.80 , pp.1-12.","https://doi.org/10.24823/EJB.2023.1960","CC0 1.0 Universal (CC0 1.0)","Royal Botanic Garden Edinburgh"
