"id","vernacularName","source","language","type","bibliographicCitation","url"
"wfo-0000580859","umbhaba","40EF8CCE-4069-4E28-B253-87235261F4F0","Swati","vernacular","",""
"wfo-0000962725","umhlonhlo","40EF8CCE-4069-4E28-B253-87235261F4F0","Swati","vernacular","",""
"wfo-0001140847","umwuwane","40EF8CCE-4069-4E28-B253-87235261F4F0","Swati","vernacular","",""
"wfo-0001384767","lukakho","40EF8CCE-4069-4E28-B253-87235261F4F0","Swati","vernacular","",""
"wfo-0000408491","umhonono","40EF8CCE-4069-4E28-B253-87235261F4F0","Swati","vernacular","",""
"wfo-0000796759","umevane","40EF8CCE-4069-4E28-B253-87235261F4F0","Swati","vernacular","",""
"wfo-0000216227","lilala","40EF8CCE-4069-4E28-B253-87235261F4F0","Swati","vernacular","",""
"wfo-0000616388","umphondvotendlovu","40EF8CCE-4069-4E28-B253-87235261F4F0","Swati","vernacular","",""
"wfo-0000653634","libundza","40EF8CCE-4069-4E28-B253-87235261F4F0","Swati","vernacular","",""
"wfo-0001087136","sifubasenkhala","40EF8CCE-4069-4E28-B253-87235261F4F0","Swati","vernacular","",""
"wfo-0000689147","inkhokhokho","40EF8CCE-4069-4E28-B253-87235261F4F0","Swati","vernacular","",""
"wfo-0000829834","umfomfo","40EF8CCE-4069-4E28-B253-87235261F4F0","Swati","vernacular","",""
"wfo-0000471143","lilatsa","D7BFC948-FD4D-4B58-9759-34651AB24C1E","Swati","vernacular","",""
"wfo-0000686013","sicalaba","40EF8CCE-4069-4E28-B253-87235261F4F0","Swati","vernacular","",""
"wfo-0000946481","umhlwakele","40EF8CCE-4069-4E28-B253-87235261F4F0","Swati","vernacular","",""
"wfo-0000503013","umhlala","40EF8CCE-4069-4E28-B253-87235261F4F0","Swati","vernacular","",""
"wfo-0000448927","umbhongozi","40EF8CCE-4069-4E28-B253-87235261F4F0","Swati","vernacular","",""
"wfo-0001140847","umwane","40EF8CCE-4069-4E28-B253-87235261F4F0","Swati","vernacular","",""
"wfo-0000663335","libhungela","40EF8CCE-4069-4E28-B253-87235261F4F0","Swati","vernacular","",""
"wfo-0000688513","inkokhokho","258B417C-CA55-4002-81F7-58F6AE3E92E9","Swati","vernacular","Burrows, JE; Burrows, SM. 2003. Figs of southern and south-central Africa. Umdaus Press, Pretoria. [All rights reserved]",""
"wfo-0000653911","libundza","40EF8CCE-4069-4E28-B253-87235261F4F0","Swati","vernacular","",""
"wfo-0000504062","siphingo","40EF8CCE-4069-4E28-B253-87235261F4F0","Swati","vernacular","",""
"wfo-0000462812","uxaphose","D7BFC948-FD4D-4B58-9759-34651AB24C1E","Swati","vernacular","",""
"wfo-0000653171","iheji","40EF8CCE-4069-4E28-B253-87235261F4F0","Swati","vernacular","",""
"wfo-0001296387","inkukutu","40EF8CCE-4069-4E28-B253-87235261F4F0","Swati","vernacular","",""
"wfo-0000298233","sikoba","40EF8CCE-4069-4E28-B253-87235261F4F0","Swati","vernacular","",""
"wfo-0000958258","ijobe","40EF8CCE-4069-4E28-B253-87235261F4F0","Swati","vernacular","",""
"wfo-0000430319","umlahlabantfu","40EF8CCE-4069-4E28-B253-87235261F4F0","Swati","vernacular","",""
"wfo-0000235844","umncwambo","40EF8CCE-4069-4E28-B253-87235261F4F0","Swati","vernacular","",""
"wfo-0001050175","ndiyaza","40EF8CCE-4069-4E28-B253-87235261F4F0","Swati","vernacular","",""
"wfo-0000194190","ingubuhivomila","91FE4F8A-4D5D-464B-A1E7-C941C5A884FC","Swati","vernacular","",""
"wfo-0000448927","umgucu","D7BFC948-FD4D-4B58-9759-34651AB24C1E","Swati","vernacular","",""
"wfo-0000690599","inkhokhokho","40EF8CCE-4069-4E28-B253-87235261F4F0","Swati","vernacular","",""
"wfo-0000510579","isinga","D7BFC948-FD4D-4B58-9759-34651AB24C1E","Swati","vernacular","",""
"wfo-0000404193","maphipha","40EF8CCE-4069-4E28-B253-87235261F4F0","Swati","vernacular","",""
"wfo-0000818537","sehlulamanya","40EF8CCE-4069-4E28-B253-87235261F4F0","Swati","vernacular","",""
"wfo-0001061587","umfomoti","40EF8CCE-4069-4E28-B253-87235261F4F0","Swati","vernacular","",""
"wfo-0000471143","umlahlabantu","40EF8CCE-4069-4E28-B253-87235261F4F0","Swati","vernacular","",""
"wfo-0000399166","usasatja","40EF8CCE-4069-4E28-B253-87235261F4F0","Swati","vernacular","",""
"wfo-0000183848","inkhambane","40EF8CCE-4069-4E28-B253-87235261F4F0","Swati","vernacular","",""
"wfo-0000448208","meluleka","40EF8CCE-4069-4E28-B253-87235261F4F0","Swati","vernacular","",""
"wfo-0000333129","umkhosikati","40EF8CCE-4069-4E28-B253-87235261F4F0","Swati","vernacular","",""
"wfo-0000946391","umkashwane","40EF8CCE-4069-4E28-B253-87235261F4F0","Swati","vernacular","",""
"wfo-0001256456","sicandzamatje","40EF8CCE-4069-4E28-B253-87235261F4F0","Swati","vernacular","",""
"wfo-0001384767","sibamb'imphala","40EF8CCE-4069-4E28-B253-87235261F4F0","Swati","vernacular","",""
"wfo-0000503013","umkhwakhwa","40EF8CCE-4069-4E28-B253-87235261F4F0","Swati","vernacular","",""
"wfo-0000681077","umdlelanyamatane","40EF8CCE-4069-4E28-B253-87235261F4F0","Swati","vernacular","",""
"wfo-0000648771","umchafutane-lomnyama","40EF8CCE-4069-4E28-B253-87235261F4F0","Swati","vernacular","",""
"wfo-0000932085","mwuluka","40EF8CCE-4069-4E28-B253-87235261F4F0","Swati","vernacular","",""
"wfo-0000593631","uzinhlu","40EF8CCE-4069-4E28-B253-87235261F4F0","Swati","vernacular","",""
"wfo-0001032779","vimhepe","91FE4F8A-4D5D-464B-A1E7-C941C5A884FC","Swati","vernacular","",""
"wfo-0000961480","umhlonhlo","40EF8CCE-4069-4E28-B253-87235261F4F0","Swati","vernacular","",""
"wfo-0000802966","umvusankunzi","40EF8CCE-4069-4E28-B253-87235261F4F0","Swati","vernacular","",""
"wfo-0000986071","umchitsi","40EF8CCE-4069-4E28-B253-87235261F4F0","Swati","vernacular","",""
"wfo-0000574234","umbatancwepe","40EF8CCE-4069-4E28-B253-87235261F4F0","Swati","vernacular","",""
"wfo-0001034643","umhomuhomu","40EF8CCE-4069-4E28-B253-87235261F4F0","Swati","vernacular","",""
"wfo-0000180919","umsinsi","40EF8CCE-4069-4E28-B253-87235261F4F0","Swati","vernacular","",""
"wfo-0000448927","umbongabonga","D7BFC948-FD4D-4B58-9759-34651AB24C1E","Swati","vernacular","",""
"wfo-0000710115","umsiphane","40EF8CCE-4069-4E28-B253-87235261F4F0","Swati","vernacular","",""
"wfo-0000212960","lusololo","40EF8CCE-4069-4E28-B253-87235261F4F0","Swati","vernacular","",""
"wfo-0001049103","umsongo","40EF8CCE-4069-4E28-B253-87235261F4F0","Swati","vernacular","",""
"wfo-0000409480","umhlume","40EF8CCE-4069-4E28-B253-87235261F4F0","Swati","vernacular","",""
"wfo-0000408491","sihhomuhhomu","40EF8CCE-4069-4E28-B253-87235261F4F0","Swati","vernacular","",""
"wfo-0000667385","lisitsa","40EF8CCE-4069-4E28-B253-87235261F4F0","Swati","vernacular","",""
"wfo-0000455614","umdlozana","40EF8CCE-4069-4E28-B253-87235261F4F0","Swati","vernacular","",""
"wfo-0000421441","umhlala-magcwababa","40EF8CCE-4069-4E28-B253-87235261F4F0","Swati","vernacular","",""
"wfo-0000981997","incuze","40EF8CCE-4069-4E28-B253-87235261F4F0","Swati","vernacular","",""
"wfo-0001130999","umneyi","40EF8CCE-4069-4E28-B253-87235261F4F0","Swati","vernacular","",""
"wfo-0000709978","umsiphane","40EF8CCE-4069-4E28-B253-87235261F4F0","Swati","vernacular","",""
"wfo-0000817683","mabulwa","40EF8CCE-4069-4E28-B253-87235261F4F0","Swati","vernacular","",""
"wfo-0000589546","inyandezulu","40EF8CCE-4069-4E28-B253-87235261F4F0","Swati","vernacular","",""
"wfo-0000081175","linyatselo","40EF8CCE-4069-4E28-B253-87235261F4F0","Swati","vernacular","",""
"wfo-0001065914","sititane","40EF8CCE-4069-4E28-B253-87235261F4F0","Swati","vernacular","",""
"wfo-0001081386","umpongamponga","40EF8CCE-4069-4E28-B253-87235261F4F0","Swati","vernacular","",""
"wfo-0000982270","umndebelele","40EF8CCE-4069-4E28-B253-87235261F4F0","Swati","vernacular","",""
"wfo-0000212057","umphendvulo","40EF8CCE-4069-4E28-B253-87235261F4F0","Swati","vernacular","",""
"wfo-0001296387","imbondvo lemnyama","40EF8CCE-4069-4E28-B253-87235261F4F0","Swati","vernacular","",""
"wfo-0001106747","sidlungu","40EF8CCE-4069-4E28-B253-87235261F4F0","Swati","vernacular","",""
"wfo-0000686024","isi-qalaba","D7BFC948-FD4D-4B58-9759-34651AB24C1E","Swati","vernacular","",""
"wfo-0000180886","siphama","40EF8CCE-4069-4E28-B253-87235261F4F0","Swati","vernacular","",""
"wfo-0000369427","umnama","40EF8CCE-4069-4E28-B253-87235261F4F0","Swati","vernacular","",""
"wfo-0000995790","umdumezulu","40EF8CCE-4069-4E28-B253-87235261F4F0","Swati","vernacular","",""
"wfo-0000681081","umdlelanyamatane","40EF8CCE-4069-4E28-B253-87235261F4F0","Swati","vernacular","",""
"wfo-0000904151","sikwakhwane","40EF8CCE-4069-4E28-B253-87235261F4F0","Swati","vernacular","",""
"wfo-0000404193","gcolokhulu","40EF8CCE-4069-4E28-B253-87235261F4F0","Swati","vernacular","",""
"wfo-0000486117","sidlungu","40EF8CCE-4069-4E28-B253-87235261F4F0","Swati","vernacular","",""
"wfo-0000558022","sikhumekele","40EF8CCE-4069-4E28-B253-87235261F4F0","Swati","vernacular","",""
"wfo-0000933604","lincayi","40EF8CCE-4069-4E28-B253-87235261F4F0","Swati","vernacular","",""
"wfo-0000933671","umsenga","40EF8CCE-4069-4E28-B253-87235261F4F0","Swati","vernacular","",""
"wfo-0000688813","umkhiwane","40EF8CCE-4069-4E28-B253-87235261F4F0","Swati","vernacular","",""
"wfo-0001296387","mohudiri","40EF8CCE-4069-4E28-B253-87235261F4F0","Swati","vernacular","",""
"wfo-0000239603","umhlala-mahubhulu","40EF8CCE-4069-4E28-B253-87235261F4F0","Swati","vernacular","",""
"wfo-0000931165","umhuluka","D7BFC948-FD4D-4B58-9759-34651AB24C1E","Swati","vernacular","",""
"wfo-0000489351","amalenyane","91FE4F8A-4D5D-464B-A1E7-C941C5A884FC","Swati","vernacular","",""
"wfo-0001131128","umdidi","40EF8CCE-4069-4E28-B253-87235261F4F0","Swati","vernacular","",""
"wfo-0000306419","umsengembuti","40EF8CCE-4069-4E28-B253-87235261F4F0","Swati","vernacular","",""
"wfo-0000932085","umwuluka","40EF8CCE-4069-4E28-B253-87235261F4F0","Swati","vernacular","",""
"wfo-0000965116","umdvute","40EF8CCE-4069-4E28-B253-87235261F4F0","Swati","vernacular","",""
"wfo-0001284768","umtfolo","40EF8CCE-4069-4E28-B253-87235261F4F0","Swati","vernacular","",""
"wfo-0000418842","umbotane","40EF8CCE-4069-4E28-B253-87235261F4F0","Swati","vernacular","",""
"wfo-0001106747","sicalabane","40EF8CCE-4069-4E28-B253-87235261F4F0","Swati","vernacular","",""
"wfo-0001384772","umnganduzi","40EF8CCE-4069-4E28-B253-87235261F4F0","Swati","vernacular","",""
"wfo-0001336885","lubibi","40EF8CCE-4069-4E28-B253-87235261F4F0","Swati","vernacular","",""
"wfo-0000681136","santinyana","40EF8CCE-4069-4E28-B253-87235261F4F0","Swati","vernacular","",""
"wfo-0000430319","umlahlabantu","40EF8CCE-4069-4E28-B253-87235261F4F0","Swati","vernacular","",""
"wfo-0000710419","inhlazane","40EF8CCE-4069-4E28-B253-87235261F4F0","Swati","vernacular","",""
"wfo-0000667452","lisitsa","40EF8CCE-4069-4E28-B253-87235261F4F0","Swati","vernacular","",""
"wfo-0000510579","isinga","40EF8CCE-4069-4E28-B253-87235261F4F0","Swati","vernacular","",""
"wfo-0000266838","tobamununana","D7BFC948-FD4D-4B58-9759-34651AB24C1E","Swati","vernacular","",""
"wfo-0000589543","sihloko","40EF8CCE-4069-4E28-B253-87235261F4F0","Swati","vernacular","",""
"wfo-0001362694","umgamazi","40EF8CCE-4069-4E28-B253-87235261F4F0","Swati","vernacular","",""
"wfo-0000681132","indvodzemnyama","40EF8CCE-4069-4E28-B253-87235261F4F0","Swati","vernacular","",""
"wfo-0000799101","sidondwane","40EF8CCE-4069-4E28-B253-87235261F4F0","Swati","vernacular","",""
"wfo-0000194865","isi-kabakombe","D7BFC948-FD4D-4B58-9759-34651AB24C1E","Swati","vernacular","",""
"wfo-0000307437","umhlalampunzi","40EF8CCE-4069-4E28-B253-87235261F4F0","Swati","vernacular","",""
"wfo-0000336130","inhlungunyembe","40EF8CCE-4069-4E28-B253-87235261F4F0","Swati","vernacular","",""
"wfo-0000834484","isandletshe","40EF8CCE-4069-4E28-B253-87235261F4F0","Swati","vernacular","",""
"wfo-0000665029","ingwavuma","40EF8CCE-4069-4E28-B253-87235261F4F0","Swati","vernacular","",""
"wfo-0001068162","ikhathaza","D7BFC948-FD4D-4B58-9759-34651AB24C1E","Swati","vernacular","",""
"wfo-0000016339","umphahla","40EF8CCE-4069-4E28-B253-87235261F4F0","Swati","vernacular","",""
"wfo-0000803953","umvusankunzi","40EF8CCE-4069-4E28-B253-87235261F4F0","Swati","vernacular","",""
"wfo-0000216211","luphembetu","40EF8CCE-4069-4E28-B253-87235261F4F0","Swati","vernacular","",""
"wfo-0001132962","umnungwane","40EF8CCE-4069-4E28-B253-87235261F4F0","Swati","vernacular","",""
"wfo-0000713049","sihlangu lesimhlope","40EF8CCE-4069-4E28-B253-87235261F4F0","Swati","vernacular","",""
"wfo-0000589662","umchafutane","40EF8CCE-4069-4E28-B253-87235261F4F0","Swati","vernacular","",""
"wfo-0001336885","khalimela","40EF8CCE-4069-4E28-B253-87235261F4F0","Swati","vernacular","",""
"wfo-0000667437","ligebeleweni","40EF8CCE-4069-4E28-B253-87235261F4F0","Swati","vernacular","",""
"wfo-0001296400","sihhomuhhomu","40EF8CCE-4069-4E28-B253-87235261F4F0","Swati","vernacular","",""
"wfo-0000064319","majaze","D7BFC948-FD4D-4B58-9759-34651AB24C1E","Swati","vernacular","",""
"wfo-0000667385","sijekwane","40EF8CCE-4069-4E28-B253-87235261F4F0","Swati","vernacular","",""
"wfo-0000712998","sihlangu","40EF8CCE-4069-4E28-B253-87235261F4F0","Swati","vernacular","",""
"wfo-0001078556","libota","40EF8CCE-4069-4E28-B253-87235261F4F0","Swati","vernacular","",""
"wfo-0000817789","umnquma","40EF8CCE-4069-4E28-B253-87235261F4F0","Swati","vernacular","",""
"wfo-0001106826","sicalabane","40EF8CCE-4069-4E28-B253-87235261F4F0","Swati","vernacular","",""
"wfo-0001336545","umkhaya","40EF8CCE-4069-4E28-B253-87235261F4F0","Swati","vernacular","",""
"wfo-0000667401","lisitsa","40EF8CCE-4069-4E28-B253-87235261F4F0","Swati","vernacular","",""
"wfo-0000694422","sinyula","40EF8CCE-4069-4E28-B253-87235261F4F0","Swati","vernacular","",""
"wfo-0001050271","imfuce lemhlope","40EF8CCE-4069-4E28-B253-87235261F4F0","Swati","vernacular","",""
"wfo-0000172814","lidlebe-lendlovu","40EF8CCE-4069-4E28-B253-87235261F4F0","Swati","vernacular","",""
"wfo-0000758779","inhlaba","40EF8CCE-4069-4E28-B253-87235261F4F0","Swati","vernacular","",""
"wfo-0000616917","imbondvo lemhlophe","40EF8CCE-4069-4E28-B253-87235261F4F0","Swati","vernacular","",""
"wfo-0001145359","sinwati","40EF8CCE-4069-4E28-B253-87235261F4F0","Swati","vernacular","",""
"wfo-0000319847","umkhahlu","40EF8CCE-4069-4E28-B253-87235261F4F0","Swati","vernacular","",""
"wfo-0000797445","sikhweza","40EF8CCE-4069-4E28-B253-87235261F4F0","Swati","vernacular","",""
"wfo-0000958258","inchitsamuti","40EF8CCE-4069-4E28-B253-87235261F4F0","Swati","vernacular","",""
"wfo-0001110754","inkhomankhoma","40EF8CCE-4069-4E28-B253-87235261F4F0","Swati","vernacular","",""
"wfo-0000919534","santinyana","40EF8CCE-4069-4E28-B253-87235261F4F0","Swati","vernacular","",""
"wfo-0000448927","umbhungubhungu","40EF8CCE-4069-4E28-B253-87235261F4F0","Swati","vernacular","",""
"wfo-0001143523","lusotfo","40EF8CCE-4069-4E28-B253-87235261F4F0","Swati","vernacular","",""
"wfo-0000334552","umbengende","40EF8CCE-4069-4E28-B253-87235261F4F0","Swati","vernacular","",""
"wfo-0001106826","sidlungu","40EF8CCE-4069-4E28-B253-87235261F4F0","Swati","vernacular","",""
"wfo-0001029815","umsobo","D7BFC948-FD4D-4B58-9759-34651AB24C1E","Swati","vernacular","",""
"wfo-0001296387","imbondwe lemhlope","40EF8CCE-4069-4E28-B253-87235261F4F0","Swati","vernacular","",""
"wfo-0000620810","lilovu lelimyana","40EF8CCE-4069-4E28-B253-87235261F4F0","Swati","vernacular","",""
"wfo-0000949110","umnumbela","40EF8CCE-4069-4E28-B253-87235261F4F0","Swati","vernacular","",""
"wfo-0000617304","umnumbi","40EF8CCE-4069-4E28-B253-87235261F4F0","Swati","vernacular","",""
"wfo-0000228924","mutswane","40EF8CCE-4069-4E28-B253-87235261F4F0","Swati","vernacular","",""
"wfo-0000170688","umutwa","D7BFC948-FD4D-4B58-9759-34651AB24C1E","Swati","vernacular","",""
"wfo-0000176231","sitsibane","40EF8CCE-4069-4E28-B253-87235261F4F0","Swati","vernacular","",""
"wfo-0001050175","imfuce","40EF8CCE-4069-4E28-B253-87235261F4F0","Swati","vernacular","",""
"wfo-0000686021","sicalaba","40EF8CCE-4069-4E28-B253-87235261F4F0","Swati","vernacular","",""
"wfo-0000522640","umsonti","40EF8CCE-4069-4E28-B253-87235261F4F0","Swati","vernacular","",""
"wfo-0000244673","umphushana","40EF8CCE-4069-4E28-B253-87235261F4F0","Swati","vernacular","",""
"wfo-0000612730","lihlozi","40EF8CCE-4069-4E28-B253-87235261F4F0","Swati","vernacular","",""
"wfo-0001145364","umbovu","40EF8CCE-4069-4E28-B253-87235261F4F0","Swati","vernacular","",""
"wfo-0000220714","ugcupe","40EF8CCE-4069-4E28-B253-87235261F4F0","Swati","vernacular","",""
"wfo-0000275435","cabhozi","40EF8CCE-4069-4E28-B253-87235261F4F0","Swati","vernacular","",""
"wfo-0001133105","umbotane","40EF8CCE-4069-4E28-B253-87235261F4F0","Swati","vernacular","",""
"wfo-0001336838","umcamba","40EF8CCE-4069-4E28-B253-87235261F4F0","Swati","vernacular","",""
"wfo-0000116602","qoboqobo","D7BFC948-FD4D-4B58-9759-34651AB24C1E","Swati","vernacular","",""
"wfo-0000313535","umtomboti","D7BFC948-FD4D-4B58-9759-34651AB24C1E","Swati","vernacular","",""
"wfo-0000265191","luphehlwane","40EF8CCE-4069-4E28-B253-87235261F4F0","Swati","vernacular","",""
"wfo-0000187396","lugagane","40EF8CCE-4069-4E28-B253-87235261F4F0","Swati","vernacular","",""
"wfo-0000502962","umnonono","40EF8CCE-4069-4E28-B253-87235261F4F0","Swati","vernacular","",""
"wfo-0000170719","vovovo lomncane","40EF8CCE-4069-4E28-B253-87235261F4F0","Swati","vernacular","",""
"wfo-0000649978","santinyana","40EF8CCE-4069-4E28-B253-87235261F4F0","Swati","vernacular","",""
"wfo-0000585223","inkunzibomvu","D7BFC948-FD4D-4B58-9759-34651AB24C1E","Swati","vernacular","",""
"wfo-0000564475","ndiyaza","40EF8CCE-4069-4E28-B253-87235261F4F0","Swati","vernacular","",""
"wfo-0000981997","inkunzi","40EF8CCE-4069-4E28-B253-87235261F4F0","Swati","vernacular","",""
"wfo-0000194865","sikhabamkombo","40EF8CCE-4069-4E28-B253-87235261F4F0","Swati","vernacular","",""
"wfo-0000194826","umhlahle","40EF8CCE-4069-4E28-B253-87235261F4F0","Swati","vernacular","",""
"wfo-0000275435","sihluganiso","40EF8CCE-4069-4E28-B253-87235261F4F0","Swati","vernacular","",""
"wfo-0000428246","umphisi-makhata","40EF8CCE-4069-4E28-B253-87235261F4F0","Swati","vernacular","",""
"wfo-0000653665","umwuwane","40EF8CCE-4069-4E28-B253-87235261F4F0","Swati","vernacular","",""
"wfo-0000336040","sangongongo","40EF8CCE-4069-4E28-B253-87235261F4F0","Swati","vernacular","",""
"wfo-0000687193","inkhokhokho","40EF8CCE-4069-4E28-B253-87235261F4F0","Swati","vernacular","",""
"wfo-0000471143","liletsa","40EF8CCE-4069-4E28-B253-87235261F4F0","Swati","vernacular","",""
"wfo-0000310776","emasematfole","40EF8CCE-4069-4E28-B253-87235261F4F0","Swati","vernacular","",""
"wfo-0001050175","imfuce","D7BFC948-FD4D-4B58-9759-34651AB24C1E","Swati","vernacular","",""
"wfo-0000194865","umkhabamkhombe","40EF8CCE-4069-4E28-B253-87235261F4F0","Swati","vernacular","",""
"wfo-0000184159","lujoyi","40EF8CCE-4069-4E28-B253-87235261F4F0","Swati","vernacular","",""
"wfo-0000616553","inkukutwane","40EF8CCE-4069-4E28-B253-87235261F4F0","Swati","vernacular","",""
"wfo-0001065909","masweti","40EF8CCE-4069-4E28-B253-87235261F4F0","Swati","vernacular","",""
"wfo-0000510279","inhlangushane","40EF8CCE-4069-4E28-B253-87235261F4F0","Swati","vernacular","",""
"wfo-0000184159","li-joyi","91FE4F8A-4D5D-464B-A1E7-C941C5A884FC","Swati","vernacular","",""
"wfo-0000932431","umwuluka","40EF8CCE-4069-4E28-B253-87235261F4F0","Swati","vernacular","",""
"wfo-0000434895","inhlangushane","40EF8CCE-4069-4E28-B253-87235261F4F0","Swati","vernacular","",""
"wfo-0000797428","sitsambo","40EF8CCE-4069-4E28-B253-87235261F4F0","Swati","vernacular","",""
"wfo-0000220714","sinwati","40EF8CCE-4069-4E28-B253-87235261F4F0","Swati","vernacular","",""
"wfo-0000664930","ingulutane","40EF8CCE-4069-4E28-B253-87235261F4F0","Swati","vernacular","",""
"wfo-0001050107","umgwenye","D7BFC948-FD4D-4B58-9759-34651AB24C1E","Swati","vernacular","",""
"wfo-0001074071","pantancosse","40EF8CCE-4069-4E28-B253-87235261F4F0","Swati","vernacular","",""
"wfo-0001141107","umbhaba","40EF8CCE-4069-4E28-B253-87235261F4F0","Swati","vernacular","",""
"wfo-0000617304","umbangandlala","40EF8CCE-4069-4E28-B253-87235261F4F0","Swati","vernacular","",""
"wfo-0000932507","nyakeni","40EF8CCE-4069-4E28-B253-87235261F4F0","Swati","vernacular","",""
"wfo-0001087127","mahlanganisa","40EF8CCE-4069-4E28-B253-87235261F4F0","Swati","vernacular","",""
"wfo-0000457758","umbalakacane","40EF8CCE-4069-4E28-B253-87235261F4F0","Swati","vernacular","",""
"wfo-0000375656","mnogonogo","40EF8CCE-4069-4E28-B253-87235261F4F0","Swati","vernacular","",""
"wfo-0001110754","umkhomo","40EF8CCE-4069-4E28-B253-87235261F4F0","Swati","vernacular","",""
"wfo-0000765659","sikhonkhwane","40EF8CCE-4069-4E28-B253-87235261F4F0","Swati","vernacular","",""
"wfo-0000585223","imphololwane","40EF8CCE-4069-4E28-B253-87235261F4F0","Swati","vernacular","",""
"wfo-0000228924","umsutane","40EF8CCE-4069-4E28-B253-87235261F4F0","Swati","vernacular","",""
"wfo-0000502889","umhlala","40EF8CCE-4069-4E28-B253-87235261F4F0","Swati","vernacular","",""
"wfo-0000510224","inhlangushane","40EF8CCE-4069-4E28-B253-87235261F4F0","Swati","vernacular","",""
"wfo-0000197953","umgcophe","40EF8CCE-4069-4E28-B253-87235261F4F0","Swati","vernacular","",""
"wfo-0000450076","ibonya","D7BFC948-FD4D-4B58-9759-34651AB24C1E","Swati","vernacular","",""
"wfo-0001336885","sitfwetfwe","40EF8CCE-4069-4E28-B253-87235261F4F0","Swati","vernacular","",""
"wfo-0001044667","umzwatsi","40EF8CCE-4069-4E28-B253-87235261F4F0","Swati","vernacular","",""
"wfo-0000331239","umntulwa","40EF8CCE-4069-4E28-B253-87235261F4F0","Swati","vernacular","",""
"wfo-0000628269","umncabe","40EF8CCE-4069-4E28-B253-87235261F4F0","Swati","vernacular","",""
"wfo-0000616388","impondozendhlovu","40EF8CCE-4069-4E28-B253-87235261F4F0","Swati","vernacular","",""
"wfo-0000933681","umsenge","40EF8CCE-4069-4E28-B253-87235261F4F0","Swati","vernacular","",""
"wfo-0000667452","mayiphuku","40EF8CCE-4069-4E28-B253-87235261F4F0","Swati","vernacular","",""
"wfo-0001284771","umkhaya","40EF8CCE-4069-4E28-B253-87235261F4F0","Swati","vernacular","",""
"wfo-0001087121","mahlanganisa","40EF8CCE-4069-4E28-B253-87235261F4F0","Swati","vernacular","",""
"wfo-0000489351","amalenyane","D7BFC948-FD4D-4B58-9759-34651AB24C1E","Swati","vernacular","",""
"wfo-0000069115","livenge","40EF8CCE-4069-4E28-B253-87235261F4F0","Swati","vernacular","",""
"wfo-0000773775","inhlaba","40EF8CCE-4069-4E28-B253-87235261F4F0","Swati","vernacular","",""
"wfo-0000709930","liklolo","40EF8CCE-4069-4E28-B253-87235261F4F0","Swati","vernacular","",""
"wfo-0001383241","inhlangushane","40EF8CCE-4069-4E28-B253-87235261F4F0","Swati","vernacular","",""
"wfo-0000172643","umvangati","40EF8CCE-4069-4E28-B253-87235261F4F0","Swati","vernacular","",""
"wfo-0000197953","licobhe","40EF8CCE-4069-4E28-B253-87235261F4F0","Swati","vernacular","",""
"wfo-0000404193","ligcolo","40EF8CCE-4069-4E28-B253-87235261F4F0","Swati","vernacular","",""
"wfo-0000475736","intfocwane","40EF8CCE-4069-4E28-B253-87235261F4F0","Swati","vernacular","",""
"wfo-0000092298","mila","D7BFC948-FD4D-4B58-9759-34651AB24C1E","Swati","vernacular","",""
"wfo-0000170688","umvovovu","D7BFC948-FD4D-4B58-9759-34651AB24C1E","Swati","vernacular","",""
"wfo-0000331268","siphutse","40EF8CCE-4069-4E28-B253-87235261F4F0","Swati","vernacular","",""
"wfo-0001050315","imfuce","40EF8CCE-4069-4E28-B253-87235261F4F0","Swati","vernacular","",""
"wfo-0000962725","ishupa","40EF8CCE-4069-4E28-B253-87235261F4F0","Swati","vernacular","",""
"wfo-0000069115","sidwata","40EF8CCE-4069-4E28-B253-87235261F4F0","Swati","vernacular","",""
"wfo-0000317622","sitfubi","40EF8CCE-4069-4E28-B253-87235261F4F0","Swati","vernacular","",""
"wfo-0000420112","umbotane","40EF8CCE-4069-4E28-B253-87235261F4F0","Swati","vernacular","",""
"wfo-0000569494","siphiso","40EF8CCE-4069-4E28-B253-87235261F4F0","Swati","vernacular","",""
"wfo-0000741316","umtfundvuluka","40EF8CCE-4069-4E28-B253-87235261F4F0","Swati","vernacular","",""
"wfo-0001065244","ugabavu","40EF8CCE-4069-4E28-B253-87235261F4F0","Swati","vernacular","",""
"wfo-0001335019","inhlaba","40EF8CCE-4069-4E28-B253-87235261F4F0","Swati","vernacular","",""
"wfo-0000212385","umhlonishwa","40EF8CCE-4069-4E28-B253-87235261F4F0","Swati","vernacular","",""
"wfo-0000617424","liminyela","40EF8CCE-4069-4E28-B253-87235261F4F0","Swati","vernacular","",""
"wfo-0000171442","vovovo","40EF8CCE-4069-4E28-B253-87235261F4F0","Swati","vernacular","",""
"wfo-0000919551","umdlelanyamatane-lomk","40EF8CCE-4069-4E28-B253-87235261F4F0","Swati","vernacular","",""
"wfo-0000616388","umphulumbu","40EF8CCE-4069-4E28-B253-87235261F4F0","Swati","vernacular","",""
"wfo-0000616553","imbondvo lemnyama","40EF8CCE-4069-4E28-B253-87235261F4F0","Swati","vernacular","",""
"wfo-0000688513","magnyea","258B417C-CA55-4002-81F7-58F6AE3E92E9","Swati","vernacular","Burrows, JE; Burrows, SM. 2003. Figs of southern and south-central Africa. Umdaus Press, Pretoria. [All rights reserved]",""
"wfo-0000069236","ingabe","91FE4F8A-4D5D-464B-A1E7-C941C5A884FC","Swati","vernacular","",""
"wfo-0001025704","umtfuma","40EF8CCE-4069-4E28-B253-87235261F4F0","Swati","vernacular","",""
"wfo-0000374940","umbatancwephe","40EF8CCE-4069-4E28-B253-87235261F4F0","Swati","vernacular","",""
"wfo-0000690530","umkiwane","91FE4F8A-4D5D-464B-A1E7-C941C5A884FC","Swati","vernacular","",""
"wfo-0000265309","luphehlwane","40EF8CCE-4069-4E28-B253-87235261F4F0","Swati","vernacular","",""
"wfo-0001140847","umbikanyaka","40EF8CCE-4069-4E28-B253-87235261F4F0","Swati","vernacular","",""
"wfo-0000636916","intfocwane","40EF8CCE-4069-4E28-B253-87235261F4F0","Swati","vernacular","",""
"wfo-0000620322","umlovu","40EF8CCE-4069-4E28-B253-87235261F4F0","Swati","vernacular","",""
"wfo-0000912408","indulwane","40EF8CCE-4069-4E28-B253-87235261F4F0","Swati","vernacular","",""
"wfo-0000713049","sihlangu","40EF8CCE-4069-4E28-B253-87235261F4F0","Swati","vernacular","",""
"wfo-0000448784","santinyana","40EF8CCE-4069-4E28-B253-87235261F4F0","Swati","vernacular","",""
"wfo-0000690174","umdlaleni","40EF8CCE-4069-4E28-B253-87235261F4F0","Swati","vernacular","",""
"wfo-0000317343","umhlazazana","40EF8CCE-4069-4E28-B253-87235261F4F0","Swati","vernacular","",""
"wfo-0001145277","umbovu","40EF8CCE-4069-4E28-B253-87235261F4F0","Swati","vernacular","",""
"wfo-0001141109","lumbu","40EF8CCE-4069-4E28-B253-87235261F4F0","Swati","vernacular","",""
"wfo-0000211863","umkholikholi","40EF8CCE-4069-4E28-B253-87235261F4F0","Swati","vernacular","",""
"wfo-0000585223","liphambo","40EF8CCE-4069-4E28-B253-87235261F4F0","Swati","vernacular","",""
"wfo-0000690530","umkiwane","258B417C-CA55-4002-81F7-58F6AE3E92E9","Swati","vernacular","Burrows, JE; Burrows, SM. 2003. Figs of southern and south-central Africa. Umdaus Press, Pretoria. [All rights reserved]",""
"wfo-0001078556","inchitsamuti","40EF8CCE-4069-4E28-B253-87235261F4F0","Swati","vernacular","",""
"wfo-0000564503","ndiyaza","40EF8CCE-4069-4E28-B253-87235261F4F0","Swati","vernacular","",""
"wfo-0000170719","thunzikhulu","40EF8CCE-4069-4E28-B253-87235261F4F0","Swati","vernacular","",""
"wfo-0000667401","sijekwane","40EF8CCE-4069-4E28-B253-87235261F4F0","Swati","vernacular","",""
"wfo-0001384772","umkhambane","40EF8CCE-4069-4E28-B253-87235261F4F0","Swati","vernacular","",""
"wfo-0000745797","sitfwetfwe","40EF8CCE-4069-4E28-B253-87235261F4F0","Swati","vernacular","",""
"wfo-0000714852","umbinta","40EF8CCE-4069-4E28-B253-87235261F4F0","Swati","vernacular","",""
"wfo-0001067120","umdzakane","40EF8CCE-4069-4E28-B253-87235261F4F0","Swati","vernacular","",""
"wfo-0001336832","lubibi","40EF8CCE-4069-4E28-B253-87235261F4F0","Swati","vernacular","",""
"wfo-0000180919","umsisi","40EF8CCE-4069-4E28-B253-87235261F4F0","Swati","vernacular","",""
"wfo-0001336544","lugagane","40EF8CCE-4069-4E28-B253-87235261F4F0","Swati","vernacular","",""
"wfo-0000933657","umsenge","40EF8CCE-4069-4E28-B253-87235261F4F0","Swati","vernacular","",""
"wfo-0000510268","inhlangushane","40EF8CCE-4069-4E28-B253-87235261F4F0","Swati","vernacular","",""
"wfo-0000899604","inanga","40EF8CCE-4069-4E28-B253-87235261F4F0","Swati","vernacular","",""
"wfo-0000212054","umphendvulo","40EF8CCE-4069-4E28-B253-87235261F4F0","Swati","vernacular","",""
"wfo-0001383245","inhlangushane","40EF8CCE-4069-4E28-B253-87235261F4F0","Swati","vernacular","",""
"wfo-0000555358","umnondo","40EF8CCE-4069-4E28-B253-87235261F4F0","Swati","vernacular","",""
"wfo-0000096111","linyatselo","40EF8CCE-4069-4E28-B253-87235261F4F0","Swati","vernacular","",""
"wfo-0000485622","umsontsi","40EF8CCE-4069-4E28-B253-87235261F4F0","Swati","vernacular","",""
"wfo-0000265355","sawoti","40EF8CCE-4069-4E28-B253-87235261F4F0","Swati","vernacular","",""
"wfo-0000318491","umncozi","40EF8CCE-4069-4E28-B253-87235261F4F0","Swati","vernacular","",""
"wfo-0000395793","sehlulamanya","40EF8CCE-4069-4E28-B253-87235261F4F0","Swati","vernacular","",""
"wfo-0000796759","umvutfwamini","40EF8CCE-4069-4E28-B253-87235261F4F0","Swati","vernacular","",""
"wfo-0001087132","mahlanganisa","40EF8CCE-4069-4E28-B253-87235261F4F0","Swati","vernacular","",""
"wfo-0000360303","siganganyane","40EF8CCE-4069-4E28-B253-87235261F4F0","Swati","vernacular","",""
"wfo-0000032879","umphahla","40EF8CCE-4069-4E28-B253-87235261F4F0","Swati","vernacular","",""
"wfo-0000981995","inkunzana","40EF8CCE-4069-4E28-B253-87235261F4F0","Swati","vernacular","",""
"wfo-0000585223","inkunzibovu","40EF8CCE-4069-4E28-B253-87235261F4F0","Swati","vernacular","",""
"wfo-0001365337","umvutfwamini","40EF8CCE-4069-4E28-B253-87235261F4F0","Swati","vernacular","",""
"wfo-0000335945","umphatsankhosi","40EF8CCE-4069-4E28-B253-87235261F4F0","Swati","vernacular","",""
"wfo-0000779504","ikhakhwamba","40EF8CCE-4069-4E28-B253-87235261F4F0","Swati","vernacular","",""
"wfo-0000709929","umsiphane","40EF8CCE-4069-4E28-B253-87235261F4F0","Swati","vernacular","",""
"wfo-0001084929","umkhiwane","40EF8CCE-4069-4E28-B253-87235261F4F0","Swati","vernacular","",""
"wfo-0001140847","nhliziyo","40EF8CCE-4069-4E28-B253-87235261F4F0","Swati","vernacular","",""
"wfo-0001044629","mazabuka","40EF8CCE-4069-4E28-B253-87235261F4F0","Swati","vernacular","",""
"wfo-0001132959","umnungwane","D7BFC948-FD4D-4B58-9759-34651AB24C1E","Swati","vernacular","",""
"wfo-0000182726","umnala","40EF8CCE-4069-4E28-B253-87235261F4F0","Swati","vernacular","",""
"wfo-0000667401","ligebeleweni","40EF8CCE-4069-4E28-B253-87235261F4F0","Swati","vernacular","",""
"wfo-0000895401","umtfongwane","40EF8CCE-4069-4E28-B253-87235261F4F0","Swati","vernacular","",""
"wfo-0000180822","umsinsana","40EF8CCE-4069-4E28-B253-87235261F4F0","Swati","vernacular","",""
"wfo-0000687621","inkhokhokho","40EF8CCE-4069-4E28-B253-87235261F4F0","Swati","vernacular","",""
"wfo-0000486117","sicalabane","40EF8CCE-4069-4E28-B253-87235261F4F0","Swati","vernacular","",""
"wfo-0000694324","sikhwelamfene","40EF8CCE-4069-4E28-B253-87235261F4F0","Swati","vernacular","",""
"wfo-0000712869","sihlangu lesimnyama","40EF8CCE-4069-4E28-B253-87235261F4F0","Swati","vernacular","",""
"wfo-0000616428","imbondvo lemhlophe","40EF8CCE-4069-4E28-B253-87235261F4F0","Swati","vernacular","",""
"wfo-0000295012","umkhamanmasi","40EF8CCE-4069-4E28-B253-87235261F4F0","Swati","vernacular","",""
"wfo-0000484425","silele","91FE4F8A-4D5D-464B-A1E7-C941C5A884FC","Swati","vernacular","",""
"wfo-0001132959","umnungwane","40EF8CCE-4069-4E28-B253-87235261F4F0","Swati","vernacular","",""
"wfo-0000522640","umsontsi","40EF8CCE-4069-4E28-B253-87235261F4F0","Swati","vernacular","",""
"wfo-0001145366","umbovu","40EF8CCE-4069-4E28-B253-87235261F4F0","Swati","vernacular","",""
"wfo-0000313535","umtfombotsi","40EF8CCE-4069-4E28-B253-87235261F4F0","Swati","vernacular","",""
"wfo-0000116602","qoboqobo","91FE4F8A-4D5D-464B-A1E7-C941C5A884FC","Swati","vernacular","",""
"wfo-0001130999","sineyi","40EF8CCE-4069-4E28-B253-87235261F4F0","Swati","vernacular","",""
"wfo-0001383246","inhlangushane","40EF8CCE-4069-4E28-B253-87235261F4F0","Swati","vernacular","",""
"wfo-0001336832","sitfwetfwe","40EF8CCE-4069-4E28-B253-87235261F4F0","Swati","vernacular","",""
"wfo-0001050107","umgwenya","40EF8CCE-4069-4E28-B253-87235261F4F0","Swati","vernacular","",""
"wfo-0000663623","inyamati","D7BFC948-FD4D-4B58-9759-34651AB24C1E","Swati","vernacular","",""
"wfo-0000261812","umgungununu","40EF8CCE-4069-4E28-B253-87235261F4F0","Swati","vernacular","",""
"wfo-0000313535","umthombotsi","D7BFC948-FD4D-4B58-9759-34651AB24C1E","Swati","vernacular","",""
"wfo-0000616365","umphulumbu","40EF8CCE-4069-4E28-B253-87235261F4F0","Swati","vernacular","",""
"wfo-0000590815","umlomo-mnadzi","40EF8CCE-4069-4E28-B253-87235261F4F0","Swati","vernacular","",""
"wfo-0000687680","umkhiwane","40EF8CCE-4069-4E28-B253-87235261F4F0","Swati","vernacular","",""
"wfo-0000235844","uncwambi","40EF8CCE-4069-4E28-B253-87235261F4F0","Swati","vernacular","",""
"wfo-0001384772","umnganduzi","91FE4F8A-4D5D-464B-A1E7-C941C5A884FC","Swati","vernacular","",""
"wfo-0000421441","umhlala-mahubhulu","40EF8CCE-4069-4E28-B253-87235261F4F0","Swati","vernacular","",""
"wfo-0000318679","umncozi","40EF8CCE-4069-4E28-B253-87235261F4F0","Swati","vernacular","",""
"wfo-0000502992","umphatsankhosi","40EF8CCE-4069-4E28-B253-87235261F4F0","Swati","vernacular","",""
"wfo-0000502962","umnonono","D7BFC948-FD4D-4B58-9759-34651AB24C1E","Swati","vernacular","",""
"wfo-0000327190","indulwane","40EF8CCE-4069-4E28-B253-87235261F4F0","Swati","vernacular","",""
"wfo-0001074071","umphatsankhosi lomnyama","40EF8CCE-4069-4E28-B253-87235261F4F0","Swati","vernacular","",""
"wfo-0001134276","umpheme","40EF8CCE-4069-4E28-B253-87235261F4F0","Swati","vernacular","",""
"wfo-0000681132","umdlelanyamatane","40EF8CCE-4069-4E28-B253-87235261F4F0","Swati","vernacular","",""
"wfo-0000336099","litsambo-lenja","40EF8CCE-4069-4E28-B253-87235261F4F0","Swati","vernacular","",""
"wfo-0000797428","inkunzi","40EF8CCE-4069-4E28-B253-87235261F4F0","Swati","vernacular","",""
"wfo-0000510579","umdongolo","D7BFC948-FD4D-4B58-9759-34651AB24C1E","Swati","vernacular","",""
"wfo-0000962362","umhlonhlo","40EF8CCE-4069-4E28-B253-87235261F4F0","Swati","vernacular","",""
"wfo-0000321572","liphunga","40EF8CCE-4069-4E28-B253-87235261F4F0","Swati","vernacular","",""
"wfo-0000649333","umtoma","40EF8CCE-4069-4E28-B253-87235261F4F0","Swati","vernacular","",""
"wfo-0000681077","indvodzemnyama","40EF8CCE-4069-4E28-B253-87235261F4F0","Swati","vernacular","",""
"wfo-0000933604","um-poyi","D7BFC948-FD4D-4B58-9759-34651AB24C1E","Swati","vernacular","",""
"wfo-0000395793","lishasha","40EF8CCE-4069-4E28-B253-87235261F4F0","Swati","vernacular","",""
"wfo-0000925175","umnyazuma","40EF8CCE-4069-4E28-B253-87235261F4F0","Swati","vernacular","",""
"wfo-0000180886","umgcwabagcwaba","40EF8CCE-4069-4E28-B253-87235261F4F0","Swati","vernacular","",""
"wfo-0000668004","intfocwane","40EF8CCE-4069-4E28-B253-87235261F4F0","Swati","vernacular","",""
"wfo-0000244673","umphushane","40EF8CCE-4069-4E28-B253-87235261F4F0","Swati","vernacular","",""
"wfo-0000564475","sindiyandiya","40EF8CCE-4069-4E28-B253-87235261F4F0","Swati","vernacular","",""
"wfo-0001296400","umangwe","40EF8CCE-4069-4E28-B253-87235261F4F0","Swati","vernacular","",""
"wfo-0000961599","umdletshana","D7BFC948-FD4D-4B58-9759-34651AB24C1E","Swati","vernacular","",""
"wfo-0000972131","umbesa","40EF8CCE-4069-4E28-B253-87235261F4F0","Swati","vernacular","",""
"wfo-0001296400","umhonono","40EF8CCE-4069-4E28-B253-87235261F4F0","Swati","vernacular","",""
"wfo-0000686024","sicalaba","40EF8CCE-4069-4E28-B253-87235261F4F0","Swati","vernacular","",""
"wfo-0000608455","umjono","40EF8CCE-4069-4E28-B253-87235261F4F0","Swati","vernacular","",""
"wfo-0000690434","inkhokhokho","40EF8CCE-4069-4E28-B253-87235261F4F0","Swati","vernacular","",""
"wfo-0000688513","inkhokhokho tentsaba","40EF8CCE-4069-4E28-B253-87235261F4F0","Swati","vernacular","",""
"wfo-0000221471","litsambo-lenja","40EF8CCE-4069-4E28-B253-87235261F4F0","Swati","vernacular","",""
"wfo-0000824473","sikhwakhwane","40EF8CCE-4069-4E28-B253-87235261F4F0","Swati","vernacular","",""
"wfo-0001076680","ivivane","91FE4F8A-4D5D-464B-A1E7-C941C5A884FC","Swati","vernacular","",""
"wfo-0000510579","singa","40EF8CCE-4069-4E28-B253-87235261F4F0","Swati","vernacular","",""
"wfo-0000487907","umfusamvu","40EF8CCE-4069-4E28-B253-87235261F4F0","Swati","vernacular","",""
"wfo-0000757866","imbovane","40EF8CCE-4069-4E28-B253-87235261F4F0","Swati","vernacular","",""
"wfo-0000309756","umhlepha","40EF8CCE-4069-4E28-B253-87235261F4F0","Swati","vernacular","",""
"wfo-0000710419","lidlebe-lembila","40EF8CCE-4069-4E28-B253-87235261F4F0","Swati","vernacular","",""
"wfo-0000235926","umncwambo","40EF8CCE-4069-4E28-B253-87235261F4F0","Swati","vernacular","",""
"wfo-0000667437","sijekwane","40EF8CCE-4069-4E28-B253-87235261F4F0","Swati","vernacular","",""
"wfo-0000460040","inyenye","40EF8CCE-4069-4E28-B253-87235261F4F0","Swati","vernacular","",""
"wfo-0000916754","umphehlacwatsi","40EF8CCE-4069-4E28-B253-87235261F4F0","Swati","vernacular","",""
"wfo-0000616274","umdvubu","40EF8CCE-4069-4E28-B253-87235261F4F0","Swati","vernacular","",""
"wfo-0000679804","umneyana","40EF8CCE-4069-4E28-B253-87235261F4F0","Swati","vernacular","",""
"wfo-0000616428","umdvubu","40EF8CCE-4069-4E28-B253-87235261F4F0","Swati","vernacular","",""
"wfo-0000448927","magucu","40EF8CCE-4069-4E28-B253-87235261F4F0","Swati","vernacular","",""
"wfo-0000113312","litfolonja","40EF8CCE-4069-4E28-B253-87235261F4F0","Swati","vernacular","",""
"wfo-0000265371","simunyane","40EF8CCE-4069-4E28-B253-87235261F4F0","Swati","vernacular","",""
"wfo-0000416616","umbabazane","91FE4F8A-4D5D-464B-A1E7-C941C5A884FC","Swati","vernacular","",""
"wfo-0000616365","isihlalavane","40EF8CCE-4069-4E28-B253-87235261F4F0","Swati","vernacular","",""
"wfo-0000912238","umasinda","40EF8CCE-4069-4E28-B253-87235261F4F0","Swati","vernacular","",""
"wfo-0000574231","umgceba","40EF8CCE-4069-4E28-B253-87235261F4F0","Swati","vernacular","",""
"wfo-0000510579","kalimela","D7BFC948-FD4D-4B58-9759-34651AB24C1E","Swati","vernacular","",""
"wfo-0000709772","umsiphane","40EF8CCE-4069-4E28-B253-87235261F4F0","Swati","vernacular","",""
"wfo-0000648771","umchafutane","40EF8CCE-4069-4E28-B253-87235261F4F0","Swati","vernacular","",""
"wfo-0000682147","mahlosana","40EF8CCE-4069-4E28-B253-87235261F4F0","Swati","vernacular","",""
"wfo-0000172643","umvangatsi","40EF8CCE-4069-4E28-B253-87235261F4F0","Swati","vernacular","",""
"wfo-0001336838","umgamba","40EF8CCE-4069-4E28-B253-87235261F4F0","Swati","vernacular","",""
"wfo-0000797971","umvutfwamini","40EF8CCE-4069-4E28-B253-87235261F4F0","Swati","vernacular","",""
"wfo-0000331269","umntulwa","40EF8CCE-4069-4E28-B253-87235261F4F0","Swati","vernacular","",""
"wfo-0000170688","vovovo","40EF8CCE-4069-4E28-B253-87235261F4F0","Swati","vernacular","",""
"wfo-0001132959","umhlabanyoni","40EF8CCE-4069-4E28-B253-87235261F4F0","Swati","vernacular","",""
"wfo-0000434901","inhlangushane","40EF8CCE-4069-4E28-B253-87235261F4F0","Swati","vernacular","",""
"wfo-0000569494","ingwavuma-lensikati","40EF8CCE-4069-4E28-B253-87235261F4F0","Swati","vernacular","",""
"wfo-0000530515","imbuyo","91FE4F8A-4D5D-464B-A1E7-C941C5A884FC","Swati","vernacular","",""
"wfo-0000269796","lisundvu","40EF8CCE-4069-4E28-B253-87235261F4F0","Swati","vernacular","",""
"wfo-0000212048","umhohlo","40EF8CCE-4069-4E28-B253-87235261F4F0","Swati","vernacular","",""
"wfo-0000434886","inhlangushane","40EF8CCE-4069-4E28-B253-87235261F4F0","Swati","vernacular","",""
"wfo-0001029815","umsobo","91FE4F8A-4D5D-464B-A1E7-C941C5A884FC","Swati","vernacular","",""
"wfo-0000933604","ili-ncayi","D7BFC948-FD4D-4B58-9759-34651AB24C1E","Swati","vernacular","",""
"wfo-0000919552","umdlelanyamatane-lomk","40EF8CCE-4069-4E28-B253-87235261F4F0","Swati","vernacular","",""
"wfo-0000919551","umdlelanyamatane","40EF8CCE-4069-4E28-B253-87235261F4F0","Swati","vernacular","",""
"wfo-0000667437","lisitsa","40EF8CCE-4069-4E28-B253-87235261F4F0","Swati","vernacular","",""
"wfo-0000164430","lilyanyoka","91FE4F8A-4D5D-464B-A1E7-C941C5A884FC","Swati","vernacular","",""
"wfo-0000961599","sidletjana","40EF8CCE-4069-4E28-B253-87235261F4F0","Swati","vernacular","",""
"wfo-0000610433","nyokana","91FE4F8A-4D5D-464B-A1E7-C941C5A884FC","Swati","vernacular","",""
"wfo-0000681081","umdlelanyamatane-lomk","40EF8CCE-4069-4E28-B253-87235261F4F0","Swati","vernacular","",""
"wfo-0001296387","umbondomyana","40EF8CCE-4069-4E28-B253-87235261F4F0","Swati","vernacular","",""
"wfo-0000485622","umsonti","40EF8CCE-4069-4E28-B253-87235261F4F0","Swati","vernacular","",""
"wfo-0000965159","umhlonhlo","40EF8CCE-4069-4E28-B253-87235261F4F0","Swati","vernacular","",""
"wfo-0000448927","umbohlobohlo","D7BFC948-FD4D-4B58-9759-34651AB24C1E","Swati","vernacular","",""
"wfo-0001081386","sichobochobo","40EF8CCE-4069-4E28-B253-87235261F4F0","Swati","vernacular","",""
"wfo-0000709808","liklolo","40EF8CCE-4069-4E28-B253-87235261F4F0","Swati","vernacular","",""
"wfo-0000487907","umvusamvu","40EF8CCE-4069-4E28-B253-87235261F4F0","Swati","vernacular","",""
"wfo-0000933670","umsenge","40EF8CCE-4069-4E28-B253-87235261F4F0","Swati","vernacular","",""
"wfo-0000333403","umkhosikati","40EF8CCE-4069-4E28-B253-87235261F4F0","Swati","vernacular","",""
"wfo-0000570073","luchwimi","40EF8CCE-4069-4E28-B253-87235261F4F0","Swati","vernacular","",""
"wfo-0001421121","um-xele","91FE4F8A-4D5D-464B-A1E7-C941C5A884FC","Swati","vernacular","",""
"wfo-0000797418","siphofane","40EF8CCE-4069-4E28-B253-87235261F4F0","Swati","vernacular","",""
"wfo-0001384772","inkhambane","40EF8CCE-4069-4E28-B253-87235261F4F0","Swati","vernacular","",""
"wfo-0000817789","umnquma","D7BFC948-FD4D-4B58-9759-34651AB24C1E","Swati","vernacular","",""
"wfo-0000171442","thunzikhulu","40EF8CCE-4069-4E28-B253-87235261F4F0","Swati","vernacular","",""
"wfo-0000628012","umncabe","40EF8CCE-4069-4E28-B253-87235261F4F0","Swati","vernacular","",""
"wfo-0001087121","sifubasenkhala","40EF8CCE-4069-4E28-B253-87235261F4F0","Swati","vernacular","",""
"wfo-0000183848","umtfololwane","40EF8CCE-4069-4E28-B253-87235261F4F0","Swati","vernacular","",""
"wfo-0001292621","umboyi","40EF8CCE-4069-4E28-B253-87235261F4F0","Swati","vernacular","",""
"wfo-0000616927","imbondvo lemhlophe","40EF8CCE-4069-4E28-B253-87235261F4F0","Swati","vernacular","",""
"wfo-0000288190","umvutfwamini","40EF8CCE-4069-4E28-B253-87235261F4F0","Swati","vernacular","",""
"wfo-0000616365","sihlalavane","40EF8CCE-4069-4E28-B253-87235261F4F0","Swati","vernacular","",""
"wfo-0000949109","umnumbela","40EF8CCE-4069-4E28-B253-87235261F4F0","Swati","vernacular","",""
"wfo-0000710420","umwatsawatsa","40EF8CCE-4069-4E28-B253-87235261F4F0","Swati","vernacular","",""
"wfo-0001065914","masweti","40EF8CCE-4069-4E28-B253-87235261F4F0","Swati","vernacular","",""
"wfo-0000972676","umsimbitsi","40EF8CCE-4069-4E28-B253-87235261F4F0","Swati","vernacular","",""
"wfo-0001062878","umholompunzi","40EF8CCE-4069-4E28-B253-87235261F4F0","Swati","vernacular","",""
"wfo-0000244755","umphushana","40EF8CCE-4069-4E28-B253-87235261F4F0","Swati","vernacular","",""
"wfo-0000667407","ligebeleweni","40EF8CCE-4069-4E28-B253-87235261F4F0","Swati","vernacular","",""
"wfo-0000925154","umnyazuma","40EF8CCE-4069-4E28-B253-87235261F4F0","Swati","vernacular","",""
"wfo-0000399166","umbatancwephe","40EF8CCE-4069-4E28-B253-87235261F4F0","Swati","vernacular","",""
"wfo-0001421773","indlenyatsi","40EF8CCE-4069-4E28-B253-87235261F4F0","Swati","vernacular","",""
"wfo-0000690174","indhlaleni","258B417C-CA55-4002-81F7-58F6AE3E92E9","Swati","vernacular","Burrows, JE; Burrows, SM. 2003. Figs of southern and south-central Africa. Umdaus Press, Pretoria. [All rights reserved]",""
"wfo-0000608455","imbiza","40EF8CCE-4069-4E28-B253-87235261F4F0","Swati","vernacular","",""
"wfo-0000971218","umvalasangweni","40EF8CCE-4069-4E28-B253-87235261F4F0","Swati","vernacular","",""
"wfo-0000667396","sjekwane","40EF8CCE-4069-4E28-B253-87235261F4F0","Swati","vernacular","",""
"wfo-0000561880","inkhamango","40EF8CCE-4069-4E28-B253-87235261F4F0","Swati","vernacular","",""
"wfo-0000170688","thunzikhulu","40EF8CCE-4069-4E28-B253-87235261F4F0","Swati","vernacular","",""
"wfo-0001292633","sehlulamanya","40EF8CCE-4069-4E28-B253-87235261F4F0","Swati","vernacular","",""
"wfo-0000448164","uleti","40EF8CCE-4069-4E28-B253-87235261F4F0","Swati","vernacular","",""
"wfo-0001284778","umhlafutfwa","40EF8CCE-4069-4E28-B253-87235261F4F0","Swati","vernacular","",""
"wfo-0000116602","ligcebe lelimhlophe","40EF8CCE-4069-4E28-B253-87235261F4F0","Swati","vernacular","",""
"wfo-0000663640","magwedla","40EF8CCE-4069-4E28-B253-87235261F4F0","Swati","vernacular","",""
"wfo-0001065930","umtelemba","40EF8CCE-4069-4E28-B253-87235261F4F0","Swati","vernacular","",""
"wfo-0000616274","imbondvo lemhlope","40EF8CCE-4069-4E28-B253-87235261F4F0","Swati","vernacular","",""
"wfo-0000282738","sidadada","40EF8CCE-4069-4E28-B253-87235261F4F0","Swati","vernacular","",""
"wfo-0000758850","inhlaba","40EF8CCE-4069-4E28-B253-87235261F4F0","Swati","vernacular","",""
"wfo-0000117460","isibaha","D7BFC948-FD4D-4B58-9759-34651AB24C1E","Swati","vernacular","",""
"wfo-0001141109","sibhosa","40EF8CCE-4069-4E28-B253-87235261F4F0","Swati","vernacular","",""
"wfo-0000931165","umwuluka","40EF8CCE-4069-4E28-B253-87235261F4F0","Swati","vernacular","",""
"wfo-0000686013","sisefo","40EF8CCE-4069-4E28-B253-87235261F4F0","Swati","vernacular","",""
"wfo-0001050347","imfuce lemnyama","40EF8CCE-4069-4E28-B253-87235261F4F0","Swati","vernacular","",""
"wfo-0000331268","umphatsankhosi","40EF8CCE-4069-4E28-B253-87235261F4F0","Swati","vernacular","",""
"wfo-0000295012","umfomamasi","40EF8CCE-4069-4E28-B253-87235261F4F0","Swati","vernacular","",""
"wfo-0000667401","mayiphuku","40EF8CCE-4069-4E28-B253-87235261F4F0","Swati","vernacular","",""
"wfo-0000710420","inhlazane","40EF8CCE-4069-4E28-B253-87235261F4F0","Swati","vernacular","",""
"wfo-0000265355","simunyane","40EF8CCE-4069-4E28-B253-87235261F4F0","Swati","vernacular","",""
"wfo-0000244755","umphushane","40EF8CCE-4069-4E28-B253-87235261F4F0","Swati","vernacular","",""
"wfo-0000265470","umdlezi","40EF8CCE-4069-4E28-B253-87235261F4F0","Swati","vernacular","",""
"wfo-0000471663","umtsatse","40EF8CCE-4069-4E28-B253-87235261F4F0","Swati","vernacular","",""
"wfo-0000663623","isitshelete","D7BFC948-FD4D-4B58-9759-34651AB24C1E","Swati","vernacular","",""
"wfo-0000115501","lomhlo-pe","91FE4F8A-4D5D-464B-A1E7-C941C5A884FC","Swati","vernacular","",""
"wfo-0000318727","umncozi","40EF8CCE-4069-4E28-B253-87235261F4F0","Swati","vernacular","",""
"wfo-0000919551","indvodzemnyama","40EF8CCE-4069-4E28-B253-87235261F4F0","Swati","vernacular","",""
"wfo-0000212960","kisololo","91FE4F8A-4D5D-464B-A1E7-C941C5A884FC","Swati","vernacular","",""
"wfo-0000427579","sibhaha","40EF8CCE-4069-4E28-B253-87235261F4F0","Swati","vernacular","",""
"wfo-0000593393","umvumvu","40EF8CCE-4069-4E28-B253-87235261F4F0","Swati","vernacular","",""
"wfo-0000003890","umphahla","40EF8CCE-4069-4E28-B253-87235261F4F0","Swati","vernacular","",""
"wfo-0000298219","sikhokho","40EF8CCE-4069-4E28-B253-87235261F4F0","Swati","vernacular","",""
"wfo-0001050145","umgabunkhomo","40EF8CCE-4069-4E28-B253-87235261F4F0","Swati","vernacular","",""
"wfo-0000336536","inhlungunyembe","40EF8CCE-4069-4E28-B253-87235261F4F0","Swati","vernacular","",""
"wfo-0000319847","umkhamamasi","40EF8CCE-4069-4E28-B253-87235261F4F0","Swati","vernacular","",""
"wfo-0000298156","umbozwa","40EF8CCE-4069-4E28-B253-87235261F4F0","Swati","vernacular","",""
"wfo-0000196032","ligowane","40EF8CCE-4069-4E28-B253-87235261F4F0","Swati","vernacular","",""
"wfo-0001078556","Litota","E6DA2A49-E70F-4B82-A410-822E35D12F08","Swati","vernacular","",""
"wfo-0000972676","bukhunkhu","40EF8CCE-4069-4E28-B253-87235261F4F0","Swati","vernacular","",""
"wfo-0000310776","emaselitfole","40EF8CCE-4069-4E28-B253-87235261F4F0","Swati","vernacular","",""
"wfo-0000265844","sawoti","40EF8CCE-4069-4E28-B253-87235261F4F0","Swati","vernacular","",""
"wfo-0000686021","sisefo","40EF8CCE-4069-4E28-B253-87235261F4F0","Swati","vernacular","",""
"wfo-0000585223","inkhokhola","40EF8CCE-4069-4E28-B253-87235261F4F0","Swati","vernacular","",""
"wfo-0000679826","umneyana","40EF8CCE-4069-4E28-B253-87235261F4F0","Swati","vernacular","",""
"wfo-0001284768","lugagane","40EF8CCE-4069-4E28-B253-87235261F4F0","Swati","vernacular","",""
"wfo-0000388245","umbulunyati","40EF8CCE-4069-4E28-B253-87235261F4F0","Swati","vernacular","",""
"wfo-0000538477","umhobohobo","40EF8CCE-4069-4E28-B253-87235261F4F0","Swati","vernacular","",""
"wfo-0001087314","umtfundvuluka","40EF8CCE-4069-4E28-B253-87235261F4F0","Swati","vernacular","",""
"wfo-0000430319","umphafa","40EF8CCE-4069-4E28-B253-87235261F4F0","Swati","vernacular","",""
"wfo-0001284778","umkhanyakudze","40EF8CCE-4069-4E28-B253-87235261F4F0","Swati","vernacular","",""
"wfo-0001134987","iutwile","40EF8CCE-4069-4E28-B253-87235261F4F0","Swati","vernacular","",""
"wfo-0000390274","umshamphunzana","40EF8CCE-4069-4E28-B253-87235261F4F0","Swati","vernacular","",""
"wfo-0000663623","umnyamatsi","40EF8CCE-4069-4E28-B253-87235261F4F0","Swati","vernacular","",""
"wfo-0000526644","inhlangushane","40EF8CCE-4069-4E28-B253-87235261F4F0","Swati","vernacular","",""
"wfo-0001362694","umgamba","40EF8CCE-4069-4E28-B253-87235261F4F0","Swati","vernacular","",""
"wfo-0001078556","liBota","E6DA2A49-E70F-4B82-A410-822E35D12F08","Swati","vernacular","",""
"wfo-0000933604","isi-nwati","D7BFC948-FD4D-4B58-9759-34651AB24C1E","Swati","vernacular","",""
"wfo-0000616542","umhlalanyosi","40EF8CCE-4069-4E28-B253-87235261F4F0","Swati","vernacular","",""
"wfo-0000032879","ligcebe","40EF8CCE-4069-4E28-B253-87235261F4F0","Swati","vernacular","",""
"wfo-0000667385","gebel'eweni","40EF8CCE-4069-4E28-B253-87235261F4F0","Swati","vernacular","",""
"wfo-0000688513","inkhokhokho","40EF8CCE-4069-4E28-B253-87235261F4F0","Swati","vernacular","",""
"wfo-0001284778","mdlavuze","40EF8CCE-4069-4E28-B253-87235261F4F0","Swati","vernacular","",""
"wfo-0000617384","liminyela","40EF8CCE-4069-4E28-B253-87235261F4F0","Swati","vernacular","",""
"wfo-0000599138","umbambangwe","40EF8CCE-4069-4E28-B253-87235261F4F0","Swati","vernacular","",""
"wfo-0000187086","sivangatane","40EF8CCE-4069-4E28-B253-87235261F4F0","Swati","vernacular","",""
"wfo-0000817789","umncuma","40EF8CCE-4069-4E28-B253-87235261F4F0","Swati","vernacular","",""
"wfo-0000194826","umkhanku","40EF8CCE-4069-4E28-B253-87235261F4F0","Swati","vernacular","",""
"wfo-0000187478","lusekwane","40EF8CCE-4069-4E28-B253-87235261F4F0","Swati","vernacular","",""
"wfo-0000212960","isololo","40EF8CCE-4069-4E28-B253-87235261F4F0","Swati","vernacular","",""
"wfo-0000448208","maluleka","40EF8CCE-4069-4E28-B253-87235261F4F0","Swati","vernacular","",""
"wfo-0000665029","ngcotfo","40EF8CCE-4069-4E28-B253-87235261F4F0","Swati","vernacular","",""
"wfo-0000686024","sisefo","40EF8CCE-4069-4E28-B253-87235261F4F0","Swati","vernacular","",""
"wfo-0000600897","umbikicane","91FE4F8A-4D5D-464B-A1E7-C941C5A884FC","Swati","vernacular","",""
"wfo-0000713037","ingcenane","40EF8CCE-4069-4E28-B253-87235261F4F0","Swati","vernacular","",""
"wfo-0001087136","mahlanganisa","40EF8CCE-4069-4E28-B253-87235261F4F0","Swati","vernacular","",""
"wfo-0001365671","inhlaba","40EF8CCE-4069-4E28-B253-87235261F4F0","Swati","vernacular","",""
"wfo-0000919552","umdlelanyamatane","40EF8CCE-4069-4E28-B253-87235261F4F0","Swati","vernacular","",""
"wfo-0000667452","sijekwane","40EF8CCE-4069-4E28-B253-87235261F4F0","Swati","vernacular","",""
"wfo-0000694011","umdvubu","40EF8CCE-4069-4E28-B253-87235261F4F0","Swati","vernacular","",""
"wfo-0000949110","umtjongane","40EF8CCE-4069-4E28-B253-87235261F4F0","Swati","vernacular","",""
"wfo-0000817683","umkhuna","40EF8CCE-4069-4E28-B253-87235261F4F0","Swati","vernacular","",""
"wfo-0001034643","sihhomuhhomu","40EF8CCE-4069-4E28-B253-87235261F4F0","Swati","vernacular","",""
"wfo-0000616388","ummono","40EF8CCE-4069-4E28-B253-87235261F4F0","Swati","vernacular","",""
"wfo-0000941771","umsongo","40EF8CCE-4069-4E28-B253-87235261F4F0","Swati","vernacular","",""
"wfo-0000223367","inkobe","D7BFC948-FD4D-4B58-9759-34651AB24C1E","Swati","vernacular","",""
"wfo-0000933671","umsenge","40EF8CCE-4069-4E28-B253-87235261F4F0","Swati","vernacular","",""
"wfo-0000448784","umqanca","40EF8CCE-4069-4E28-B253-87235261F4F0","Swati","vernacular","",""
"wfo-0000714852","libinda","40EF8CCE-4069-4E28-B253-87235261F4F0","Swati","vernacular","",""
"wfo-0000457758","ligololentsaki","40EF8CCE-4069-4E28-B253-87235261F4F0","Swati","vernacular","",""
"wfo-0000916754","umphehlavatsi","40EF8CCE-4069-4E28-B253-87235261F4F0","Swati","vernacular","",""
"wfo-0000763757","sisila-semphala","40EF8CCE-4069-4E28-B253-87235261F4F0","Swati","vernacular","",""
"wfo-0000712869","isihlangu","D7BFC948-FD4D-4B58-9759-34651AB24C1E","Swati","vernacular","",""
"wfo-0001143523","lutiya","40EF8CCE-4069-4E28-B253-87235261F4F0","Swati","vernacular","",""
"wfo-0000690530","umkhiwane","40EF8CCE-4069-4E28-B253-87235261F4F0","Swati","vernacular","",""
"wfo-0000447606","imfenyana","D7BFC948-FD4D-4B58-9759-34651AB24C1E","Swati","vernacular","",""
"wfo-0000690174","umkhiwane","40EF8CCE-4069-4E28-B253-87235261F4F0","Swati","vernacular","",""
"wfo-0000667437","mayiphuku","40EF8CCE-4069-4E28-B253-87235261F4F0","Swati","vernacular","",""
"wfo-0001062869","siklalu","40EF8CCE-4069-4E28-B253-87235261F4F0","Swati","vernacular","",""
"wfo-0001050175","umhlangoti","D7BFC948-FD4D-4B58-9759-34651AB24C1E","Swati","vernacular","",""
"wfo-0001078556","libota","D7BFC948-FD4D-4B58-9759-34651AB24C1E","Swati","vernacular","",""
"wfo-0001087132","sifubasenkhala","40EF8CCE-4069-4E28-B253-87235261F4F0","Swati","vernacular","",""
"wfo-0000487907","sibhaha-senkhangala","40EF8CCE-4069-4E28-B253-87235261F4F0","Swati","vernacular","",""
"wfo-0000617285","liminyela","40EF8CCE-4069-4E28-B253-87235261F4F0","Swati","vernacular","",""
"wfo-0001227815","umbotane","40EF8CCE-4069-4E28-B253-87235261F4F0","Swati","vernacular","",""
"wfo-0000510306","inhlangushane","40EF8CCE-4069-4E28-B253-87235261F4F0","Swati","vernacular","",""
"wfo-0000688813","inkhiwane","40EF8CCE-4069-4E28-B253-87235261F4F0","Swati","vernacular","",""
"wfo-0000181142","umnala","40EF8CCE-4069-4E28-B253-87235261F4F0","Swati","vernacular","",""
"wfo-0000617527","umnumbi","40EF8CCE-4069-4E28-B253-87235261F4F0","Swati","vernacular","",""
"wfo-0000667385","mayiphuku","40EF8CCE-4069-4E28-B253-87235261F4F0","Swati","vernacular","",""
"wfo-0000778884","umvongotsi","40EF8CCE-4069-4E28-B253-87235261F4F0","Swati","vernacular","",""
"wfo-0000833255","gobho","D7BFC948-FD4D-4B58-9759-34651AB24C1E","Siswati","vernacular","",""
"wfo-0001078556","inchitsamuti","D7BFC948-FD4D-4B58-9759-34651AB24C1E","Siswati","vernacular","",""
"wfo-0000454466","mphunyuka","D7BFC948-FD4D-4B58-9759-34651AB24C1E","Siswati","vernacular","",""
"wfo-0000734854","ndvwendvwni","D7BFC948-FD4D-4B58-9759-34651AB24C1E","Siswati","vernacular","",""
"wfo-0000489351","emayenjane","D7BFC948-FD4D-4B58-9759-34651AB24C1E","Siswati","vernacular","",""
"wfo-0001068162","inkatsankatsa","D7BFC948-FD4D-4B58-9759-34651AB24C1E","Siswati","vernacular","",""
"wfo-0001284778","mdlavuze","D7BFC948-FD4D-4B58-9759-34651AB24C1E","Siswati","vernacular","",""
"wfo-0000585223","liphambo","D7BFC948-FD4D-4B58-9759-34651AB24C1E","Siswati","vernacular","",""
"wfo-0000686024","sicalaba","D7BFC948-FD4D-4B58-9759-34651AB24C1E","Siswati","vernacular","",""
"wfo-0000616428","imbondvo-lemhlophe","D7BFC948-FD4D-4B58-9759-34651AB24C1E","Siswati","vernacular","",""
"wfo-0001068162","likhatsato","D7BFC948-FD4D-4B58-9759-34651AB24C1E","Siswati","vernacular","",""
"wfo-0000797428","inkunzi","D7BFC948-FD4D-4B58-9759-34651AB24C1E","Siswati","vernacular","",""
"wfo-0000404193","gcolokhulu","D7BFC948-FD4D-4B58-9759-34651AB24C1E","Siswati","vernacular","",""
"wfo-0000447606","vuka","D7BFC948-FD4D-4B58-9759-34651AB24C1E","Siswati","vernacular","",""
"wfo-0000430934","tililo","D7BFC948-FD4D-4B58-9759-34651AB24C1E","Siswati","vernacular","",""
"wfo-0000471143","liletsa","D7BFC948-FD4D-4B58-9759-34651AB24C1E","Siswati","vernacular","",""
"wfo-0000789349","phayimashimane","D7BFC948-FD4D-4B58-9759-34651AB24C1E","Siswati","vernacular","",""
"wfo-0000817789","umncuma","D7BFC948-FD4D-4B58-9759-34651AB24C1E","Siswati","vernacular","",""
"wfo-0000734854","limbita-yebantfwana","D7BFC948-FD4D-4B58-9759-34651AB24C1E","Siswati","vernacular","",""
"wfo-0000616274","umdvubu","D7BFC948-FD4D-4B58-9759-34651AB24C1E","Siswati","vernacular","",""
"wfo-0000395793","sehlulamanya","D7BFC948-FD4D-4B58-9759-34651AB24C1E","Siswati","vernacular","",""
"wfo-0000321572","liphunga","D7BFC948-FD4D-4B58-9759-34651AB24C1E","Siswati","vernacular","",""
"wfo-0001050107","umgwenya","D7BFC948-FD4D-4B58-9759-34651AB24C1E","Siswati","vernacular","",""
"wfo-0000616274","imbondvo-lemhlophe","D7BFC948-FD4D-4B58-9759-34651AB24C1E","Siswati","vernacular","",""
"wfo-0000374940","umbatancwephe","D7BFC948-FD4D-4B58-9759-34651AB24C1E","Siswati","vernacular","",""
"wfo-0000170688","thunzikhulu","D7BFC948-FD4D-4B58-9759-34651AB24C1E","Siswati","vernacular","",""
"wfo-0000295012","umfomamasi","D7BFC948-FD4D-4B58-9759-34651AB24C1E","Siswati","vernacular","",""
"wfo-0001132962","umnungwane","D7BFC948-FD4D-4B58-9759-34651AB24C1E","Siswati","vernacular","",""
"wfo-0000390519","ndiyaza","D7BFC948-FD4D-4B58-9759-34651AB24C1E","Siswati","vernacular","",""
"wfo-0000178713","umphitsi","D7BFC948-FD4D-4B58-9759-34651AB24C1E","Siswati","vernacular","",""
"wfo-0000170688","vovovo","D7BFC948-FD4D-4B58-9759-34651AB24C1E","Siswati","vernacular","",""
"wfo-0000266838","umgwamiso","D7BFC948-FD4D-4B58-9759-34651AB24C1E","Siswati","vernacular","",""
"wfo-0001078556","libota","D7BFC948-FD4D-4B58-9759-34651AB24C1E","Siswati","vernacular","",""
"wfo-0000395793","lishasha","D7BFC948-FD4D-4B58-9759-34651AB24C1E","Siswati","vernacular","",""
"wfo-0001050175","ndiyaza","D7BFC948-FD4D-4B58-9759-34651AB24C1E","Siswati","vernacular","",""
"wfo-0000404193","maphipha","D7BFC948-FD4D-4B58-9759-34651AB24C1E","Siswati","vernacular","",""
"wfo-0000761937","siphahluka","D7BFC948-FD4D-4B58-9759-34651AB24C1E","Siswati","vernacular","",""
"wfo-0000665029","ingwavuma","D7BFC948-FD4D-4B58-9759-34651AB24C1E","Siswati","vernacular","",""
"wfo-0000194865","umkhabamkhombe","D7BFC948-FD4D-4B58-9759-34651AB24C1E","Siswati","vernacular","",""
"wfo-0000510224","inhlangushane","D7BFC948-FD4D-4B58-9759-34651AB24C1E","Siswati","vernacular","",""
"wfo-0000663623","umnyamatsi","D7BFC948-FD4D-4B58-9759-34651AB24C1E","Siswati","vernacular","",""
"wfo-0000665029","ngcotfo","D7BFC948-FD4D-4B58-9759-34651AB24C1E","Siswati","vernacular","",""
"wfo-0000961599","sidletjana","D7BFC948-FD4D-4B58-9759-34651AB24C1E","Siswati","vernacular","",""
"wfo-0000421441","umhlala-mahubhulu","D7BFC948-FD4D-4B58-9759-34651AB24C1E","Siswati","vernacular","",""
"wfo-0000194826","umhlahle","D7BFC948-FD4D-4B58-9759-34651AB24C1E","Siswati","vernacular","",""
"wfo-0000223367","bukhwebeletane","D7BFC948-FD4D-4B58-9759-34651AB24C1E","Siswati","vernacular","",""
"wfo-0000761937","incumbe","D7BFC948-FD4D-4B58-9759-34651AB24C1E","Siswati","vernacular","",""
"wfo-0000648977","siphiphabantfwana","D7BFC948-FD4D-4B58-9759-34651AB24C1E","Siswati","vernacular","",""
"wfo-0000313535","umtfombotsi","D7BFC948-FD4D-4B58-9759-34651AB24C1E","Siswati","vernacular","",""
"wfo-0001029815","umsobo","D7BFC948-FD4D-4B58-9759-34651AB24C1E","Siswati","vernacular","",""
"wfo-0000616428","umdvubu","D7BFC948-FD4D-4B58-9759-34651AB24C1E","Siswati","vernacular","",""
"wfo-0001284778","umkhanyakudze","D7BFC948-FD4D-4B58-9759-34651AB24C1E","Siswati","vernacular","",""
"wfo-0000336130","inhlungunyembe","D7BFC948-FD4D-4B58-9759-34651AB24C1E","Siswati","vernacular","",""
"wfo-0001132959","umnungwane","D7BFC948-FD4D-4B58-9759-34651AB24C1E","Siswati","vernacular","",""
"wfo-0000085440","linyatselo","D7BFC948-FD4D-4B58-9759-34651AB24C1E","Siswati","vernacular","",""
"wfo-0000510579","singa","D7BFC948-FD4D-4B58-9759-34651AB24C1E","Siswati","vernacular","",""
"wfo-0000564475","sindiyandiya","D7BFC948-FD4D-4B58-9759-34651AB24C1E","Siswati","vernacular","",""
