"id","description","type","source","language","identifier","bibliographicCitation","url"
"wfo-0000001363","In Africa Capensi ad Clanwilliam.","Distribution","3C609137-5AFE-438F-A390-00D49EFC2ABF","Latin","3C609137-5AFE-438F-A390-00D49EFC2ABF","De Candolle, AP. 1837. Prodromus systematis naturalis regni vegetabilis, sive, enumeratio contracta ordinum generum specierumque plantarum huc usque cognitarium, juxta methodi naturalis, normas digesta, Vol. 6. Treuttel & Würtz, Paris. [https://www.biodiversitylibrary.org/item/7155#page/5/mode/1up] [All rights reserved]","https://www.biodiversitylibrary.org/item/7155#page/5/mode/1up"
"wfo-0000002075","Ad Cap. Bonae-Spei circà urbem.","Distribution","3C609137-5AFE-438F-A390-00D49EFC2ABF","Latin","3C609137-5AFE-438F-A390-00D49EFC2ABF","De Candolle, AP. 1837. Prodromus systematis naturalis regni vegetabilis, sive, enumeratio contracta ordinum generum specierumque plantarum huc usque cognitarium, juxta methodi naturalis, normas digesta, Vol. 6. Treuttel & Würtz, Paris. [https://www.biodiversitylibrary.org/item/7155#page/5/mode/1up] [All rights reserved]","https://www.biodiversitylibrary.org/item/7155#page/5/mode/1up"
"wfo-0000015451","In Africa Capensi ad Stellenbosch.","Distribution","3C609137-5AFE-438F-A390-00D49EFC2ABF","Latin","3C609137-5AFE-438F-A390-00D49EFC2ABF","De Candolle, AP. 1837. Prodromus systematis naturalis regni vegetabilis, sive, enumeratio contracta ordinum generum specierumque plantarum huc usque cognitarium, juxta methodi naturalis, normas digesta, Vol. 6. Treuttel & Würtz, Paris. [https://www.biodiversitylibrary.org/item/7155#page/5/mode/1up] [All rights reserved]","https://www.biodiversitylibrary.org/item/7155#page/5/mode/1up"
"wfo-0000018482","Ad Algoa-bay.","Distribution","3C609137-5AFE-438F-A390-00D49EFC2ABF","Latin","3C609137-5AFE-438F-A390-00D49EFC2ABF","De Candolle, AP. 1837. Prodromus systematis naturalis regni vegetabilis, sive, enumeratio contracta ordinum generum specierumque plantarum huc usque cognitarium, juxta methodi naturalis, normas digesta, Vol. 6. Treuttel & Würtz, Paris. [https://www.biodiversitylibrary.org/item/7155#page/5/mode/1up] [All rights reserved]","https://www.biodiversitylibrary.org/item/7155#page/5/mode/1up"
"wfo-0000016523","Ad Cap. Bonae-Spei in coloniae distr. Oriental.","Distribution","3C609137-5AFE-438F-A390-00D49EFC2ABF","Latin","3C609137-5AFE-438F-A390-00D49EFC2ABF","De Candolle, AP. 1837. Prodromus systematis naturalis regni vegetabilis, sive, enumeratio contracta ordinum generum specierumque plantarum huc usque cognitarium, juxta methodi naturalis, normas digesta, Vol. 6. Treuttel & Würtz, Paris. [https://www.biodiversitylibrary.org/item/7155#page/5/mode/1up] [All rights reserved]","https://www.biodiversitylibrary.org/item/7155#page/5/mode/1up"
"wfo-0000021682","Ad Cap. Bonae-Spei ut vid. frequeus.","Distribution","3C609137-5AFE-438F-A390-00D49EFC2ABF","Latin","3C609137-5AFE-438F-A390-00D49EFC2ABF","De Candolle, AP. 1837. Prodromus systematis naturalis regni vegetabilis, sive, enumeratio contracta ordinum generum specierumque plantarum huc usque cognitarium, juxta methodi naturalis, normas digesta, Vol. 6. Treuttel & Würtz, Paris. [https://www.biodiversitylibrary.org/item/7155#page/5/mode/1up] [All rights reserved]","https://www.biodiversitylibrary.org/item/7155#page/5/mode/1up"
"wfo-0000026166","In regione austro-occidentali.","Distribution","F33F91AF-63C5-47DC-82ED-20D7F1D87BB1","Latin","F33F91AF-63C5-47DC-82ED-20D7F1D87BB1","Schlechter, FRR. 1899. Plantae Schlechterianae novae vel minus cognitae describuntur. II. Bot. Jahrb. Syst. 27: 86-220. [https://www.biodiversitylibrary.org/item/687#page/92/mode/1up] [All rights reserved]","https://www.biodiversitylibrary.org/item/687#page/92/mode/1up"
"wfo-0000026827","In Africa. austr. ad flum. Vanstaades et Gamtos.","Distribution","3C609137-5AFE-438F-A390-00D49EFC2ABF","Latin","3C609137-5AFE-438F-A390-00D49EFC2ABF","De Candolle, AP. 1837. Prodromus systematis naturalis regni vegetabilis, sive, enumeratio contracta ordinum generum specierumque plantarum huc usque cognitarium, juxta methodi naturalis, normas digesta, Vol. 6. Treuttel & Würtz, Paris. [https://www.biodiversitylibrary.org/item/7155#page/5/mode/1up] [All rights reserved]","https://www.biodiversitylibrary.org/item/7155#page/5/mode/1up"
"wfo-0000026227","Cap. Bonae-Spei.","Distribution","3C609137-5AFE-438F-A390-00D49EFC2ABF","Latin","3C609137-5AFE-438F-A390-00D49EFC2ABF","De Candolle, AP. 1837. Prodromus systematis naturalis regni vegetabilis, sive, enumeratio contracta ordinum generum specierumque plantarum huc usque cognitarium, juxta methodi naturalis, normas digesta, Vol. 6. Treuttel & Würtz, Paris. [https://www.biodiversitylibrary.org/item/7155#page/5/mode/1up] [All rights reserved]","https://www.biodiversitylibrary.org/item/7155#page/5/mode/1up"
"wfo-0000041376","Natal: In saxos. mont. Insiowa.","Distribution","E0B4BFBB-6790-4015-9B62-00415BCCFB9E","Latin","E0B4BFBB-6790-4015-9B62-00415BCCFB9E","Schinz, H; Hackel, E; Heimerl, A; Klatt, FW; Gurke, RLAM; Cogniaux, ALF. 1896. Beiträge zur kenntnis der Afrikanischen flora (neue folge) V. Bull. Herb. Boissier 4(12): 809-846. [https://www.biodiversitylibrary.org/item/104951#page/867/mode/1up] [All rights reserved]","https://www.biodiversitylibrary.org/item/104951#page/867/mode/1up"
"wfo-0000043335","? in Africa Capensi ad Zwartebergen.","Distribution","3C609137-5AFE-438F-A390-00D49EFC2ABF","Latin","3C609137-5AFE-438F-A390-00D49EFC2ABF","De Candolle, AP. 1837. Prodromus systematis naturalis regni vegetabilis, sive, enumeratio contracta ordinum generum specierumque plantarum huc usque cognitarium, juxta methodi naturalis, normas digesta, Vol. 6. Treuttel & Würtz, Paris. [https://www.biodiversitylibrary.org/item/7155#page/5/mode/1up] [All rights reserved]","https://www.biodiversitylibrary.org/item/7155#page/5/mode/1up"
"wfo-0000037628","In Africa Capensi ad Olifants-rivier.","Distribution","3C609137-5AFE-438F-A390-00D49EFC2ABF","Latin","3C609137-5AFE-438F-A390-00D49EFC2ABF","De Candolle, AP. 1837. Prodromus systematis naturalis regni vegetabilis, sive, enumeratio contracta ordinum generum specierumque plantarum huc usque cognitarium, juxta methodi naturalis, normas digesta, Vol. 6. Treuttel & Würtz, Paris. [https://www.biodiversitylibrary.org/item/7155#page/5/mode/1up] [All rights reserved]","https://www.biodiversitylibrary.org/item/7155#page/5/mode/1up"
"wfo-0000042267","In Africa Capensi ad Zeederbergen.","Distribution","3C609137-5AFE-438F-A390-00D49EFC2ABF","Latin","3C609137-5AFE-438F-A390-00D49EFC2ABF","De Candolle, AP. 1837. Prodromus systematis naturalis regni vegetabilis, sive, enumeratio contracta ordinum generum specierumque plantarum huc usque cognitarium, juxta methodi naturalis, normas digesta, Vol. 6. Treuttel & Würtz, Paris. [https://www.biodiversitylibrary.org/item/7155#page/5/mode/1up] [All rights reserved]","https://www.biodiversitylibrary.org/item/7155#page/5/mode/1up"
"wfo-0000063616","Habitat ad Cap. B Spei.","Distribution","C1B6A0F7-D086-4A73-BCB9-40D8FD85E6E1","Latin","C1B6A0F7-D086-4A73-BCB9-40D8FD85E6E1","Linnaeus (Linné), C von. 1767. Mantissa Plantarum. Generum editionis VI et specierum editionis II, Vol. 1. Laurentii Salvii, Holmiae. [https://www.biodiversitylibrary.org/item/151919#page/5/mode/1up] [All rights reserved]","https://www.biodiversitylibrary.org/item/151919#page/5/mode/1up"
"wfo-0000069156","Crescit ad Promontorium bonae Spei.","Distribution","21220AEC-49F4-48CC-A365-F6B5737BE0A1","Latin","21220AEC-49F4-48CC-A365-F6B5737BE0A1","Von Jacquin, NJ. 1797. Plantarum Rariorum Horti Caesarei Schoenbrunnensis Descriptiones et Icones, Vol. 2. C. F. Wappler, Viennae. [https://www.biodiversitylibrary.org/item/7666#page/6/mode/1up] [All rights reserved]","https://www.biodiversitylibrary.org/item/7666#page/6/mode/1up"
"wfo-0000073862","Ad Cap. Bonae-Spei, in regionibus Transgariepinis, prope Litakun.","Distribution","3C609137-5AFE-438F-A390-00D49EFC2ABF","Latin","3C609137-5AFE-438F-A390-00D49EFC2ABF","De Candolle, AP. 1837. Prodromus systematis naturalis regni vegetabilis, sive, enumeratio contracta ordinum generum specierumque plantarum huc usque cognitarium, juxta methodi naturalis, normas digesta, Vol. 6. Treuttel & Würtz, Paris. [https://www.biodiversitylibrary.org/item/7155#page/5/mode/1up] [All rights reserved]","https://www.biodiversitylibrary.org/item/7155#page/5/mode/1up"
"wfo-0000067625","In Africa australi ad Willbergen.","Distribution","3C609137-5AFE-438F-A390-00D49EFC2ABF","Latin","3C609137-5AFE-438F-A390-00D49EFC2ABF","De Candolle, AP. 1837. Prodromus systematis naturalis regni vegetabilis, sive, enumeratio contracta ordinum generum specierumque plantarum huc usque cognitarium, juxta methodi naturalis, normas digesta, Vol. 6. Treuttel & Würtz, Paris. [https://www.biodiversitylibrary.org/item/7155#page/5/mode/1up] [All rights reserved]","https://www.biodiversitylibrary.org/item/7155#page/5/mode/1up"
"wfo-0000076836","Ad Worcester.","Distribution","3C609137-5AFE-438F-A390-00D49EFC2ABF","Latin","3C609137-5AFE-438F-A390-00D49EFC2ABF","De Candolle, AP. 1837. Prodromus systematis naturalis regni vegetabilis, sive, enumeratio contracta ordinum generum specierumque plantarum huc usque cognitarium, juxta methodi naturalis, normas digesta, Vol. 6. Treuttel & Würtz, Paris. [https://www.biodiversitylibrary.org/item/7155#page/5/mode/1up] [All rights reserved]","https://www.biodiversitylibrary.org/item/7155#page/5/mode/1up"
"wfo-0000077432","Cap. Bonae-Spei in distr. coloniae orient.","Distribution","3C609137-5AFE-438F-A390-00D49EFC2ABF","Latin","3C609137-5AFE-438F-A390-00D49EFC2ABF","De Candolle, AP. 1837. Prodromus systematis naturalis regni vegetabilis, sive, enumeratio contracta ordinum generum specierumque plantarum huc usque cognitarium, juxta methodi naturalis, normas digesta, Vol. 6. Treuttel & Würtz, Paris. [https://www.biodiversitylibrary.org/item/7155#page/5/mode/1up] [All rights reserved]","https://www.biodiversitylibrary.org/item/7155#page/5/mode/1up"
"wfo-0000080859","In Africa australi ad Paarlberg.","Distribution","3C609137-5AFE-438F-A390-00D49EFC2ABF","Latin","3C609137-5AFE-438F-A390-00D49EFC2ABF","De Candolle, AP. 1837. Prodromus systematis naturalis regni vegetabilis, sive, enumeratio contracta ordinum generum specierumque plantarum huc usque cognitarium, juxta methodi naturalis, normas digesta, Vol. 6. Treuttel & Würtz, Paris. [https://www.biodiversitylibrary.org/item/7155#page/5/mode/1up] [All rights reserved]","https://www.biodiversitylibrary.org/item/7155#page/5/mode/1up"
"wfo-0000072957","In Africae Capensis distr. Albany.","Distribution","3C609137-5AFE-438F-A390-00D49EFC2ABF","Latin","3C609137-5AFE-438F-A390-00D49EFC2ABF","De Candolle, AP. 1837. Prodromus systematis naturalis regni vegetabilis, sive, enumeratio contracta ordinum generum specierumque plantarum huc usque cognitarium, juxta methodi naturalis, normas digesta, Vol. 6. Treuttel & Würtz, Paris. [https://www.biodiversitylibrary.org/item/7155#page/5/mode/1up] [All rights reserved]","https://www.biodiversitylibrary.org/item/7155#page/5/mode/1up"
"wfo-0000073783","Ad Drakenstensberg.","Distribution","3C609137-5AFE-438F-A390-00D49EFC2ABF","Latin","3C609137-5AFE-438F-A390-00D49EFC2ABF","De Candolle, AP. 1837. Prodromus systematis naturalis regni vegetabilis, sive, enumeratio contracta ordinum generum specierumque plantarum huc usque cognitarium, juxta methodi naturalis, normas digesta, Vol. 6. Treuttel & Würtz, Paris. [https://www.biodiversitylibrary.org/item/7155#page/5/mode/1up] [All rights reserved]","https://www.biodiversitylibrary.org/item/7155#page/5/mode/1up"
"wfo-0000076599","In Africa Capensi ad Graaf-Reynet.","Distribution","3C609137-5AFE-438F-A390-00D49EFC2ABF","Latin","3C609137-5AFE-438F-A390-00D49EFC2ABF","De Candolle, AP. 1837. Prodromus systematis naturalis regni vegetabilis, sive, enumeratio contracta ordinum generum specierumque plantarum huc usque cognitarium, juxta methodi naturalis, normas digesta, Vol. 6. Treuttel & Würtz, Paris. [https://www.biodiversitylibrary.org/item/7155#page/5/mode/1up] [All rights reserved]","https://www.biodiversitylibrary.org/item/7155#page/5/mode/1up"
"wfo-0000079194","Ex Promontorio bonae Spei.","Distribution","21220AEC-49F4-48CC-A365-F6B5737BE0A1","Latin","21220AEC-49F4-48CC-A365-F6B5737BE0A1","Von Jacquin, NJ. 1797. Plantarum Rariorum Horti Caesarei Schoenbrunnensis Descriptiones et Icones, Vol. 2. C. F. Wappler, Viennae. [https://www.biodiversitylibrary.org/item/7666#page/6/mode/1up] [All rights reserved]","https://www.biodiversitylibrary.org/item/7666#page/6/mode/1up"
"wfo-0000090316","Crescit ad Promontorium bonae Spei.","Distribution","FB0DAF90-A6CA-4D86-8D6F-3A1ABD99C4DA","Latin","FB0DAF90-A6CA-4D86-8D6F-3A1ABD99C4DA","Von Jacquin, NJ. 1798. Plantarum Rariorum Horti Caesarei Schoenbrunnensis Descriptiones et Icones, Vol. 3 [All rights reserved]",""
"wfo-0000096390","Ad Cap. Bonae-Spei, inter flumina Zack et Gariep.","Distribution","3C609137-5AFE-438F-A390-00D49EFC2ABF","Latin","3C609137-5AFE-438F-A390-00D49EFC2ABF","De Candolle, AP. 1837. Prodromus systematis naturalis regni vegetabilis, sive, enumeratio contracta ordinum generum specierumque plantarum huc usque cognitarium, juxta methodi naturalis, normas digesta, Vol. 6. Treuttel & Würtz, Paris. [https://www.biodiversitylibrary.org/item/7155#page/5/mode/1up] [All rights reserved]","https://www.biodiversitylibrary.org/item/7155#page/5/mode/1up"
"wfo-0000096753","In Africa australi ad Zeeurebergen.","Distribution","3C609137-5AFE-438F-A390-00D49EFC2ABF","Latin","3C609137-5AFE-438F-A390-00D49EFC2ABF","De Candolle, AP. 1837. Prodromus systematis naturalis regni vegetabilis, sive, enumeratio contracta ordinum generum specierumque plantarum huc usque cognitarium, juxta methodi naturalis, normas digesta, Vol. 6. Treuttel & Würtz, Paris. [https://www.biodiversitylibrary.org/item/7155#page/5/mode/1up] [All rights reserved]","https://www.biodiversitylibrary.org/item/7155#page/5/mode/1up"
"wfo-0000107150","Ad Cap. Bonae-Spei.","Distribution","3C609137-5AFE-438F-A390-00D49EFC2ABF","Latin","3C609137-5AFE-438F-A390-00D49EFC2ABF","De Candolle, AP. 1837. Prodromus systematis naturalis regni vegetabilis, sive, enumeratio contracta ordinum generum specierumque plantarum huc usque cognitarium, juxta methodi naturalis, normas digesta, Vol. 6. Treuttel & Würtz, Paris. [https://www.biodiversitylibrary.org/item/7155#page/5/mode/1up] [All rights reserved]","https://www.biodiversitylibrary.org/item/7155#page/5/mode/1up"
"wfo-0000120088","Ex Promontorio bonae Spei.","Distribution","21220AEC-49F4-48CC-A365-F6B5737BE0A1","Latin","21220AEC-49F4-48CC-A365-F6B5737BE0A1","Von Jacquin, NJ. 1797. Plantarum Rariorum Horti Caesarei Schoenbrunnensis Descriptiones et Icones, Vol. 2. C. F. Wappler, Viennae. [https://www.biodiversitylibrary.org/item/7666#page/6/mode/1up] [All rights reserved]","https://www.biodiversitylibrary.org/item/7666#page/6/mode/1up"
"wfo-0000123633","In Africa Capensi ad Zwellendam.","Distribution","3C609137-5AFE-438F-A390-00D49EFC2ABF","Latin","3C609137-5AFE-438F-A390-00D49EFC2ABF","De Candolle, AP. 1837. Prodromus systematis naturalis regni vegetabilis, sive, enumeratio contracta ordinum generum specierumque plantarum huc usque cognitarium, juxta methodi naturalis, normas digesta, Vol. 6. Treuttel & Würtz, Paris. [https://www.biodiversitylibrary.org/item/7155#page/5/mode/1up] [All rights reserved]","https://www.biodiversitylibrary.org/item/7155#page/5/mode/1up"
"wfo-0000120124","In Africa Capensi ad Zwartebergen.","Distribution","3C609137-5AFE-438F-A390-00D49EFC2ABF","Latin","3C609137-5AFE-438F-A390-00D49EFC2ABF","De Candolle, AP. 1837. Prodromus systematis naturalis regni vegetabilis, sive, enumeratio contracta ordinum generum specierumque plantarum huc usque cognitarium, juxta methodi naturalis, normas digesta, Vol. 6. Treuttel & Würtz, Paris. [https://www.biodiversitylibrary.org/item/7155#page/5/mode/1up] [All rights reserved]","https://www.biodiversitylibrary.org/item/7155#page/5/mode/1up"
"wfo-0000131741","Ad Zwellendam in collibus.","Distribution","3C609137-5AFE-438F-A390-00D49EFC2ABF","Latin","3C609137-5AFE-438F-A390-00D49EFC2ABF","De Candolle, AP. 1837. Prodromus systematis naturalis regni vegetabilis, sive, enumeratio contracta ordinum generum specierumque plantarum huc usque cognitarium, juxta methodi naturalis, normas digesta, Vol. 6. Treuttel & Würtz, Paris. [https://www.biodiversitylibrary.org/item/7155#page/5/mode/1up] [All rights reserved]","https://www.biodiversitylibrary.org/item/7155#page/5/mode/1up"
"wfo-0000177440","Omsamwubo.","Distribution","4E312F3B-65AC-4F4F-9D2B-81391030E059","Latin","4E312F3B-65AC-4F4F-9D2B-81391030E059","Drege, JF; Meyer, EHF. 1836. Commentariorum de plantis Africae australioris, Vol. 1. Voss, Leipzig. [https://doi.org/10.5962/bhl.title.50] [All rights reserved]","https://doi.org/10.5962/bhl.title.50"
"wfo-0000186567","Iberia occidentali.","Distribution","5D755535-2BAA-4569-8218-7D1B90C3B478","Latin","5D755535-2BAA-4569-8218-7D1B90C3B478","Marschall von Bieberstein, FA. 1808. Flora taurico-caucasica exhibens stirpes phaenogamas: In Chersoneso Taurica et regionibus caucasicis sponte crescentes, Vol. 2. Typis Academicis, Charkouiae [Kharkov]. [https://www.biodiversitylibrary.org/item/42073#page/438/mode/1up] [All rights reserved]","https://www.biodiversitylibrary.org/item/42073#page/438/mode/1up"
"wfo-0000193662","Inter Omtendo et Omsamculo.","Distribution","4E312F3B-65AC-4F4F-9D2B-81391030E059","Latin","4E312F3B-65AC-4F4F-9D2B-81391030E059","Drege, JF; Meyer, EHF. 1836. Commentariorum de plantis Africae australioris, Vol. 1. Voss, Leipzig. [https://doi.org/10.5962/bhl.title.50] [All rights reserved]","https://doi.org/10.5962/bhl.title.50"
"wfo-0000195947","Inter Umtata et Umzumvubu.","Distribution","4E312F3B-65AC-4F4F-9D2B-81391030E059","Latin","4E312F3B-65AC-4F4F-9D2B-81391030E059","Drege, JF; Meyer, EHF. 1836. Commentariorum de plantis Africae australioris, Vol. 1. Voss, Leipzig. [https://doi.org/10.5962/bhl.title.50] [All rights reserved]","https://doi.org/10.5962/bhl.title.50"
"wfo-0000197953","Inter Omtendo et Omsamculo.","Distribution","4E312F3B-65AC-4F4F-9D2B-81391030E059","Latin","4E312F3B-65AC-4F4F-9D2B-81391030E059","Drege, JF; Meyer, EHF. 1836. Commentariorum de plantis Africae australioris, Vol. 1. Voss, Leipzig. [https://doi.org/10.5962/bhl.title.50] [All rights reserved]","https://doi.org/10.5962/bhl.title.50"
"wfo-0000212300","Algoabay' prope fluminis ostium 'Zwartkopsrivier' (Uitenhage).","Distribution","47450F57-17FA-465F-8FF9-4DCB24646DE4","Latin","47450F57-17FA-465F-8FF9-4DCB24646DE4","Ecklon, CF; Zeyher, CLP. 1836. Enumeratio Plantarum Africae Australis extratropicae qua collectae, determinatae et expositae. Perthes & Bester, Hamburg. [https://www.biodiversitylibrary.org/page/5877202#page/1/mode/1up] [All rights reserved]","https://www.biodiversitylibrary.org/page/5877202#page/1/mode/1up"
"wfo-0000220514","Gauritzrivier (Swellendam).","Distribution","6EFA3B40-5D07-471D-B494-49976FF1E71C","Latin","6EFA3B40-5D07-471D-B494-49976FF1E71C","Ecklon, CF; Zeyher, CLP. 1837. Enumeratio Plantarum Africae Australis extratropicae qua collectae, determinatae et expositae. Perthes & Bester, Hamburg. [All rights reserved]",""
"wfo-0000220568","Ad Promont. bonae spei.","Distribution","947DA074-1C95-45B6-A8A5-423F72D77135","Latin","947DA074-1C95-45B6-A8A5-423F72D77135","Sprengel, CPJ. 1822. Species plantarum minus cognitae. Neue Entdeck. Pflanzenk. 3: 3-65. [https://www.biodiversitylibrary.org/item/50009#page/13/mode/1up] [All rights reserved]","https://www.biodiversitylibrary.org/item/50009#page/13/mode/1up"
"wfo-0000219544","Ethiopia.","Distribution","9BCFF542-B2F9-4DCB-9661-1141CEF75D94","Latin","9BCFF542-B2F9-4DCB-9661-1141CEF75D94","Linnaeus (Linné), C von. 1753. Species Plantarum, Vol. 2, 1st ed. Salvii, Stockholm. [All rights reserved]",""
"wfo-0000220101","Africa ad Cap. Bonae spei.","Distribution","42D67914-53D7-4AEF-964E-A5EAF7C4BB78","Latin","42D67914-53D7-4AEF-964E-A5EAF7C4BB78","Linnaeus (Linné), C von. 1782. Supplementum plantarum systematis vegetabilium editionis decimae tertiae, generum plantarum editiones sextae, et specierum plantarum editionis secundae, 2nd ed. Orphanotroph, Brunswick. [https://www.biodiversitylibrary.org/item/10321#page/1/mode/1up] [All rights reserved]","https://www.biodiversitylibrary.org/item/10321#page/1/mode/1up"
"wfo-0000377683","Kapland.","Distribution","7A41C434-D892-49F0-B026-8F48AC112161","Latin","7A41C434-D892-49F0-B026-8F48AC112161","Kukenthal, G. 1935. Cyperaceae-Scirpoideae-Cypereae (Bogen 1-10). In: A Engler & L Diels (eds), Pflanzenr. (Engler) (Heft 101,1): 1-160. Wilhelm Engelmann, Leipzig. [https://www.biodiversitylibrary.org/item/71650#page/7/mode/1up] [All rights reserved]","https://www.biodiversitylibrary.org/item/71650#page/7/mode/1up"
"wfo-0000402786","Ad Cap. b. spei. T.","Distribution","75168407-E7E1-400A-A142-CAD43EF06466","Latin","75168407-E7E1-400A-A142-CAD43EF06466","Von Willdenow, CL. 1809. Enumeratio plantarum horti regii botanici Berolinensis. in taberna Libraria Scholae realis, Berlin. [All rights reserved]",""
"wfo-0000336099","Aldabra: Ile Esprit; 'Probably introduced,' Fryer.","Distribution","45DB936A-3AE4-46FC-82AE-57F320CF5BB4","Latin","45DB936A-3AE4-46FC-82AE-57F320CF5BB4","Hemsley, WB. 1916. Flora of Seychelles and Aldabra: New phanerogamia, chiefly of the Percy Sladen Trust Expedition, with some emendations in synonymy. J. Bot. 54(suppl. 2): 1-24. [https://archive.org/details/journalofbotanyb54londuoft/page/n427] [All rights reserved]","https://archive.org/details/journalofbotanyb54londuoft/page/n427"
"wfo-0000449295","Geog. Ad oras maris Mediterranei.","Distribution","FC7BBC22-5E90-4454-9F69-485E437B8CB8","Latin","FC7BBC22-5E90-4454-9F69-485E437B8CB8","Webb, PB; Berthelot, S. 1836. Phytographia canariensis. Hist. Nat. Iles Canaries 3(2): 1-220. [https://www.biodiversitylibrary.org/item/91244#page/11/mode/1up] [All rights reserved]","https://www.biodiversitylibrary.org/item/91244#page/11/mode/1up"
"wfo-0000370871","Enatum in horto Schönbrunnenfi ex feminibus Capenfibus Scliollianis.","Distribution","32B54558-7AF2-4C2E-97E7-D66A10B72499","Latin","32B54558-7AF2-4C2E-97E7-D66A10B72499","Von Jacquin, NJ. 1809. Fragmenta botanica, figuris coloratis illustrata, ab anno 1800 ad annum 1809 per 6 fasciculos edita. Schmidt, Vienna. [https://www.biodiversitylibrary.org/bibliography/538#/summary] [All rights reserved]","https://www.biodiversitylibrary.org/bibliography/538#/summary"
"wfo-0000504503","In Africae Australis montibus saxosis. Swartberg.","Distribution","84AAA214-3632-42E9-ACDB-5854A07CC90E","Latin","84AAA214-3632-42E9-ACDB-5854A07CC90E","Brown, R. 1810. On the Proteaceae of Jussieu. Trans. Linn. Soc. London 10(1): 15-226. [All rights reserved]",""
"wfo-0000507602","Little Namaqualand: Prope Doornpoort.","Distribution","EC08D00A-E534-4146-9052-3442BAB0CA88","Latin","EC08D00A-E534-4146-9052-3442BAB0CA88","Bolus, HML. 1929. Notes on Mesembrianthemum and allied genera. 33-48 University of Cape Town, Cape Town. [All rights reserved]",""
"wfo-0000507612","Cape Prov.: in dit. Vanrhynsdorp; Hoi River, 'about 8 miles from Koekenaap.'","Distribution","8DFF4DFC-FE67-4790-A3F5-D07728208078","Latin","8DFF4DFC-FE67-4790-A3F5-D07728208078","Bolus, HML. 1962. Notes on Mesembryanthemum and allied genera. J. S. African Bot. 28: 291-303. [CC BY]",""
"wfo-0000507615","Transvaal: 'On the farm Rouwput, near Bandolier Kop, Pietersburg district.'","Distribution","04CC859F-A11B-4646-9628-D16BEC3833DD","Latin","04CC859F-A11B-4646-9628-D16BEC3833DD","Bolus, HML. 1959. Notes on Mesembryanthemum and allied genera. J. S. African Bot. 25: 371-374. [CC BY]",""
"wfo-0000507617","South West Africa: In dit. Warmbad, Sperlingputz.","Distribution","F71B4F91-A37E-40CE-95E5-23DF0C783B28","Latin","F71B4F91-A37E-40CE-95E5-23DF0C783B28","Bolus, HML. 1958. Notes on Mesembryathemum and allied genera. 289-417 University of Cape Town, Cape Town. [All rights reserved]",""
"wfo-0000507619","Little Namaqualand: 'quartz hills,' inter Sout Rivier et Nieuwe Rust.","Distribution","402B14D7-5E00-4EAB-B27B-40AB01B6E69C","Latin","402B14D7-5E00-4EAB-B27B-40AB01B6E69C","Bolus, HML. 1930. Notes on Mesembrianthemum and allied genera. 177-192 University of Cape Town, Cape Town. [All rights reserved]",""
"wfo-0000507637","In dit. Malmesbury.","Distribution","937E7022-4979-43E6-96FD-2DC21F8D5517","Latin","937E7022-4979-43E6-96FD-2DC21F8D5517","Bolus, HML. 1931. Notes on Mesembrianthemum and allied genera. 225-244 University of Cape Town, Cape Town. [All rights reserved]",""
"wfo-0000402946","Cape Province: in dit. Prince Albert; Swartberge, Meiring's Poort.","Distribution","D5431F96-7F94-46B0-86B9-23DD36FD546F","Latin","D5431F96-7F94-46B0-86B9-23DD36FD546F","Bolus, HML. 1954. Notes on Mesembryanthemum and allied genera. 237-288 University of Cape Town, Cape Town. [All rights reserved]",""
"wfo-0000527187","Cradock; in monte prope Halesowen.","Distribution","345CCDC6-6378-4B7D-AD8A-D6AB10AAB189","Latin","345CCDC6-6378-4B7D-AD8A-D6AB10AAB189","Bolus, HML. 1931. Notes on Mesembrianthemum and allied genera. 293-308 University of Cape Town, Cape Town. [All rights reserved]",""
"wfo-0000611731","Ad Cap. bonae spei.","Distribution","42D67914-53D7-4AEF-964E-A5EAF7C4BB78","Latin","42D67914-53D7-4AEF-964E-A5EAF7C4BB78","Linnaeus (Linné), C von. 1782. Supplementum plantarum systematis vegetabilium editionis decimae tertiae, generum plantarum editiones sextae, et specierum plantarum editionis secundae, 2nd ed. Orphanotroph, Brunswick. [https://www.biodiversitylibrary.org/item/10321#page/1/mode/1up] [All rights reserved]","https://www.biodiversitylibrary.org/item/10321#page/1/mode/1up"
"wfo-0000511912","Crescit in insula Saffal fluminis Senegal prope Saint-Louis.","Distribution","8558038C-C650-43B9-8EB1-99C627D59C6E","Latin","8558038C-C650-43B9-8EB1-99C627D59C6E","Guillemin, JBA; Perrottet, GS; Richard, A. 1833. Florae Senegambiae tentamen, seu, historia plantarum in diversis Senegambiae regionibus a peregrinatoribus Perrottet et Leprieur detectarum. Treuttel et Wurtz, Paris. [https://doi.org/10.5962/bhl.title.595] [All rights reserved]","https://doi.org/10.5962/bhl.title.595"
"wfo-0000512236","Walo prope Richard-Tol.","Distribution","8558038C-C650-43B9-8EB1-99C627D59C6E","Latin","8558038C-C650-43B9-8EB1-99C627D59C6E","Guillemin, JBA; Perrottet, GS; Richard, A. 1833. Florae Senegambiae tentamen, seu, historia plantarum in diversis Senegambiae regionibus a peregrinatoribus Perrottet et Leprieur detectarum. Treuttel et Wurtz, Paris. [https://doi.org/10.5962/bhl.title.595] [All rights reserved]","https://doi.org/10.5962/bhl.title.595"
"wfo-0000621766","Cape Province: in dit. Albany; Makana’s Kop, prope Grahamstown.","Distribution","2C371518-7804-416A-A627-4A75953C82ED","Latin","2C371518-7804-416A-A627-4A75953C82ED","Lavis, MG. 1967. Notes on the genus Delosperma (Mesembrieae). J. S. African Bot. 33: 311-314. [CC BY]",""
"wfo-0000527180","In dit. Laingsburg; prope Matjesfontein.","Distribution","97712BEB-6269-4996-B2D8-45E48248C009","Latin","97712BEB-6269-4996-B2D8-45E48248C009","Bolus, HML. 1933. Notes on Mesembrianthemum and allied genera. 397-416 University of Cape Town, Cape Town. [All rights reserved]",""
"wfo-0000639442","Cape Province: Albany, prope Grahamstown.","Distribution","B4FCFAE7-F5AD-43B7-A365-E9CE91E06D80","Latin","B4FCFAE7-F5AD-43B7-A365-E9CE91E06D80","Bolus, HML. 1928. Notes on Mesembrianthemum and some allied genera. Specialty Press, Cape Town. [All rights reserved]",""
"wfo-0000639443","Cape Province: in dit. Fort Beaufort; Adelaide.","Distribution","2C371518-7804-416A-A627-4A75953C82ED","Latin","2C371518-7804-416A-A627-4A75953C82ED","Lavis, MG. 1967. Notes on the genus Delosperma (Mesembrieae). J. S. African Bot. 33: 311-314. [CC BY]",""
"wfo-0000639470","Cape Province: in dit. Albany, prope Grahamstown.","Distribution","B4FCFAE7-F5AD-43B7-A365-E9CE91E06D80","Latin","B4FCFAE7-F5AD-43B7-A365-E9CE91E06D80","Bolus, HML. 1928. Notes on Mesembrianthemum and some allied genera. Specialty Press, Cape Town. [All rights reserved]",""
"wfo-0000639472","Kingwilliamstown.","Distribution","CFA905FE-F5B5-43CB-BB63-9D6860C53304","Latin","CFA905FE-F5B5-43CB-BB63-9D6860C53304","Bolus, HML. 1935. Notes on Mesembrianthemum and allied genera. 473-508 University of Cape Town, Cape Town. [All rights reserved]",""
"wfo-0000639475","Graaff-Reinet et Mount Stewart.","Distribution","16F05E68-A44B-424B-A5CD-97259E68D813","Latin","16F05E68-A44B-424B-A5CD-97259E68D813","Bolus, HML. 1932. Notes on Mesembrianthemum and allied genera. 337-356 University of Cape Town, Cape Town. [All rights reserved]",""
"wfo-0000639496","Orange Free State: In dit. Ficksburg.","Distribution","8BA0F566-2A4A-41F6-A044-1DEC73EB551D","Latin","8BA0F566-2A4A-41F6-A044-1DEC73EB551D","Lavis, MG. 1966. Notes on the genus Delosperma (Mesembrieae). J. S. African Bot. 32: 341-345. [CC BY]",""
"wfo-0000639497","Orange Free State: in collibus in umbrosis, prope Smithfield.","Distribution","B4FCFAE7-F5AD-43B7-A365-E9CE91E06D80","Latin","B4FCFAE7-F5AD-43B7-A365-E9CE91E06D80","Bolus, HML. 1928. Notes on Mesembrianthemum and some allied genera. Specialty Press, Cape Town. [All rights reserved]",""
"wfo-0000639498","Transvaal: propegated oppidum Johannesburg in latere austro-orientali.","Distribution","58FD3544-86F9-4A19-8027-E2445407ACB1","Latin","58FD3544-86F9-4A19-8027-E2445407ACB1","Bolus, HML. 1929. Notes on Mesembrianthemum and allied genera. 65-80 University of Cape Town, Cape Town. [All rights reserved]",""
"wfo-0000639551","Cape Province: Willowmore.","Distribution","C01A98FC-44E0-498D-A4D4-3694674F51BA","Latin","C01A98FC-44E0-498D-A4D4-3694674F51BA","Bolus, HML. 1929. Notes on Mesembrianthemum and allied genera. 81-94 University of Cape Town, Cape Town. [All rights reserved]",""
"wfo-0000639555","East London.","Distribution","CFA905FE-F5B5-43CB-BB63-9D6860C53304","Latin","CFA905FE-F5B5-43CB-BB63-9D6860C53304","Bolus, HML. 1935. Notes on Mesembrianthemum and allied genera. 473-508 University of Cape Town, Cape Town. [All rights reserved]",""
"wfo-0000639572","Cape Province: In dit. Willowmore; Vondeling.","Distribution","8BA0F566-2A4A-41F6-A044-1DEC73EB551D","Latin","8BA0F566-2A4A-41F6-A044-1DEC73EB551D","Lavis, MG. 1966. Notes on the genus Delosperma (Mesembrieae). J. S. African Bot. 32: 341-345. [CC BY]",""
"wfo-0000639589","Transvaal: Sekukuniland.","Distribution","00514A6D-CD07-48E2-9D1F-8D466A705AC8","Latin","00514A6D-CD07-48E2-9D1F-8D466A705AC8","Bolus, HML. 1959. Notes on Mesembryanthemum and allied genera. J. S. African Bot. 25: 251-262. [CC BY]",""
"wfo-0000639594","Cape Province: in dit. Humansdorp.","Distribution","60668EDB-559B-413C-B612-A3F03C92D777","Latin","60668EDB-559B-413C-B612-A3F03C92D777","Lavis, MG. 1969. Notes on the genus Delosperma (Mesembriae). J. S. African Bot. 35(3): 145-148. [CC BY]",""
"wfo-0000639595","Transkei: prope Maclear.","Distribution","6435F916-DF46-4B0E-BCE3-7B1A2F2F552F","Latin","6435F916-DF46-4B0E-BCE3-7B1A2F2F552F","Bolus, HML. 1933. Notes on Mesembrianthemum and allied genera. 377-396 University of Cape Town, Cape Town. [All rights reserved]",""
"wfo-0000639599","Cape Province: in dit. Pondoland.","Distribution","B4FCFAE7-F5AD-43B7-A365-E9CE91E06D80","Latin","B4FCFAE7-F5AD-43B7-A365-E9CE91E06D80","Bolus, HML. 1928. Notes on Mesembrianthemum and some allied genera. Specialty Press, Cape Town. [All rights reserved]",""
"wfo-0000639621","Alexandria, Maio.","Distribution","6435F916-DF46-4B0E-BCE3-7B1A2F2F552F","Latin","6435F916-DF46-4B0E-BCE3-7B1A2F2F552F","Bolus, HML. 1933. Notes on Mesembrianthemum and allied genera. 377-396 University of Cape Town, Cape Town. [All rights reserved]",""
"wfo-0000639626","Transvaal: In dit. Waterberg, Spruitkloof.","Distribution","D54C5FAE-8055-4113-88DE-61E8FCABA452","Latin","D54C5FAE-8055-4113-88DE-61E8FCABA452","Bolus, HML. 1963. Notes on Mesembryanthemum and allied genera. J. S. African Bot. 29(1): 45-49. [CC BY]",""
"wfo-0000541037","Tansvaalkolonie: In arenosis prope Nazareth.","Distribution","D8D6243B-9E70-431E-877E-EA71673F61E1","Latin","D8D6243B-9E70-431E-877E-EA71673F61E1","Weber, E. 1907. Die gattungen Aptosimum Burch. und Peliostomum E. Mey. Beih. Bot. Centralbl. 21(2): 1-101. [https://www.biodiversitylibrary.org/page/5112263#page/10/mode/1up] [All rights reserved]","https://www.biodiversitylibrary.org/page/5112263#page/10/mode/1up"
"wfo-0000656887","In dit. Laingsburg, prope Whitehill.","Distribution","91DECF3C-B8A3-47B4-8F8C-124C292EDC6A","Latin","91DECF3C-B8A3-47B4-8F8C-124C292EDC6A","Bolus, HML. 1929. Notes on Mesembrianthemum and allied genera. 147-160 University of Cape Town, Cape Town. [All rights reserved]",""
"wfo-0000656901","Crescit ad Promontorium bonae Spei.","Distribution","1F9DF850-F644-4049-9855-7C4A409E8559","Latin","1F9DF850-F644-4049-9855-7C4A409E8559","Von Jacquin, NJ. 1804. Plantarum Rariorum Horti Caesarei Schoenbrunnensis Descriptiones et Icones, Vol. 4 [https://www.biodiversitylibrary.org/item/7668#page/6/mode/1up] [All rights reserved]","https://www.biodiversitylibrary.org/item/7668#page/6/mode/1up"
"wfo-0000656940","Cape Province: Clanwilliam, in monte Koudeberg. Bidouw Berg. Agtertuin.","Distribution","E35E8C6C-CC57-4C9E-9577-3510B442F6AF","Latin","E35E8C6C-CC57-4C9E-9577-3510B442F6AF","Bolus, HML. 1929. Notes on Mesembrianthemum and allied genera. 49-64 University of Cape Town, Cape Town. [All rights reserved]",""
"wfo-0000621757","Cape Province: Prope Grahamstown.","Distribution","ED209565-ACBA-449B-9F92-43F3E6F0CCAC","Latin","ED209565-ACBA-449B-9F92-43F3E6F0CCAC","Bolus, HML. 1928. Notes on Mesembrianthemum and allied genera. 17-32 University of Cape Town, Cape Town. [All rights reserved]",""
"wfo-0000639456","Basutoland.","Distribution","2EEC2BE5-4AE7-4482-AAFA-FA1C04329F7E","Latin","2EEC2BE5-4AE7-4482-AAFA-FA1C04329F7E","Bolus, HML. 1932. Notes on Mesembrianthemum and allied genera. 309-336 University of Cape Town, Cape Town. [All rights reserved]",""
"wfo-0000639463","Inter Queenstown et Adelaide.","Distribution","5104A480-1202-44F2-90B7-64C40102BE12","Latin","5104A480-1202-44F2-90B7-64C40102BE12","Bolus, HML. 1938. Notes on Mesembryanthemum and allied genera. 115-138 University of Cape Town, Cape Town. [All rights reserved]",""
"wfo-0000639474","Cape Province: In dit. Fort Beaufort; Kroomie.","Distribution","8BA0F566-2A4A-41F6-A044-1DEC73EB551D","Latin","8BA0F566-2A4A-41F6-A044-1DEC73EB551D","Lavis, MG. 1966. Notes on the genus Delosperma (Mesembrieae). J. S. African Bot. 32: 341-345. [CC BY]",""
"wfo-0000639487","Cape Province: Alice Div., in monte prope Hogsback.","Distribution","B4FCFAE7-F5AD-43B7-A365-E9CE91E06D80","Latin","B4FCFAE7-F5AD-43B7-A365-E9CE91E06D80","Bolus, HML. 1928. Notes on Mesembrianthemum and some allied genera. Specialty Press, Cape Town. [All rights reserved]",""
"wfo-0000639487","Cape Province: Laingsburg prope Touws River.","Distribution","ED209565-ACBA-449B-9F92-43F3E6F0CCAC","Latin","ED209565-ACBA-449B-9F92-43F3E6F0CCAC","Bolus, HML. 1928. Notes on Mesembrianthemum and allied genera. 17-32 University of Cape Town, Cape Town. [All rights reserved]",""
"wfo-0000639494","Cape Province: In dit. Oudtshoorn, a few hundred yards S. of Warmbad in the Calitzdorp Distric","Distribution","00514A6D-CD07-48E2-9D1F-8D466A705AC8","Latin","00514A6D-CD07-48E2-9D1F-8D466A705AC8","Bolus, HML. 1959. Notes on Mesembryanthemum and allied genera. J. S. African Bot. 25: 251-262. [CC BY]",""
"wfo-0000639505","Cape Province: in dit. Albany; Fort Hare.","Distribution","61B9956F-8FA3-4834-9F8B-C9868492193A","Latin","61B9956F-8FA3-4834-9F8B-C9868492193A","Lavis, MG. 1967. Notes on the genus Delosperma (Mesembrieae). J. S. African Bot. 33: 71-74. [https://archive.org/details/journalofsouthaf33unse/page/70] [CC BY]","https://archive.org/details/journalofsouthaf33unse/page/70"
"wfo-0000639508","Cape Province: In dit. Cradock.","Distribution","39244853-6C49-490A-98F3-7B94CBCBFD0B","Latin","39244853-6C49-490A-98F3-7B94CBCBFD0B","Bolus, HML. 1966. Notes on Mesembryanthemum and allied genera. J. S. African Bot. 32: 201-203. [CC BY]",""
"wfo-0000639511","Cape Province: in dit. Caledon; Mossel River, Poole’s Bay near Hermanus.","Distribution","60668EDB-559B-413C-B612-A3F03C92D777","Latin","60668EDB-559B-413C-B612-A3F03C92D777","Lavis, MG. 1969. Notes on the genus Delosperma (Mesembriae). J. S. African Bot. 35(3): 145-148. [CC BY]",""
"wfo-0000639526","Cape Province: Stutterheim monte Katberg.","Distribution","ED209565-ACBA-449B-9F92-43F3E6F0CCAC","Latin","ED209565-ACBA-449B-9F92-43F3E6F0CCAC","Bolus, HML. 1928. Notes on Mesembrianthemum and allied genera. 17-32 University of Cape Town, Cape Town. [All rights reserved]",""
"wfo-0000639536","Cape Province: in dit. Kingwilliam’s Town; Thomas River.","Distribution","2C371518-7804-416A-A627-4A75953C82ED","Latin","2C371518-7804-416A-A627-4A75953C82ED","Lavis, MG. 1967. Notes on the genus Delosperma (Mesembrieae). J. S. African Bot. 33: 311-314. [CC BY]",""
"wfo-0000639550","Bredasdorp; Struis Bay, prope Cape Agulhas.","Distribution","9988F082-4C52-4268-9DE3-A5AA5801C7F6","Latin","9988F082-4C52-4268-9DE3-A5AA5801C7F6","Bolus, HML. 1931. Notes on Mesembrianthemum and allied genera. 245-268 University of Cape Town, Cape Town. [All rights reserved]",""
"wfo-0000639566","Transvaal: in dit. Zoutpansberg; Bandolier’s Kop.","Distribution","653334D6-E573-4C6C-8A58-6EDCF82FBA66","Latin","653334D6-E573-4C6C-8A58-6EDCF82FBA66","Bolus, HML. 1950. Notes on Mesembryanthemum and allied genera. 189-236 University of Cape Town, Cape Town. [All rights reserved]",""
"wfo-0000639604","Alexandria, Maio.","Distribution","16F05E68-A44B-424B-A5CD-97259E68D813","Latin","16F05E68-A44B-424B-A5CD-97259E68D813","Bolus, HML. 1932. Notes on Mesembrianthemum and allied genera. 337-356 University of Cape Town, Cape Town. [All rights reserved]",""
"wfo-0000639612","Cape Province: In dit. Somerset East; Oudekraal (farm adjoining Brakfontein).","Distribution","8BA0F566-2A4A-41F6-A044-1DEC73EB551D","Latin","8BA0F566-2A4A-41F6-A044-1DEC73EB551D","Lavis, MG. 1966. Notes on the genus Delosperma (Mesembrieae). J. S. African Bot. 32: 341-345. [CC BY]",""
"wfo-0000720502","Circa Adoua.","Distribution","44E89343-565A-4020-A060-7765FB0C440F","Latin","44E89343-565A-4020-A060-7765FB0C440F","Richard, A. 1847. Tentamen Florae Abyssinicae seu Enumeratio Plantarum hucusque in plerisque Abyssiniae, Vol. 1. Bertrand, Paris. [https://doi.org/10.5962/bhl.title.334] [All rights reserved]","https://doi.org/10.5962/bhl.title.334"
"wfo-0000639618","Transvaal: in dit. Pietersburg; 'The Downs'.","Distribution","653334D6-E573-4C6C-8A58-6EDCF82FBA66","Latin","653334D6-E573-4C6C-8A58-6EDCF82FBA66","Bolus, HML. 1950. Notes on Mesembryanthemum and allied genera. 189-236 University of Cape Town, Cape Town. [All rights reserved]",""
"wfo-0000639625","Transvaal; Magaliesbergen.","Distribution","345CCDC6-6378-4B7D-AD8A-D6AB10AAB189","Latin","345CCDC6-6378-4B7D-AD8A-D6AB10AAB189","Bolus, HML. 1931. Notes on Mesembrianthemum and allied genera. 293-308 University of Cape Town, Cape Town. [All rights reserved]",""
"wfo-0000639629","Cape Province: In dit. Griqualand West; prope Kimberley, ‘on the banks of the Modder River, on the Harris’ farm Kalkdrift.","Distribution","61B9956F-8FA3-4834-9F8B-C9868492193A","Latin","61B9956F-8FA3-4834-9F8B-C9868492193A","Lavis, MG. 1967. Notes on the genus Delosperma (Mesembrieae). J. S. African Bot. 33: 71-74. [https://archive.org/details/journalofsouthaf33unse/page/70] [CC BY]","https://archive.org/details/journalofsouthaf33unse/page/70"
"wfo-0000733676","In dit. Cradock; prope Cradock.","Distribution","6435F916-DF46-4B0E-BCE3-7B1A2F2F552F","Latin","6435F916-DF46-4B0E-BCE3-7B1A2F2F552F","Bolus, HML. 1933. Notes on Mesembrianthemum and allied genera. 377-396 University of Cape Town, Cape Town. [All rights reserved]",""
"wfo-0000647989","Bushmanland: Nrope Pofadder.","Distribution","CBE0E6BB-BF0B-4892-84A2-648675115CFD","Latin","CBE0E6BB-BF0B-4892-84A2-648675115CFD","Bolus, HML. 1932. A new Lithops from Bushmanland and a new Argyroderma from the Van Rhynsdorp Division. S. Afr. Gdng Country Life 22: 177-177.",""
"wfo-0000749763","Prope Pretoria, Reipublicæ Transvaal.","Distribution","1A2FCC0B-4F48-43A1-B100-77A3264D17B1","Latin","1A2FCC0B-4F48-43A1-B100-77A3264D17B1","Bolus, H. 1987. Contributions to South-African Botany - Part III. J. Linn. Soc., Bot. 24: 171-187. [https://www.biodiversitylibrary.org/item/8380#page/179/mode/1up] [All rights reserved]","https://www.biodiversitylibrary.org/item/8380#page/179/mode/1up"
"wfo-0000656994","Capland: Cradock.","Distribution","346EA2EB-24D7-4A55-A40D-A220F1CF14F1","Latin","346EA2EB-24D7-4A55-A40D-A220F1CF14F1","Kuntze, CEO. 1898. Revisio generum plantarum: Vascularium omnium atque cellularium multarum secundum leges nomenclaturae internationales cum enumeratione plantarum exoticarum in itinere mundi collectarum, Vol. 3. Felix, Leipzig. [https://doi.org/10.5962/bhl.title.327] [All rights reserved]","https://doi.org/10.5962/bhl.title.327"
"wfo-0000769175","In dit. Calvinia; Nieuwoudtville.","Distribution","3210DB2B-F2DA-4B0B-95B3-B001FB690044","Latin","3210DB2B-F2DA-4B0B-95B3-B001FB690044","Bolus, L. 1932. Plants - new or noteworthy. S. Afr. Gdng Country Life 22: 83-88. [All rights reserved]",""
"wfo-0000682147","Cap. bonae spei.","Distribution","42D67914-53D7-4AEF-964E-A5EAF7C4BB78","Latin","42D67914-53D7-4AEF-964E-A5EAF7C4BB78","Linnaeus (Linné), C von. 1782. Supplementum plantarum systematis vegetabilium editionis decimae tertiae, generum plantarum editiones sextae, et specierum plantarum editionis secundae, 2nd ed. Orphanotroph, Brunswick. [https://www.biodiversitylibrary.org/item/10321#page/1/mode/1up] [All rights reserved]","https://www.biodiversitylibrary.org/item/10321#page/1/mode/1up"
"wfo-0000722588","Africa australis.","Distribution","8891C9E6-168D-4D27-A207-16F8CF14F788","Latin","8891C9E6-168D-4D27-A207-16F8CF14F788","Garcke, CAF. 1849. Kritische bemerkungen zu der familie der Malvaceen nebst beschreibung neuer arten aus derselben. Bot. Zeitung (Berlin) 7(48): 833-848. [https://www.biodiversitylibrary.org/item/105412#page/7/mode/1up] [All rights reserved]","https://www.biodiversitylibrary.org/item/105412#page/7/mode/1up"
"wfo-0000731483","Ad Cap. b. Spei.","Distribution","7D3B9F6A-1A32-4EE3-B1F6-948F40D931E0","Latin","7D3B9F6A-1A32-4EE3-B1F6-948F40D931E0","Linnaeus (Linné), C von. 1763. Species Plantarum, Vol. 2, 2nd ed. Salvii, Stockholm. [All rights reserved]",""
"wfo-0000798125","In sylvis ad 'Plettenbergsbay' (George).","Distribution","6EFA3B40-5D07-471D-B494-49976FF1E71C","Latin","6EFA3B40-5D07-471D-B494-49976FF1E71C","Ecklon, CF; Zeyher, CLP. 1837. Enumeratio Plantarum Africae Australis extratropicae qua collectae, determinatae et expositae. Perthes & Bester, Hamburg. [All rights reserved]",""
"wfo-0000800070","Adow et 'Olifantshoek' (Uitenhage).","Distribution","6EFA3B40-5D07-471D-B494-49976FF1E71C","Latin","6EFA3B40-5D07-471D-B494-49976FF1E71C","Ecklon, CF; Zeyher, CLP. 1837. Enumeratio Plantarum Africae Australis extratropicae qua collectae, determinatae et expositae. Perthes & Bester, Hamburg. [All rights reserved]",""
"wfo-0000815209","Kapland.","Distribution","E14B9FEF-3205-4D86-A02E-CCBD15A9387B","Latin","E14B9FEF-3205-4D86-A02E-CCBD15A9387B","Wimmer, FE. 1948. Vorarbeiten zur Monographie der Campanulaceae-Lobelioideae: II. Trib. Lobelieae. Ann. Naturhist. Mus. Wien 56: 317-374. [http://www.jstor.org/stable/41768491] [All rights reserved]","http://www.jstor.org/stable/41768491"
"wfo-0000819519","Kochmannskloof et Gauritzrivier 'terrae Kannaland'. Swellendam.","Distribution","6EFA3B40-5D07-471D-B494-49976FF1E71C","Latin","6EFA3B40-5D07-471D-B494-49976FF1E71C","Ecklon, CF; Zeyher, CLP. 1837. Enumeratio Plantarum Africae Australis extratropicae qua collectae, determinatae et expositae. Perthes & Bester, Hamburg. [All rights reserved]",""
"wfo-0000819606","In regione austro-occidentali: Arenosis prope villam Clanwilliam.","Distribution","B599D54C-75A9-4286-A00E-5787238F046A","Latin","B599D54C-75A9-4286-A00E-5787238F046A","Schlechter, FRR. 1897. Decades plantarum novarum Austro-Africanarum (continued). J. Bot. 35: 340-345. [All rights reserved]",""
"wfo-0000819785","In regione austro-orientali: In montis Katberg. In monte Andriesberg prope Bailey.","Distribution","B599D54C-75A9-4286-A00E-5787238F046A","Latin","B599D54C-75A9-4286-A00E-5787238F046A","Schlechter, FRR. 1897. Decades plantarum novarum Austro-Africanarum (continued). J. Bot. 35: 340-345. [All rights reserved]",""
"wfo-0000920926","Africam Austro-Orientalem.","Distribution","163FC2EE-6789-45C9-BED6-50746F2F8108","Latin","163FC2EE-6789-45C9-BED6-50746F2F8108","Bremekamp, CEB. 1952. The African species of Oldenlandia L sensu Hiern et K. Schumann, Vol. 48. North-Holland Publishing Company, Amsterdam. [All rights reserved]",""
"wfo-0000986276","Ad flumen ‘Klipplaatrivier’ haud procul a ‘Silo’ (Tambukiland).","Distribution","47450F57-17FA-465F-8FF9-4DCB24646DE4","Latin","47450F57-17FA-465F-8FF9-4DCB24646DE4","Ecklon, CF; Zeyher, CLP. 1836. Enumeratio Plantarum Africae Australis extratropicae qua collectae, determinatae et expositae. Perthes & Bester, Hamburg. [https://www.biodiversitylibrary.org/page/5877202#page/1/mode/1up] [All rights reserved]","https://www.biodiversitylibrary.org/page/5877202#page/1/mode/1up"
"wfo-0000815516","Cap. b. spei.","Distribution","02DA523C-64A0-40CF-99E3-27DB4EFDDD5F","Latin","02DA523C-64A0-40CF-99E3-27DB4EFDDD5F","Presl, CB. 1836. Prodromus monographiae Lobeliacearum. Typis filiorum Theophili Haase, Pragae [Praha].",""
"wfo-0001077605","Africa australis.","Distribution","8891C9E6-168D-4D27-A207-16F8CF14F788","Latin","8891C9E6-168D-4D27-A207-16F8CF14F788","Garcke, CAF. 1849. Kritische bemerkungen zu der familie der Malvaceen nebst beschreibung neuer arten aus derselben. Bot. Zeitung (Berlin) 7(48): 833-848. [https://www.biodiversitylibrary.org/item/105412#page/7/mode/1up] [All rights reserved]","https://www.biodiversitylibrary.org/item/105412#page/7/mode/1up"
"wfo-0000819404","In regione austro-orientali: In saxosis in monte Hangklip, prope Queenstown.","Distribution","88785D81-0F94-4DEF-BBC0-DA3AF2DCA121","Latin","88785D81-0F94-4DEF-BBC0-DA3AF2DCA121","Schlechter, FRR. 1896. Decades plantarum novarum Austro-Africanarum. J. Bot. 34: 391-395. [https://www.biodiversitylibrary.org/item/35905#page/415/mode/1up] [All rights reserved]","https://www.biodiversitylibrary.org/item/35905#page/415/mode/1up"
"wfo-0001134353","In Capitis B. Spei regione austro-occid.","Distribution","BAA0EA9B-2A85-4AF9-A97D-AD487E41EC8B","Latin","BAA0EA9B-2A85-4AF9-A97D-AD487E41EC8B","De Candolle, ALPP; De Candolle, AP. 1857. Prodromus systematis naturalis regni vegetabilis, sive, enumeratio contracta ordinum generum specierumque plantarum huc usque cognitarium, juxta methodi naturalis, normas digesta, Vol. 14. Treuttel & Würtz, Paris. [http://dx.doi.org/10.5962/bhl.title.286] [All rights reserved]","http://dx.doi.org/10.5962/bhl.title.286"
"wfo-0001134358","In Africa Capensi.","Distribution","BAA0EA9B-2A85-4AF9-A97D-AD487E41EC8B","Latin","BAA0EA9B-2A85-4AF9-A97D-AD487E41EC8B","De Candolle, ALPP; De Candolle, AP. 1857. Prodromus systematis naturalis regni vegetabilis, sive, enumeratio contracta ordinum generum specierumque plantarum huc usque cognitarium, juxta methodi naturalis, normas digesta, Vol. 14. Treuttel & Würtz, Paris. [http://dx.doi.org/10.5962/bhl.title.286] [All rights reserved]","http://dx.doi.org/10.5962/bhl.title.286"
"wfo-0000920848","Africam Austro-occidentalem.","Distribution","163FC2EE-6789-45C9-BED6-50746F2F8108","Latin","163FC2EE-6789-45C9-BED6-50746F2F8108","Bremekamp, CEB. 1952. The African species of Oldenlandia L sensu Hiern et K. Schumann, Vol. 48. North-Holland Publishing Company, Amsterdam. [All rights reserved]",""
"wfo-0001140942","In Cap. bonae spei.","Distribution","42D67914-53D7-4AEF-964E-A5EAF7C4BB78","Latin","42D67914-53D7-4AEF-964E-A5EAF7C4BB78","Linnaeus (Linné), C von. 1782. Supplementum plantarum systematis vegetabilium editionis decimae tertiae, generum plantarum editiones sextae, et specierum plantarum editionis secundae, 2nd ed. Orphanotroph, Brunswick. [https://www.biodiversitylibrary.org/item/10321#page/1/mode/1up] [All rights reserved]","https://www.biodiversitylibrary.org/item/10321#page/1/mode/1up"
"wfo-0001142501","Passerina obtusifolia is endemic to Northern. Western and Eastern Cape.","Distribution","06C7A9E7-FF9C-4885-A580-CFC895C2FBB7","Latin","06C7A9E7-FF9C-4885-A580-CFC895C2FBB7","Bredenkamp, CL; Van Wyk, AE. 2003. Taxonomy of the genus Passerina (Thymelaeaceae). Bothalia 33(1): 59-98. [CC BY]",""
"wfo-0001155346","Patria. Prom. b. spei, Gnadenthal: Breutel.","Distribution","E5232D11-4788-45B5-9E0D-7EC4E6F73158","Latin","E5232D11-4788-45B5-9E0D-7EC4E6F73158","Muller, C. 1858. Additamenta nova ad synopsin muscorum. Bot. Zeitung 16(24): 169-176. [https://www.biodiversitylibrary.org/item/104667#page/187/mode/1up] [All rights reserved]","https://www.biodiversitylibrary.org/item/104667#page/187/mode/1up"
"wfo-0001155351","Patria. Prom, bonae spei, Gnadenthal.","Distribution","E5232D11-4788-45B5-9E0D-7EC4E6F73158","Latin","E5232D11-4788-45B5-9E0D-7EC4E6F73158","Muller, C. 1858. Additamenta nova ad synopsin muscorum. Bot. Zeitung 16(24): 169-176. [https://www.biodiversitylibrary.org/item/104667#page/187/mode/1up] [All rights reserved]","https://www.biodiversitylibrary.org/item/104667#page/187/mode/1up"
"wfo-0001160015","Prom. bonae spei, Mte. Tabulari prope Capetown; in faucibus prope Claremont.","Distribution","AB8338E2-D5D6-452D-A3F8-A31575267E92","Latin","AB8338E2-D5D6-452D-A3F8-A31575267E92","Muller, JKA. 1899. Contributiones ad Bryologiam austro-afram. Hedwigia 38(3): 129-155. [https://www.biodiversitylibrary.org/item/13881#page/154/mode/1up]","https://www.biodiversitylibrary.org/item/13881#page/154/mode/1up"
"wfo-0001192942","Patria. Prom. bonae spei.","Distribution","81569416-5239-4F4A-AA1E-4D35AB24E16F","Latin","81569416-5239-4F4A-AA1E-4D35AB24E16F","Muller, C. 1859. Supplementum novum ad synopsin muscorum. Bot. Zeitung 17: 246-248. [https://www.biodiversitylibrary.org/page/33646511#page/264/mode/1up]","https://www.biodiversitylibrary.org/page/33646511#page/264/mode/1up"
"wfo-0001233827","Nascitur, lesle Bojerio (in Herb. Mus. par.), in provincia Emirnensi Malacassise centralis.","Distribution","E5C82A14-689D-4029-96AB-7F36B429B872","Latin","E5C82A14-689D-4029-96AB-7F36B429B872","Tulasne, LR. 1857. Florae Madagascariensis fragmenta scripsit collectave digessit. Ann. Sci. Nat. 8: 44-163. [https://www.biodiversitylibrary.org/item/129817#page/48/mode/1up] [All rights reserved]","https://www.biodiversitylibrary.org/item/129817#page/48/mode/1up"
"wfo-0001053794","Uitenhage.","Distribution","47450F57-17FA-465F-8FF9-4DCB24646DE4","Latin","47450F57-17FA-465F-8FF9-4DCB24646DE4","Ecklon, CF; Zeyher, CLP. 1836. Enumeratio Plantarum Africae Australis extratropicae qua collectae, determinatae et expositae. Perthes & Bester, Hamburg. [https://www.biodiversitylibrary.org/page/5877202#page/1/mode/1up] [All rights reserved]","https://www.biodiversitylibrary.org/page/5877202#page/1/mode/1up"
"wfo-0001292957","Crescil in Promonlorio bonae spei.","Distribution","BD4FABD7-A64A-4580-8EFB-EF26280E63C5","Latin","BD4FABD7-A64A-4580-8EFB-EF26280E63C5","Walpers, WG. 1843. Repertorium botanices systematicae, Vol. 2. F.Hofmeister, Leipzig. [https://www.biodiversitylibrary.org/item/32093#page/9/mode/1up] [All rights reserved]","https://www.biodiversitylibrary.org/item/32093#page/9/mode/1up"
"wfo-0001293193","Kultiviert in Okahandja.","Distribution","CD3AFBA8-3F14-4050-A8B1-7FE8FAD0247B","Latin","CD3AFBA8-3F14-4050-A8B1-7FE8FAD0247B","Berger, A; Dinter, MK. 1914. Succulenta Dinteriana. Bot. Jahrb. Syst. 50(Suppl.): 586-592. [https://www.biodiversitylibrary.org/item/713#page/592/mode/1up] [All rights reserved]","https://www.biodiversitylibrary.org/item/713#page/592/mode/1up"
"wfo-0001293354","Little Namaqualand: Prope Springbok.","Distribution","13633FF4-108A-4552-AD48-7BEACACD002F","Latin","13633FF4-108A-4552-AD48-7BEACACD002F","Bolus, HML. 1929. Notes on Mesembrianthemum and allied genera. 131-146 University of Cape Town, Cape Town. [All rights reserved]",""
"wfo-0001293428","Albany; Dassie Krantz, prope Grahamstown.","Distribution","2EEC2BE5-4AE7-4482-AAFA-FA1C04329F7E","Latin","2EEC2BE5-4AE7-4482-AAFA-FA1C04329F7E","Bolus, HML. 1932. Notes on Mesembrianthemum and allied genera. 309-336 University of Cape Town, Cape Town. [All rights reserved]",""
"wfo-0001293896","In dit. Hopetown; prope Hopetown.","Distribution","CFA905FE-F5B5-43CB-BB63-9D6860C53304","Latin","CFA905FE-F5B5-43CB-BB63-9D6860C53304","Bolus, HML. 1935. Notes on Mesembrianthemum and allied genera. 473-508 University of Cape Town, Cape Town. [All rights reserved]",""
"wfo-0001293910","Cradock; in summo monte Zwagershoek.","Distribution","3CB3A150-8111-46D6-8FD4-745BA9ED6FB1","Latin","3CB3A150-8111-46D6-8FD4-745BA9ED6FB1","Bolus, HML. 1932. Notes on Mesembrianthemum and allied genera. 357-376 University of Cape Town, Cape Town. [All rights reserved]",""
"wfo-0001293932","Cape Province: Prope Beaufort West.","Distribution","B4FCFAE7-F5AD-43B7-A365-E9CE91E06D80","Latin","B4FCFAE7-F5AD-43B7-A365-E9CE91E06D80","Bolus, HML. 1928. Notes on Mesembrianthemum and some allied genera. Specialty Press, Cape Town. [All rights reserved]",""
"wfo-0001293936","Locus incertus, fortasse in dit. Uitenhage; fl. hort. Prince Alfred's Park, Port Elizabeth.","Distribution","2EEC2BE5-4AE7-4482-AAFA-FA1C04329F7E","Latin","2EEC2BE5-4AE7-4482-AAFA-FA1C04329F7E","Bolus, HML. 1932. Notes on Mesembrianthemum and allied genera. 309-336 University of Cape Town, Cape Town. [All rights reserved]",""
"wfo-0001294013","In dit. Van Rhynsdorp; in collibus prope Klaver.","Distribution","CFA905FE-F5B5-43CB-BB63-9D6860C53304","Latin","CFA905FE-F5B5-43CB-BB63-9D6860C53304","Bolus, HML. 1935. Notes on Mesembrianthemum and allied genera. 473-508 University of Cape Town, Cape Town. [All rights reserved]",""
"wfo-0001294078","In dit. Cradock; Halesowen.","Distribution","3CB3A150-8111-46D6-8FD4-745BA9ED6FB1","Latin","3CB3A150-8111-46D6-8FD4-745BA9ED6FB1","Bolus, HML. 1932. Notes on Mesembrianthemum and allied genera. 357-376 University of Cape Town, Cape Town. [All rights reserved]",""
"wfo-0001294180","Cape Prov.: In dit. Somerset East; 'on his farm Brakfontein'. Fl. Veld Reserve, Worcester.","Distribution","8DFF4DFC-FE67-4790-A3F5-D07728208078","Latin","8DFF4DFC-FE67-4790-A3F5-D07728208078","Bolus, HML. 1962. Notes on Mesembryanthemum and allied genera. J. S. African Bot. 28: 291-303. [CC BY]",""
"wfo-0001294192","In dit. Graaff-Reinet; Kendrew.","Distribution","CFA905FE-F5B5-43CB-BB63-9D6860C53304","Latin","CFA905FE-F5B5-43CB-BB63-9D6860C53304","Bolus, HML. 1935. Notes on Mesembrianthemum and allied genera. 473-508 University of Cape Town, Cape Town. [All rights reserved]",""
"wfo-0001294235","Cape Province: in dit. Upington, Kurop Valley.","Distribution","C01A98FC-44E0-498D-A4D4-3694674F51BA","Latin","C01A98FC-44E0-498D-A4D4-3694674F51BA","Bolus, HML. 1929. Notes on Mesembrianthemum and allied genera. 81-94 University of Cape Town, Cape Town. [All rights reserved]",""
"wfo-0001294239","Cape Province: Bushmanland, in dit. Kenhardt, inter Pofadder et Kakamas.","Distribution","C01A98FC-44E0-498D-A4D4-3694674F51BA","Latin","C01A98FC-44E0-498D-A4D4-3694674F51BA","Bolus, HML. 1929. Notes on Mesembrianthemum and allied genera. 81-94 University of Cape Town, Cape Town. [All rights reserved]",""
"wfo-0001294358","Prope Beaufort West.","Distribution","5104A480-1202-44F2-90B7-64C40102BE12","Latin","5104A480-1202-44F2-90B7-64C40102BE12","Bolus, HML. 1938. Notes on Mesembryanthemum and allied genera. 115-138 University of Cape Town, Cape Town. [All rights reserved]",""
"wfo-0001294365","Prope Prieska.","Distribution","CFA905FE-F5B5-43CB-BB63-9D6860C53304","Latin","CFA905FE-F5B5-43CB-BB63-9D6860C53304","Bolus, HML. 1935. Notes on Mesembrianthemum and allied genera. 473-508 University of Cape Town, Cape Town. [All rights reserved]",""
"wfo-0001294370","Cape Province: in dit. Kenhardt, Pofadder.","Distribution","B4FCFAE7-F5AD-43B7-A365-E9CE91E06D80","Latin","B4FCFAE7-F5AD-43B7-A365-E9CE91E06D80","Bolus, HML. 1928. Notes on Mesembrianthemum and some allied genera. Specialty Press, Cape Town. [All rights reserved]",""
"wfo-0001294371","In dit. Cradock; in summo monte prope Halesowen.","Distribution","3F30E6B5-57BB-4BB7-847A-01181D166671","Latin","3F30E6B5-57BB-4BB7-847A-01181D166671","Bolus, HML. 1934. Notes on Mesembrianthemum and allied genera. 417-436 University of Cape Town, Cape Town. [All rights reserved]",""
"wfo-0001294375","In dit. Cradock; in monte prope Halesowen.","Distribution","345CCDC6-6378-4B7D-AD8A-D6AB10AAB189","Latin","345CCDC6-6378-4B7D-AD8A-D6AB10AAB189","Bolus, HML. 1931. Notes on Mesembrianthemum and allied genera. 293-308 University of Cape Town, Cape Town. [All rights reserved]",""
"wfo-0001294376","In dit. Fraserburg; prope Williston.","Distribution","2EEC2BE5-4AE7-4482-AAFA-FA1C04329F7E","Latin","2EEC2BE5-4AE7-4482-AAFA-FA1C04329F7E","Bolus, HML. 1932. Notes on Mesembrianthemum and allied genera. 309-336 University of Cape Town, Cape Town. [All rights reserved]",""
"wfo-0001081391","Africa Australi, regione Lusikisiki.","Distribution","D6BD687F-1D3F-470A-B6EB-FAB235C52705","Latin","D6BD687F-1D3F-470A-B6EB-FAB235C52705","Fernandes, A; Fernandes, RMSB. 1955. Melastomataceae Africanae novae vel minus cognitae-II. Bol. Soc. Brot. 29: 47-83. [All rights reserved]",""
"wfo-0001421281","Crescit ad Promontorium bonae Spei.","Distribution","21220AEC-49F4-48CC-A365-F6B5737BE0A1","Latin","21220AEC-49F4-48CC-A365-F6B5737BE0A1","Von Jacquin, NJ. 1797. Plantarum Rariorum Horti Caesarei Schoenbrunnensis Descriptiones et Icones, Vol. 2. C. F. Wappler, Viennae. [https://www.biodiversitylibrary.org/item/7666#page/6/mode/1up] [All rights reserved]","https://www.biodiversitylibrary.org/item/7666#page/6/mode/1up"
"wfo-0001142488","Lachnaea naviculifolia ranges from the central Cederberg in the north, along the eastern side of the Cold Bokkeveld to as far south as Watervalsberg.","Distribution","86F23AA3-076B-42BC-945E-765F2C54AB9C","Latin","86F23AA3-076B-42BC-945E-765F2C54AB9C","Beyers, JBP. 2001. The Cape genus Lachnaea (Thymelaeceae): A monograph. Strelitzia 11: 1-115. South African National Biodiversity Institute, Pretoria. [CC BY]",""
"wfo-0001157562","In terra inter lapides montis Pouce insulae Mauritii.","Distribution","DFD0418C-F2F5-4A9D-8FCC-51193B5AE717","Latin","DFD0418C-F2F5-4A9D-8FCC-51193B5AE717","Muller, JKA. 1848. Synopsis muscorum frondosorum omnium hucusque cognitorum, Vol. 1. A. Foerstner, Berlin. [https://doi.org/10.5962/bhl.title.31]","https://doi.org/10.5962/bhl.title.31"
"wfo-0001195673","In silvis supra Blanco (Südafrika), Rehmann 50 (PC).","Distribution","9EC67EF1-ECF7-4BEA-A54E-C9AA64616587","Latin","9EC67EF1-ECF7-4BEA-A54E-C9AA64616587","Frahm, J-P. 1985. Afrikanische Campylopus-Arten (Dicranaceae, Musci). Bryoph. Bibl. 31: 1-216. [All rights reserved]",""
"wfo-0001213408","Ruwenzori: Butagu-Tal.","Distribution","29036C62-893A-4011-B5DA-0375D957DE4A","Latin","29036C62-893A-4011-B5DA-0375D957DE4A","Mildbraed, GWJ. 1914. Wissenschaftliche ergebnisse der Deutschen Zentral-Africa-Expedition, 1907-1908: Unter Führung Adolf Friedrichs, herzogs zu Mecklenburg, Vol. 2. Klinkhard & Diermann, Berlin & Leipzig. [https://doi.org/10.5962/bhl.title.7048] [All rights reserved]","https://doi.org/10.5962/bhl.title.7048"
"wfo-0001260934","Prope Omcomas and Omsamcaba.","Distribution","4E312F3B-65AC-4F4F-9D2B-81391030E059","Latin","4E312F3B-65AC-4F4F-9D2B-81391030E059","Drege, JF; Meyer, EHF. 1836. Commentariorum de plantis Africae australioris, Vol. 1. Voss, Leipzig. [https://doi.org/10.5962/bhl.title.50] [All rights reserved]","https://doi.org/10.5962/bhl.title.50"
"wfo-0001293462","Ad cap. B.-Spei.","Distribution","801F30AE-0459-421C-B76B-E7E3941CDD82","Latin","801F30AE-0459-421C-B76B-E7E3941CDD82","De Candolle, AP. 1828. Prodromus systematis naturalis regni vegetabilis, sive, enumeratio contracta ordinum generum specierumque plantarum huc usque cognitarium, juxta methodi naturalis, normas digesta, Vol. 3. Treuttel & Würtz, Paris. [https://doi.org/10.5962/bhl.title.286] [All rights reserved]","https://doi.org/10.5962/bhl.title.286"
"wfo-0001293668","In dit. Gordonia; prope Upington.","Distribution","CFA905FE-F5B5-43CB-BB63-9D6860C53304","Latin","CFA905FE-F5B5-43CB-BB63-9D6860C53304","Bolus, HML. 1935. Notes on Mesembrianthemum and allied genera. 473-508 University of Cape Town, Cape Town. [All rights reserved]",""
"wfo-0001293843","In dit. Graaff-Reinet; prope Kendrew.","Distribution","3F30E6B5-57BB-4BB7-847A-01181D166671","Latin","3F30E6B5-57BB-4BB7-847A-01181D166671","Bolus, HML. 1934. Notes on Mesembrianthemum and allied genera. 417-436 University of Cape Town, Cape Town. [All rights reserved]",""
"wfo-0001293849","Fraserburg; prope Luttig.","Distribution","A12354BE-623E-43AA-A6D1-F18C9EF8E7BA","Latin","A12354BE-623E-43AA-A6D1-F18C9EF8E7BA","Bolus, HML. 1937. Notes on Mesembryanthemum and allied genera. 45-114 University of Cape Town, Cape Town. [All rights reserved]",""
"wfo-0001293850","In dit. Jansenville; inter Kendrew et Klipplaat. In dit. Oudtshoorn; prope Amalienstein.","Distribution","6435F916-DF46-4B0E-BCE3-7B1A2F2F552F","Latin","6435F916-DF46-4B0E-BCE3-7B1A2F2F552F","Bolus, HML. 1933. Notes on Mesembrianthemum and allied genera. 377-396 University of Cape Town, Cape Town. [All rights reserved]",""
"wfo-0001293877","Prope Beaufort West.","Distribution","3F30E6B5-57BB-4BB7-847A-01181D166671","Latin","3F30E6B5-57BB-4BB7-847A-01181D166671","Bolus, HML. 1934. Notes on Mesembrianthemum and allied genera. 417-436 University of Cape Town, Cape Town. [All rights reserved]",""
"wfo-0001293894","Cape Province: in dit. Albany, prope Grahamstown, 'at edge of bush about 5 1/2 miles along the Cradock Rd.' Cape Province: in dit. Albany, prope Grahamstown, 'at edge of bush about 5 1/2 miles along the Cradock Rd.'","Distribution","EC08D00A-E534-4146-9052-3442BAB0CA88","Latin","EC08D00A-E534-4146-9052-3442BAB0CA88","Bolus, HML. 1929. Notes on Mesembrianthemum and allied genera. 33-48 University of Cape Town, Cape Town. [All rights reserved]",""
"wfo-0001294025","Ad Cap. b. spei. T.","Distribution","75168407-E7E1-400A-A142-CAD43EF06466","Latin","75168407-E7E1-400A-A142-CAD43EF06466","Von Willdenow, CL. 1809. Enumeratio plantarum horti regii botanici Berolinensis. in taberna Libraria Scholae realis, Berlin. [All rights reserved]",""
"wfo-0001294116","Steynsburg; prope Steynsburg, comm.","Distribution","937E7022-4979-43E6-96FD-2DC21F8D5517","Latin","937E7022-4979-43E6-96FD-2DC21F8D5517","Bolus, HML. 1931. Notes on Mesembrianthemum and allied genera. 225-244 University of Cape Town, Cape Town. [All rights reserved]",""
"wfo-0001294362","Prope Somerset East.","Distribution","CFA905FE-F5B5-43CB-BB63-9D6860C53304","Latin","CFA905FE-F5B5-43CB-BB63-9D6860C53304","Bolus, HML. 1935. Notes on Mesembrianthemum and allied genera. 473-508 University of Cape Town, Cape Town. [All rights reserved]",""
"wfo-0001294363","Prope Beaufort West.","Distribution","A12354BE-623E-43AA-A6D1-F18C9EF8E7BA","Latin","A12354BE-623E-43AA-A6D1-F18C9EF8E7BA","Bolus, HML. 1937. Notes on Mesembryanthemum and allied genera. 45-114 University of Cape Town, Cape Town. [All rights reserved]",""
"wfo-0001294366","In dit. Cradock; prope Halesowen.","Distribution","CFA905FE-F5B5-43CB-BB63-9D6860C53304","Latin","CFA905FE-F5B5-43CB-BB63-9D6860C53304","Bolus, HML. 1935. Notes on Mesembrianthemum and allied genera. 473-508 University of Cape Town, Cape Town. [All rights reserved]",""
"wfo-0001294368","In dit Middelburg; prope pagum Middelburg.","Distribution","2EEC2BE5-4AE7-4482-AAFA-FA1C04329F7E","Latin","2EEC2BE5-4AE7-4482-AAFA-FA1C04329F7E","Bolus, HML. 1932. Notes on Mesembrianthemum and allied genera. 309-336 University of Cape Town, Cape Town. [All rights reserved]",""
"wfo-0001294372","In dit. Herschel; prope Lady Grey.","Distribution","CFA905FE-F5B5-43CB-BB63-9D6860C53304","Latin","CFA905FE-F5B5-43CB-BB63-9D6860C53304","Bolus, HML. 1935. Notes on Mesembrianthemum and allied genera. 473-508 University of Cape Town, Cape Town. [All rights reserved]",""
"wfo-0001294373","Locus incertus.","Distribution","CFA905FE-F5B5-43CB-BB63-9D6860C53304","Latin","CFA905FE-F5B5-43CB-BB63-9D6860C53304","Bolus, HML. 1935. Notes on Mesembrianthemum and allied genera. 473-508 University of Cape Town, Cape Town. [All rights reserved]",""
"wfo-0001294381","In dit. Middelburg; Sept. 1931. A.V. Duthie (N.B.G. 1738/31).","Distribution","2EEC2BE5-4AE7-4482-AAFA-FA1C04329F7E","Latin","2EEC2BE5-4AE7-4482-AAFA-FA1C04329F7E","Bolus, HML. 1932. Notes on Mesembrianthemum and allied genera. 309-336 University of Cape Town, Cape Town. [All rights reserved]",""
"wfo-0001343407","Africa australis, Drège; Boschberg.","Distribution","40186F64-A831-444F-B53B-399E040FF899","Latin","40186F64-A831-444F-B53B-399E040FF899","Clarke, CB. 1884. On Hemicarex, Benth., and its allies. J. Linn. Soc., Bot. 20: 374-403. [https://www.biodiversitylibrary.org/item/8375#page/381/mode/1up] [All rights reserved]","https://www.biodiversitylibrary.org/item/8375#page/381/mode/1up"
"wfo-0001436122","Ceres; Ceres Karroo.","Distribution","A12354BE-623E-43AA-A6D1-F18C9EF8E7BA","Latin","A12354BE-623E-43AA-A6D1-F18C9EF8E7BA","Bolus, HML. 1937. Notes on Mesembryanthemum and allied genera. 45-114 University of Cape Town, Cape Town. [All rights reserved]",""
