wfo_ID,Forma de vida,Familia,Column1,Nombre,Autor,Pub.,bibliogrpahicCitation,URL
wfo-0000666030,Hidrófita,Alismataceae,Hydrocleys nymphoides (Humb. & Bonpl. ex Willd.) Buchenau,Hydrocleys nymphoides, (Humb. & Bonpl. ex Willd.) Buchenau,"Abh. Naturwiss. Vereins Bremen 2: 2, 1871.","Marchesi, E., Mailhos, A., & Bonifacino, J. M. (2026). Flora Uruguaya: Flora Vascular del Uruguay. ISSN 3121-2050, V. 1.3. [Data set]. Zenodo. https://doi.org/10.5281/zenodo.20547117",https://florauruguaya.org/taxonomias/hydrocleys-nymphoides
wfo-0000738022,Hidrófita,Alismataceae,Sagittaria montevidensis Cham. & Schltdl.,Sagittaria montevidensis, Cham. & Schltdl.,"Linnaea 2: 2, 156, 1827.","Marchesi, E., Mailhos, A., & Bonifacino, J. M. (2026). Flora Uruguaya: Flora Vascular del Uruguay. ISSN 3121-2050, V. 1.3. [Data set]. Zenodo. https://doi.org/10.5281/zenodo.20547117",https://florauruguaya.org/taxonomias/sagittaria-montevidensis
wfo-0000273956,Hidrófita,Araceae,Pistia stratiotes L.,Pistia stratiotes, L.,"Sp. Pl. [Linnaeus] 2: 963, 1753.","Marchesi, E., Mailhos, A., & Bonifacino, J. M. (2026). Flora Uruguaya: Flora Vascular del Uruguay. ISSN 3121-2050, V. 1.3. [Data set]. Zenodo. https://doi.org/10.5281/zenodo.20547117",https://florauruguaya.org/taxonomias/pistia-stratiotes
wfo-0000313522,Hidrófita,Araceae,Spirodela intermedia W.Koch,Spirodela intermedia, W.Koch,"Ber. Schweiz. Bot. Ges. 41(1): 114, 1932.","Marchesi, E., Mailhos, A., & Bonifacino, J. M. (2026). Flora Uruguaya: Flora Vascular del Uruguay. ISSN 3121-2050, V. 1.3. [Data set]. Zenodo. https://doi.org/10.5281/zenodo.20547117",https://florauruguaya.org/taxonomias/spirodela-intermedia
wfo-0000334452,Hidrófita,Araceae,Wolffia brasiliensis Wedd.,Wolffia brasiliensis, Wedd.,"Ann. Sci. Nat., Bot. sér. 3, 12(3): 170, 1849.","Marchesi, E., Mailhos, A., & Bonifacino, J. M. (2026). Flora Uruguaya: Flora Vascular del Uruguay. ISSN 3121-2050, V. 1.3. [Data set]. Zenodo. https://doi.org/10.5281/zenodo.20547117",https://florauruguaya.org/taxonomias/wolffia-brasiliensis
wfo-0000334454,Hidrófita,Araceae,Wolffia columbiana H.Karst.,Wolffia columbiana, H.Karst.,"Bot. Untersuch. (Berlin) 1: 103, 1867.","Marchesi, E., Mailhos, A., & Bonifacino, J. M. (2026). Flora Uruguaya: Flora Vascular del Uruguay. ISSN 3121-2050, V. 1.3. [Data set]. Zenodo. https://doi.org/10.5281/zenodo.20547117",https://florauruguaya.org/taxonomias/wolffia-columbiana
wfo-0000334484,Hidrófita,Araceae,Wolffiella lingulata (Hegelm.) Hegelm.,Wolffiella lingulata, (Hegelm.) Hegelm.,"Bot. Jahrb. Syst. 21(3): 303, 1895.","Marchesi, E., Mailhos, A., & Bonifacino, J. M. (2026). Flora Uruguaya: Flora Vascular del Uruguay. ISSN 3121-2050, V. 1.3. [Data set]. Zenodo. https://doi.org/10.5281/zenodo.20547117",https://florauruguaya.org/taxonomias/wolffiella-lingulata
wfo-0000334487,Hidrófita,Araceae,Wolffiella oblonga (Phil.) Hegelm.,Wolffiella oblonga, (Phil.) Hegelm.,"Bot. Jahrb. Syst. 21(3): 303, 1895.","Marchesi, E., Mailhos, A., & Bonifacino, J. M. (2026). Flora Uruguaya: Flora Vascular del Uruguay. ISSN 3121-2050, V. 1.3. [Data set]. Zenodo. https://doi.org/10.5281/zenodo.20547117",https://florauruguaya.org/taxonomias/wolffiella-oblonga
wfo-0000726566,Hidrófita,Araliaceae,Hydrocotyle ranunculoides L.f.,Hydrocotyle ranunculoides, L.f.,"Suppl. Pl. 177, 1782.","Marchesi, E., Mailhos, A., & Bonifacino, J. M. (2026). Flora Uruguaya: Flora Vascular del Uruguay. ISSN 3121-2050, V. 1.3. [Data set]. Zenodo. https://doi.org/10.5281/zenodo.20547117",https://florauruguaya.org/taxonomias/hydrocotyle-ranunculoides
wfo-0000705089,Hidrófita,Cabombaceae,Cabomba caroliniana A.Gray,Cabomba caroliniana, A.Gray,"Ann. Lyceum Nat. Hist. New York 4: 47, 1837.","Marchesi, E., Mailhos, A., & Bonifacino, J. M. (2026). Flora Uruguaya: Flora Vascular del Uruguay. ISSN 3121-2050, V. 1.3. [Data set]. Zenodo. https://doi.org/10.5281/zenodo.20547117",https://florauruguaya.org/taxonomias/cabomba-caroliniana
wfo-0000831785,Hidrófita,Ceratophyllaceae,Ceratophyllum demersum L.,Ceratophyllum demersum, L.,"Sp. Pl. [Linnaeus] 2: 992, 1753.","Marchesi, E., Mailhos, A., & Bonifacino, J. M. (2026). Flora Uruguaya: Flora Vascular del Uruguay. ISSN 3121-2050, V. 1.3. [Data set]. Zenodo. https://doi.org/10.5281/zenodo.20547117",https://florauruguaya.org/taxonomias/ceratophyllum-demersum
wfo-0000083326,Hidrófita,Compositae,Gymnocoronis spilanthoides DC.,Gymnocoronis spilanthoides, DC.,"Prodr. [A. P. de Candolle] 7(1): 266, 1838.","Marchesi, E., Mailhos, A., & Bonifacino, J. M. (2026). Flora Uruguaya: Flora Vascular del Uruguay. ISSN 3121-2050, V. 1.3. [Data set]. Zenodo. https://doi.org/10.5281/zenodo.20547117",https://florauruguaya.org/taxonomias/gymnocoronis-spilanthoides
wfo-0000865332,Hidrófita,Gramineae,Echinochloa helodes (Hack.) Parodi,Echinochloa helodes, (Hack.) Parodi,"Physis [Buenos Aires] 8: 72, 1925.","Marchesi, E., Mailhos, A., & Bonifacino, J. M. (2026). Flora Uruguaya: Flora Vascular del Uruguay. ISSN 3121-2050, V. 1.3. [Data set]. Zenodo. https://doi.org/10.5281/zenodo.20547117",https://florauruguaya.org/taxonomias/echinochloa-helodes
wfo-0000873281,Hidrófita,Gramineae,Glyceria multiflora Steud.,Glyceria multiflora, Steud.,"Syn. Pl. Glumac. [Steudel] 1(3): 285, 1854.","Marchesi, E., Mailhos, A., & Bonifacino, J. M. (2026). Flora Uruguaya: Flora Vascular del Uruguay. ISSN 3121-2050, V. 1.3. [Data set]. Zenodo. https://doi.org/10.5281/zenodo.20547117",https://florauruguaya.org/taxonomias/glyceria-multiflora
wfo-0000877667,Hidrófita,Gramineae,Leersia hexandra Sw.,Leersia hexandra, Sw.,"Prodr. [O. P. Swartz] 21, 1788.","Marchesi, E., Mailhos, A., & Bonifacino, J. M. (2026). Flora Uruguaya: Flora Vascular del Uruguay. ISSN 3121-2050, V. 1.3. [Data set]. Zenodo. https://doi.org/10.5281/zenodo.20547117",https://florauruguaya.org/taxonomias/leersia-hexandra
wfo-0001342615,Hidrófita,Gramineae,Louisiella elephantipes (Nees ex Trin.) Zuloaga,Louisiella elephantipes, (Nees ex Trin.) Zuloaga,"Syst. Bot. 39(4): 1113, 2014.","Marchesi, E., Mailhos, A., & Bonifacino, J. M. (2026). Flora Uruguaya: Flora Vascular del Uruguay. ISSN 3121-2050, V. 1.3. [Data set]. Zenodo. https://doi.org/10.5281/zenodo.20547117",https://florauruguaya.org/taxonomias/louisiella-elephantipes
wfo-0000878765,Hidrófita,Gramineae,Luziola peruviana Juss. ex J.F.Gmel.,Luziola peruviana, Juss. ex J.F.Gmel.,"Syst. Nat., ed. 13[bis]. 2(1): 637, 1791.","Marchesi, E., Mailhos, A., & Bonifacino, J. M. (2026). Flora Uruguaya: Flora Vascular del Uruguay. ISSN 3121-2050, V. 1.3. [Data set]. Zenodo. https://doi.org/10.5281/zenodo.20547117",https://florauruguaya.org/taxonomias/luziola-peruviana
wfo-0000881998,Hidrófita,Gramineae,Oplismenopsis najada (Hack. & Arechav.) Parodi,Oplismenopsis najada, (Hack. & Arechav.) Parodi,"Notas Mus. La Plata, Bot. 2(11): 4, 1937.","Marchesi, E., Mailhos, A., & Bonifacino, J. M. (2026). Flora Uruguaya: Flora Vascular del Uruguay. ISSN 3121-2050, V. 1.3. [Data set]. Zenodo. https://doi.org/10.5281/zenodo.20547117",https://florauruguaya.org/taxonomias/oplismenopsis-najada
wfo-0000888349,Hidrófita,Gramineae,Paspalum repens  P.J.Bergius,Paspalum repens , P.J.Bergius,"Acta Helv. Phys.-Math. 7: 129, 1772.","Marchesi, E., Mailhos, A., & Bonifacino, J. M. (2026). Flora Uruguaya: Flora Vascular del Uruguay. ISSN 3121-2050, V. 1.3. [Data set]. Zenodo. https://doi.org/10.5281/zenodo.20547117",https://florauruguaya.org/taxonomias/paspalum-repens
wfo-0000373510,Hidrófita,Haloragaceae,Myriophyllum aquaticum (Vell.) Verdc.,Myriophyllum aquaticum, (Vell.) Verdc.,"Kew Bull. 28(1): 36, 1973.","Marchesi, E., Mailhos, A., & Bonifacino, J. M. (2026). Flora Uruguaya: Flora Vascular del Uruguay. ISSN 3121-2050, V. 1.3. [Data set]. Zenodo. https://doi.org/10.5281/zenodo.20547117",https://florauruguaya.org/taxonomias/myriophyllum-aquaticum
wfo-0000373487,Hidrófita,Haloragaceae,Myriophyllum quitense Kunth,Myriophyllum quitense, Kunth,"Nov. Gen. Sp. [H.B.K.] 6: 71 (ed. fol.); 89 (ed. qto.), 1823.","Marchesi, E., Mailhos, A., & Bonifacino, J. M. (2026). Flora Uruguaya: Flora Vascular del Uruguay. ISSN 3121-2050, V. 1.3. [Data set]. Zenodo. https://doi.org/10.5281/zenodo.20547117",https://florauruguaya.org/taxonomias/myriophyllum-quitense
wfo-0001065210,Hidrófita,Haloragaceae,Proserpinaca palustris L.,Proserpinaca palustris, L.,"Sp. Pl. [Linnaeus] 1: 88, 1753.","Marchesi, E., Mailhos, A., & Bonifacino, J. M. (2026). Flora Uruguaya: Flora Vascular del Uruguay. ISSN 3121-2050, V. 1.3. [Data set]. Zenodo. https://doi.org/10.5281/zenodo.20547117",https://florauruguaya.org/taxonomias/proserpinaca-palustris
wfo-0000770732,Hidrófita,Hydrocharitaceae,Egeria densa Planch.,Egeria densa, Planch.,"Ann. Sci. Nat., Bot. sér. 3, 11: 80, 1849.","Marchesi, E., Mailhos, A., & Bonifacino, J. M. (2026). Flora Uruguaya: Flora Vascular del Uruguay. ISSN 3121-2050, V. 1.3. [Data set]. Zenodo. https://doi.org/10.5281/zenodo.20547117",https://florauruguaya.org/taxonomias/egeria-densa
wfo-0000770735,Hidrófita,Hydrocharitaceae,Egeria naias Planch.,Egeria naias, Planch.,"Ann. Sci. Nat., Bot. sér. 3, 11: 80, 1849.","Marchesi, E., Mailhos, A., & Bonifacino, J. M. (2026). Flora Uruguaya: Flora Vascular del Uruguay. ISSN 3121-2050, V. 1.3. [Data set]. Zenodo. https://doi.org/10.5281/zenodo.20547117",https://florauruguaya.org/taxonomias/egeria-naias
wfo-0000770738,Hidrófita,Hydrocharitaceae,Elodea callitrichoides (Rich.) Casp.,Elodea callitrichoides, (Rich.) Casp.,"Monatsber. Königl. Preuss. Akad. Wiss. Berlin 47, 1857.","Marchesi, E., Mailhos, A., & Bonifacino, J. M. (2026). Flora Uruguaya: Flora Vascular del Uruguay. ISSN 3121-2050, V. 1.3. [Data set]. Zenodo. https://doi.org/10.5281/zenodo.20547117",https://florauruguaya.org/taxonomias/elodea-callitrichoides
wfo-0000769444,Hidrófita,Hydrocharitaceae,Limnobium laevigatum (Humb. & Bonpl. ex Willd.) Heine,Limnobium laevigatum, (Humb. & Bonpl. ex Willd.) Heine,"Adansonia n.s. 8(3): 315, 1968.","Marchesi, E., Mailhos, A., & Bonifacino, J. M. (2026). Flora Uruguaya: Flora Vascular del Uruguay. ISSN 3121-2050, V. 1.3. [Data set]. Zenodo. https://doi.org/10.5281/zenodo.20547117",https://florauruguaya.org/taxonomias/limnobium-laevigatum
wfo-0000769498,Hidrófita,Hydrocharitaceae,Najas guadalupensis (Spreng.) Magnus,Najas guadalupensis, (Spreng.) Magnus,"Beitr. Kenntn. Najas viii, 1870.","Marchesi, E., Mailhos, A., & Bonifacino, J. M. (2026). Flora Uruguaya: Flora Vascular del Uruguay. ISSN 3121-2050, V. 1.3. [Data set]. Zenodo. https://doi.org/10.5281/zenodo.20547117",https://florauruguaya.org/taxonomias/najas-guadalupensis
wfo-0000415571,Hidrófita,Lentibulariaceae,Utricularia gibba L.,Utricularia gibba, L.,"Sp. Pl. [Linnaeus] 1: 18, 1753.","Marchesi, E., Mailhos, A., & Bonifacino, J. M. (2026). Flora Uruguaya: Flora Vascular del Uruguay. ISSN 3121-2050, V. 1.3. [Data set]. Zenodo. https://doi.org/10.5281/zenodo.20547117",https://florauruguaya.org/taxonomias/utricularia-gibba
wfo-0001072676,Hidrófita,Lentibulariaceae,Utricularia laxa A.St.-Hil. & Girard,Utricularia laxa, A.St.-Hil. & Girard,"Compt. Rend. Hebd. Séances Acad. Sci. 7(21): 870, 1838.","Marchesi, E., Mailhos, A., & Bonifacino, J. M. (2026). Flora Uruguaya: Flora Vascular del Uruguay. ISSN 3121-2050, V. 1.3. [Data set]. Zenodo. https://doi.org/10.5281/zenodo.20547117",https://florauruguaya.org/taxonomias/utricularia-laxa
wfo-0001072812,Hidrófita,Lentibulariaceae,Utricularia platensis Speg.,Utricularia platensis, Speg.,"Comun. Mus. Nac. B. Aires 1: 81, 1899.","Marchesi, E., Mailhos, A., & Bonifacino, J. M. (2026). Flora Uruguaya: Flora Vascular del Uruguay. ISSN 3121-2050, V. 1.3. [Data set]. Zenodo. https://doi.org/10.5281/zenodo.20547117",https://florauruguaya.org/taxonomias/utricularia-platensis
wfo-0000382474,Hidrófita,Menyanthaceae,Nymphoides humboldtiana (Kunth) Kuntze,Nymphoides humboldtiana, (Kunth) Kuntze,"Revis. Gen. Pl. 2: 429, 1891.","Marchesi, E., Mailhos, A., & Bonifacino, J. M. (2026). Flora Uruguaya: Flora Vascular del Uruguay. ISSN 3121-2050, V. 1.3. [Data set]. Zenodo. https://doi.org/10.5281/zenodo.20547117",https://florauruguaya.org/taxonomias/nymphoides-humboldtiana
wfo-1000028171,Hidrófita,Nymphaeaceae,Nymphaea pedersenii (Wiersema) C.T.Lima & Giul.,Nymphaea pedersenii, (Wiersema) C.T.Lima & Giul.,"Sitientibus Sér. Ci. Biol. 21: 45, 2021.","Marchesi, E., Mailhos, A., & Bonifacino, J. M. (2026). Flora Uruguaya: Flora Vascular del Uruguay. ISSN 3121-2050, V. 1.3. [Data set]. Zenodo. https://doi.org/10.5281/zenodo.20547117",https://florauruguaya.org/taxonomias/nymphaea-pedersenii
wfo-0000382126,Hidrófita,Nymphaeaceae,Nymphaea prolifera Wiersema,Nymphaea prolifera, Wiersema,"Brittonia 36(3): 219, 1984.","Marchesi, E., Mailhos, A., & Bonifacino, J. M. (2026). Flora Uruguaya: Flora Vascular del Uruguay. ISSN 3121-2050, V. 1.3. [Data set]. Zenodo. https://doi.org/10.5281/zenodo.20547117",https://florauruguaya.org/taxonomias/nymphaea-prolifera
wfo-0001087942,Hidrófita,Onagraceae,Ludwigia grandiflora (Michx.) Greuter & Burdet,Ludwigia grandiflora, (Michx.) Greuter & Burdet,"Willdenowia 16(2): 448, 1987.","Marchesi, E., Mailhos, A., & Bonifacino, J. M. (2026). Flora Uruguaya: Flora Vascular del Uruguay. ISSN 3121-2050, V. 1.3. [Data set]. Zenodo. https://doi.org/10.5281/zenodo.20547117",https://florauruguaya.org/taxonomias/ludwigia-grandiflora
wfo-0000443277,Hidrófita,Onagraceae,Ludwigia peploides (Kunth) P.H.Raven,Ludwigia peploides, (Kunth) P.H.Raven,"Reinwardtia 6: 393, 1964.","Marchesi, E., Mailhos, A., & Bonifacino, J. M. (2026). Flora Uruguaya: Flora Vascular del Uruguay. ISSN 3121-2050, V. 1.3. [Data set]. Zenodo. https://doi.org/10.5281/zenodo.20547117",https://florauruguaya.org/taxonomias/ludwigia-peploides
wfo-0000484956,Hidrófita,Podostemaceae,Podostemum comatum Hicken,Podostemum comatum, Hicken,"Revista Chilena Hist. Nat. 21: 149, 1917.","Marchesi, E., Mailhos, A., & Bonifacino, J. M. (2026). Flora Uruguaya: Flora Vascular del Uruguay. ISSN 3121-2050, V. 1.3. [Data set]. Zenodo. https://doi.org/10.5281/zenodo.20547117",https://florauruguaya.org/taxonomias/podostemum-comatum
wfo-0000484952,Hidrófita,Podostemaceae,Podostemum distichum (Cham.) Wedd.,Podostemum distichum, (Cham.) Wedd.,"Prodr. [A. P. de Candolle] 17: 73, 1873.","Marchesi, E., Mailhos, A., & Bonifacino, J. M. (2026). Flora Uruguaya: Flora Vascular del Uruguay. ISSN 3121-2050, V. 1.3. [Data set]. Zenodo. https://doi.org/10.5281/zenodo.20547117",https://florauruguaya.org/taxonomias/podostemum-distichum
wfo-0000484905,Hidrófita,Podostemaceae,Podostemum muelleri Warm.,Podostemum muelleri, Warm.,"Kongel. Danske Vidensk. Selsk. Skr., Naturvidensk. Math. Afd. ser. 6, 4: 445, 480, t. 16-17, 1888.","Marchesi, E., Mailhos, A., & Bonifacino, J. M. (2026). Flora Uruguaya: Flora Vascular del Uruguay. ISSN 3121-2050, V. 1.3. [Data set]. Zenodo. https://doi.org/10.5281/zenodo.20547117",https://florauruguaya.org/taxonomias/podostemum-muelleri
wfo-0000484898,Hidrófita,Podostemaceae,Podostemum rutifolium Warm.,Podostemum rutifolium, Warm.,"Kongel. Danske Vidensk. Selsk. Skr., Naturvidensk. Math. Afd. ser. 6, 9: 129, fig. 25, 1899.","Marchesi, E., Mailhos, A., & Bonifacino, J. M. (2026). Flora Uruguaya: Flora Vascular del Uruguay. ISSN 3121-2050, V. 1.3. [Data set]. Zenodo. https://doi.org/10.5281/zenodo.20547117",https://florauruguaya.org/taxonomias/podostemum-rutifolium
wfo-0000455973,Hidrófita,Podostemaceae,Tristicha trifaria (Bory ex Willd.) Spreng.,Tristicha trifaria, (Bory ex Willd.) Spreng.,"Syst. Veg., ed. 16 [Sprengel] 1: 22, 1824.","Marchesi, E., Mailhos, A., & Bonifacino, J. M. (2026). Flora Uruguaya: Flora Vascular del Uruguay. ISSN 3121-2050, V. 1.3. [Data set]. Zenodo. https://doi.org/10.5281/zenodo.20547117",https://florauruguaya.org/taxonomias/tristicha-trifaria
wfo-0000441633,Hidrófita,Pontederiaceae,Heteranthera reniformis Ruiz & Pav.,Heteranthera reniformis, Ruiz & Pav.,"Fl. Peruv. [Ruiz & Pavon] 1: 43, t.71, 1798.","Marchesi, E., Mailhos, A., & Bonifacino, J. M. (2026). Flora Uruguaya: Flora Vascular del Uruguay. ISSN 3121-2050, V. 1.3. [Data set]. Zenodo. https://doi.org/10.5281/zenodo.20547117",https://florauruguaya.org/taxonomias/heteranthera-reniformis
wfo-0000441657,Hidrófita,Pontederiaceae,Heteranthera rotundifolia (Kunth) Griseb.,Heteranthera rotundifolia, (Kunth) Griseb.,"Cat. Pl. Cub. [Grisebach] 252, 1866.","Marchesi, E., Mailhos, A., & Bonifacino, J. M. (2026). Flora Uruguaya: Flora Vascular del Uruguay. ISSN 3121-2050, V. 1.3. [Data set]. Zenodo. https://doi.org/10.5281/zenodo.20547117",https://florauruguaya.org/taxonomias/heteranthera-rotundifolia
wfo-0000441672,Hidrófita,Pontederiaceae,Heteranthera zosterifolia Mart.,Heteranthera zosterifolia, Mart.,"Nov. Gen. Sp. Pl. [Martius] 1(1): 7, t.3, 1824.","Marchesi, E., Mailhos, A., & Bonifacino, J. M. (2026). Flora Uruguaya: Flora Vascular del Uruguay. ISSN 3121-2050, V. 1.3. [Data set]. Zenodo. https://doi.org/10.5281/zenodo.20547117",https://florauruguaya.org/taxonomias/heteranthera-zosterifolia
wfo-0000500899,Hidrófita,Pontederiaceae,Pontederia azurea Sw.,Pontederia azurea, Sw.,"Prodr. [O. P. Swartz] 57, 1788.","Marchesi, E., Mailhos, A., & Bonifacino, J. M. (2026). Flora Uruguaya: Flora Vascular del Uruguay. ISSN 3121-2050, V. 1.3. [Data set]. Zenodo. https://doi.org/10.5281/zenodo.20547117",https://florauruguaya.org/taxonomias/pontederia-azurea
wfo-0000501039,Hidrófita,Pontederiaceae,Pontederia crassipes Mart.,Pontederia crassipes, Mart.,"Nov. Gen. Sp. Pl. [Martius] 1(1): 9, t.4, 1823.","Marchesi, E., Mailhos, A., & Bonifacino, J. M. (2026). Flora Uruguaya: Flora Vascular del Uruguay. ISSN 3121-2050, V. 1.3. [Data set]. Zenodo. https://doi.org/10.5281/zenodo.20547117",https://florauruguaya.org/taxonomias/pontederia-crassipes
wfo-0000501172,Hidrófita,Pontederiaceae,Pontederia ovalis Mart. ex Schult. & Schult.f.,Pontederia ovalis, Mart. ex Schult. & Schult.f.,"Syst. Veg., ed. 15 bis [Roemer & Schultes] 7(2): 1140, 1830.","Marchesi, E., Mailhos, A., & Bonifacino, J. M. (2026). Flora Uruguaya: Flora Vascular del Uruguay. ISSN 3121-2050, V. 1.3. [Data set]. Zenodo. https://doi.org/10.5281/zenodo.20547117",https://florauruguaya.org/taxonomias/pontederia-ovalis
wfo-0000501242,Hidrófita,Pontederiaceae,Pontederia rotundifolia L.f.,Pontederia rotundifolia, L.f.,"Suppl. Pl. 192, 1783.","Marchesi, E., Mailhos, A., & Bonifacino, J. M. (2026). Flora Uruguaya: Flora Vascular del Uruguay. ISSN 3121-2050, V. 1.3. [Data set]. Zenodo. https://doi.org/10.5281/zenodo.20547117",https://florauruguaya.org/taxonomias/pontederia-rotundifolia
wfo-0000720675,Hidrófita,Potamogetonaceae,Potamogeton ferrugineus Hagstr.,Potamogeton ferrugineus, Hagstr.,"Kungl. Svenska Vetenskapsakad. Handl. 55(5): 161, 1916.","Marchesi, E., Mailhos, A., & Bonifacino, J. M. (2026). Flora Uruguaya: Flora Vascular del Uruguay. ISSN 3121-2050, V. 1.3. [Data set]. Zenodo. https://doi.org/10.5281/zenodo.20547117",https://florauruguaya.org/taxonomias/potamogeton-ferrugineus
wfo-0000769828,Hidrófita,Potamogetonaceae,Potamogeton gayi A.Benn.,Potamogeton gayi, A.Benn.,"Ann. K. K. Naturhist. Hofmus. 7: 293, 1892.","Marchesi, E., Mailhos, A., & Bonifacino, J. M. (2026). Flora Uruguaya: Flora Vascular del Uruguay. ISSN 3121-2050, V. 1.3. [Data set]. Zenodo. https://doi.org/10.5281/zenodo.20547117",https://florauruguaya.org/taxonomias/potamogeton-gayi
wfo-0000769851,Hidrófita,Potamogetonaceae,Potamogeton illinoensis Morong,Potamogeton illinoensis, Morong,"Bot. Gaz. 5: 50, 1880.","Marchesi, E., Mailhos, A., & Bonifacino, J. M. (2026). Flora Uruguaya: Flora Vascular del Uruguay. ISSN 3121-2050, V. 1.3. [Data set]. Zenodo. https://doi.org/10.5281/zenodo.20547117",https://florauruguaya.org/taxonomias/potamogeton-illinoensis
wfo-0000769900,Hidrófita,Potamogetonaceae,Potamogeton montevidensis A.Benn.,Potamogeton montevidensis, A.Benn.,"Ann. K. K. Naturhist. Hofmus. 7: 293, 1892.","Marchesi, E., Mailhos, A., & Bonifacino, J. M. (2026). Flora Uruguaya: Flora Vascular del Uruguay. ISSN 3121-2050, V. 1.3. [Data set]. Zenodo. https://doi.org/10.5281/zenodo.20547117",https://florauruguaya.org/taxonomias/potamogeton-montevidensis
wfo-0000769954,Hidrófita,Potamogetonaceae,Potamogeton polygonus Cham. & Schltdl.,Potamogeton polygonus, Cham. & Schltdl.,"Linnaea 2(2): 184, t. 4, f. 11, 1827.","Marchesi, E., Mailhos, A., & Bonifacino, J. M. (2026). Flora Uruguaya: Flora Vascular del Uruguay. ISSN 3121-2050, V. 1.3. [Data set]. Zenodo. https://doi.org/10.5281/zenodo.20547117",https://florauruguaya.org/taxonomias/potamogeton-polygonus
wfo-0000719960,Hidrófita,Potamogetonaceae,Potamogeton spirilliformis Hagstr.,Potamogeton spirilliformis, Hagstr.,"Kungl. Svenska Vetenskapsakad. Handl. 55(5): 137, f. 60, 1916.","Marchesi, E., Mailhos, A., & Bonifacino, J. M. (2026). Flora Uruguaya: Flora Vascular del Uruguay. ISSN 3121-2050, V. 1.3. [Data set]. Zenodo. https://doi.org/10.5281/zenodo.20547117",https://florauruguaya.org/taxonomias/potamogeton-spirilliformis
wfo-0000771224,Hidrófita,Potamogetonaceae,Stuckenia pectinata (L.) Börner,Stuckenia pectinata, (L.) Börner,"Fl. Deut. Volk 713, 1912.","Marchesi, E., Mailhos, A., & Bonifacino, J. M. (2026). Flora Uruguaya: Flora Vascular del Uruguay. ISSN 3121-2050, V. 1.3. [Data set]. Zenodo. https://doi.org/10.5281/zenodo.20547117",https://florauruguaya.org/taxonomias/stuckenia-pectinata
wfo-0000739450,Hidrófita,Potamogetonaceae,Stuckenia striata (Ruiz & Pav.) Holub,Stuckenia striata, (Ruiz & Pav.) Holub,"Preslia 68(4): 364, 1997.","Marchesi, E., Mailhos, A., & Bonifacino, J. M. (2026). Flora Uruguaya: Flora Vascular del Uruguay. ISSN 3121-2050, V. 1.3. [Data set]. Zenodo. https://doi.org/10.5281/zenodo.20547117",https://florauruguaya.org/taxonomias/stuckenia-striata
wfo-0000770293,Hidrófita,Potamogetonaceae,Zannichellia palustris L.,Zannichellia palustris, L.,"Sp. Pl. [Linnaeus] 2: 969, 1753.","Marchesi, E., Mailhos, A., & Bonifacino, J. M. (2026). Flora Uruguaya: Flora Vascular del Uruguay. ISSN 3121-2050, V. 1.3. [Data set]. Zenodo. https://doi.org/10.5281/zenodo.20547117",https://florauruguaya.org/taxonomias/zannichellia-palustris
wfo-0000770081,Hidrófita,Ruppiaceae,Ruppia maritima L.,Ruppia maritima, L.,"Sp. Pl. [Linnaeus] 1: 127, 1753.","Marchesi, E., Mailhos, A., & Bonifacino, J. M. (2026). Flora Uruguaya: Flora Vascular del Uruguay. ISSN 3121-2050, V. 1.3. [Data set]. Zenodo. https://doi.org/10.5281/zenodo.20547117",https://florauruguaya.org/taxonomias/ruppia-maritima
wfo-0001109619,Hidrófita,Salviniaceae,Azolla caroliniana Willd.,Azolla caroliniana, Willd.,"Sp. Pl., ed. 4 [Willdenow] 5: 541, 1810.","Marchesi, E., Mailhos, A., & Bonifacino, J. M. (2026). Flora Uruguaya: Flora Vascular del Uruguay. ISSN 3121-2050, V. 1.3. [Data set]. Zenodo. https://doi.org/10.5281/zenodo.20547117",https://florauruguaya.org/taxonomias/azolla-caroliniana
wfo-0001114055,Hidrófita,Salviniaceae,Azolla microphylla Kaulf.,Azolla microphylla, Kaulf.,"Enum. Filic. 273, 1824.","Marchesi, E., Mailhos, A., & Bonifacino, J. M. (2026). Flora Uruguaya: Flora Vascular del Uruguay. ISSN 3121-2050, V. 1.3. [Data set]. Zenodo. https://doi.org/10.5281/zenodo.20547117",https://florauruguaya.org/taxonomias/azolla-microphylla
wfo-0001109617,Hidrófita,Salviniaceae,Salvinia auriculata Aubl.,Salvinia auriculata, Aubl.,"Hist. Pl. Guiane 2: 969, t.367, 1775.","Marchesi, E., Mailhos, A., & Bonifacino, J. M. (2026). Flora Uruguaya: Flora Vascular del Uruguay. ISSN 3121-2050, V. 1.3. [Data set]. Zenodo. https://doi.org/10.5281/zenodo.20547117",https://florauruguaya.org/taxonomias/salvinia-auriculata
wfo-0001261668,Hidrófita,Salviniaceae,Salvinia biloba Raddi,Salvinia biloba, Raddi,"Pl. Bras. Nov. Gen. 1: 1, t.1, f.4, 1825.","Marchesi, E., Mailhos, A., & Bonifacino, J. M. (2026). Flora Uruguaya: Flora Vascular del Uruguay. ISSN 3121-2050, V. 1.3. [Data set]. Zenodo. https://doi.org/10.5281/zenodo.20547117",https://florauruguaya.org/taxonomias/salvinia-biloba
wfo-0001115650,Hidrófita,Salviniaceae,Salvinia herzogii de la Sota,Salvinia herzogii, de la Sota,"Darwiniana 12: 514, 1962.","Marchesi, E., Mailhos, A., & Bonifacino, J. M. (2026). Flora Uruguaya: Flora Vascular del Uruguay. ISSN 3121-2050, V. 1.3. [Data set]. Zenodo. https://doi.org/10.5281/zenodo.20547117",https://florauruguaya.org/taxonomias/salvinia-herzogii
wfo-0001109618,Hidrófita,Salviniaceae,Salvinia minima Baker,Salvinia minima, Baker,"J. Bot. 24: 98, 1886.","Marchesi, E., Mailhos, A., & Bonifacino, J. M. (2026). Flora Uruguaya: Flora Vascular del Uruguay. ISSN 3121-2050, V. 1.3. [Data set]. Zenodo. https://doi.org/10.5281/zenodo.20547117",https://florauruguaya.org/taxonomias/salvinia-minima
wfo-0001110772,Hidrófita,Salviniaceae,Salvinia molesta D.S.Mitch.,Salvinia molesta, D.S.Mitch.,"Brit. Fern Gaz. 10: 251, 1972.","Marchesi, E., Mailhos, A., & Bonifacino, J. M. (2026). Flora Uruguaya: Flora Vascular del Uruguay. ISSN 3121-2050, V. 1.3. [Data set]. Zenodo. https://doi.org/10.5281/zenodo.20547117",https://florauruguaya.org/taxonomias/salvinia-molesta
wfo-0000719285,Hidrófita,Umbelliferae,Helosciadium nodiflorum (L.) W.D.J.Koch,Helosciadium nodiflorum, (L.) W.D.J.Koch,"Nova Acta Phys.-Med. Acad. Caes. Leop.-Carol. Nat. Cur. 12(1): 126, 1824.","Marchesi, E., Mailhos, A., & Bonifacino, J. M. (2026). Flora Uruguaya: Flora Vascular del Uruguay. ISSN 3121-2050, V. 1.3. [Data set]. Zenodo. https://doi.org/10.5281/zenodo.20547117",https://florauruguaya.org/taxonomias/helosciadium-nodiflorum
wfo-0000361245,Hidrófita,Umbelliferae,Lilaeopsis attenuata (Hook. & Arn.) Fernald,Lilaeopsis attenuata, (Hook. & Arn.) Fernald,"Rhodora 26: 94, 1924.","Marchesi, E., Mailhos, A., & Bonifacino, J. M. (2026). Flora Uruguaya: Flora Vascular del Uruguay. ISSN 3121-2050, V. 1.3. [Data set]. Zenodo. https://doi.org/10.5281/zenodo.20547117",https://florauruguaya.org/taxonomias/lilaeopsis-attenuata
wfo-0001251137,Hidrófita,Umbelliferae,Lilaeopsis brasiliensis (Glaz.) Affolter,Lilaeopsis brasiliensis, (Glaz.) Affolter,"Syst. Bot. Monogr. 6: 83, 1985.","Marchesi, E., Mailhos, A., & Bonifacino, J. M. (2026). Flora Uruguaya: Flora Vascular del Uruguay. ISSN 3121-2050, V. 1.3. [Data set]. Zenodo. https://doi.org/10.5281/zenodo.20547117",https://florauruguaya.org/taxonomias/lilaeopsis-brasiliensis
wfo-0000361216,Hidrófita,Umbelliferae,Lilaeopsis carolinensis J.M.Coult. & Rose,Lilaeopsis carolinensis, J.M.Coult. & Rose,"Bot. Gaz. 24: 48, 1897.","Marchesi, E., Mailhos, A., & Bonifacino, J. M. (2026). Flora Uruguaya: Flora Vascular del Uruguay. ISSN 3121-2050, V. 1.3. [Data set]. Zenodo. https://doi.org/10.5281/zenodo.20547117",https://florauruguaya.org/taxonomias/lilaeopsis-carolinensis
