wfo_ID,Hábito,Familia,Nombre,Autor,Pub.,BibliographicCitation,url
wfo-0000646051,Sufrútice,Acanthaceae,Dicliptera squarrosa, Nees,"Fl. Bras. [Martius] 9: 161, 1847.","Marchesi, E., Mailhos, A., & Bonifacino, J. M. (2026). Flora Uruguaya: Flora Vascular del Uruguay. ISSN 3121-2050, V. 1.3. [Data set]. Zenodo. https://doi.org/10.5281/zenodo.20547117",https://florauruguaya.org/taxonomias/dicliptera-squarrosa
wfo-0000354192,Sufrútice,Acanthaceae,Justicia brasiliana, Roth,"Nov. Pl. Sp. 17, 1821.","Marchesi, E., Mailhos, A., & Bonifacino, J. M. (2026). Flora Uruguaya: Flora Vascular del Uruguay. ISSN 3121-2050, V. 1.3. [Data set]. Zenodo. https://doi.org/10.5281/zenodo.20547117",https://florauruguaya.org/taxonomias/justicia-brasiliana
wfo-0000361350,Sufrútice,Aizoaceae,Lampranthus multiradiatus, (Jacq.) N.E.Br.,"Gard. Chron. 3(87): 71, 1830.","Marchesi, E., Mailhos, A., & Bonifacino, J. M. (2026). Flora Uruguaya: Flora Vascular del Uruguay. ISSN 3121-2050, V. 1.3. [Data set]. Zenodo. https://doi.org/10.5281/zenodo.20547117",https://florauruguaya.org/taxonomias/lampranthus-multiradiatus
wfo-0000705978,Sufrútice,Amaranthaceae,Gomphrena elegans, Mart.,"Nov. Gen. Sp. Pl. [Martius] 2(1): 17, t. 119, 1826.","Marchesi, E., Mailhos, A., & Bonifacino, J. M. (2026). Flora Uruguaya: Flora Vascular del Uruguay. ISSN 3121-2050, V. 1.3. [Data set]. Zenodo. https://doi.org/10.5281/zenodo.20547117",https://florauruguaya.org/taxonomias/gomphrena-elegans
wfo-1000085903,Sufrútice,Amaranthaceae,Holmbergia tweediei, (Moq.) Speg.,"Physis [Buenos Aires] 2: 178, 1916.","Marchesi, E., Mailhos, A., & Bonifacino, J. M. (2026). Flora Uruguaya: Flora Vascular del Uruguay. ISSN 3121-2050, V. 1.3. [Data set]. Zenodo. https://doi.org/10.5281/zenodo.20547117",https://florauruguaya.org/taxonomias/holmbergia-tweediei
wfo-0001049834,Sufrútice,Anacardiaceae,Schinus weinmanniifolia, Mart. ex Engl.,"Fl. Bras. [Martius] 12(2): 385, 1876.","Marchesi, E., Mailhos, A., & Bonifacino, J. M. (2026). Flora Uruguaya: Flora Vascular del Uruguay. ISSN 3121-2050, V. 1.3. [Data set]. Zenodo. https://doi.org/10.5281/zenodo.20547117",https://florauruguaya.org/taxonomias/schinus-weinmanniifolia
wfo-1000026529,Sufrútice,Apocynaceae,Cristobalia australis, (Malme) H.A.Keller & Liede,"Fl. Vasc. Argent. 19(2): 44, 2021.","Marchesi, E., Mailhos, A., & Bonifacino, J. M. (2026). Flora Uruguaya: Flora Vascular del Uruguay. ISSN 3121-2050, V. 1.3. [Data set]. Zenodo. https://doi.org/10.5281/zenodo.20547117",https://florauruguaya.org/taxonomias/cristobalia-australis
wfo-1000026530,Sufrútice,Apocynaceae,Cristobalia hispida, (Hook. & Arn.) H.A.Keller & Liede,"Fl. Vasc. Argent. 19(2): 46, 2021.","Marchesi, E., Mailhos, A., & Bonifacino, J. M. (2026). Flora Uruguaya: Flora Vascular del Uruguay. ISSN 3121-2050, V. 1.3. [Data set]. Zenodo. https://doi.org/10.5281/zenodo.20547117",https://florauruguaya.org/taxonomias/cristobalia-hispida
wfo-0000705657,Sufrútice,Apocynaceae,Gomphocarpus fruticosus, (L.) Aiton,"Hort. Kew., ed. 2 [W.T. Aiton] 2: 80, 1811.","Marchesi, E., Mailhos, A., & Bonifacino, J. M. (2026). Flora Uruguaya: Flora Vascular del Uruguay. ISSN 3121-2050, V. 1.3. [Data set]. Zenodo. https://doi.org/10.5281/zenodo.20547117",https://florauruguaya.org/taxonomias/gomphocarpus-fruticosus
wfo-0000705729,Sufrútice,Apocynaceae,Gomphocarpus physocarpus, E.Mey.,"Comm. Pl. Afr. Austr. (Meyer) 202, 1838.","Marchesi, E., Mailhos, A., & Bonifacino, J. M. (2026). Flora Uruguaya: Flora Vascular del Uruguay. ISSN 3121-2050, V. 1.3. [Data set]. Zenodo. https://doi.org/10.5281/zenodo.20547117",https://florauruguaya.org/taxonomias/gomphocarpus-physocarpus
wfo-1000023925,Sufrútice,Apocynaceae,Oxypetalum brussae, H.A.Keller & Andrés González,"Darwiniana 8(1): 319, 2020.","Marchesi, E., Mailhos, A., & Bonifacino, J. M. (2026). Flora Uruguaya: Flora Vascular del Uruguay. ISSN 3121-2050, V. 1.3. [Data set]. Zenodo. https://doi.org/10.5281/zenodo.20547117",https://florauruguaya.org/taxonomias/oxypetalum-brussae
wfo-0000384964,Sufrútice,Apocynaceae,Oxypetalum capitatum, Mart.,"Nov. Gen. Sp. Pl. [Martius] 1(3): 50, 1824.","Marchesi, E., Mailhos, A., & Bonifacino, J. M. (2026). Flora Uruguaya: Flora Vascular del Uruguay. ISSN 3121-2050, V. 1.3. [Data set]. Zenodo. https://doi.org/10.5281/zenodo.20547117",https://florauruguaya.org/taxonomias/oxypetalum-capitatum
wfo-0001102285,Sufrútice,Apocynaceae,Oxypetalum coeruleum, (D.Don ex Sweet) Decne.,"Prodr. [A. P. de Candolle] 8: 585, 1844.","Marchesi, E., Mailhos, A., & Bonifacino, J. M. (2026). Flora Uruguaya: Flora Vascular del Uruguay. ISSN 3121-2050, V. 1.3. [Data set]. Zenodo. https://doi.org/10.5281/zenodo.20547117",https://florauruguaya.org/taxonomias/oxypetalum-coeruleum
wfo-0000384985,Sufrútice,Apocynaceae,Oxypetalum crispum, Wight ex Hook. & Arn.,"J. Bot. [Hooker] 1: 288, 1834.","Marchesi, E., Mailhos, A., & Bonifacino, J. M. (2026). Flora Uruguaya: Flora Vascular del Uruguay. ISSN 3121-2050, V. 1.3. [Data set]. Zenodo. https://doi.org/10.5281/zenodo.20547117",https://florauruguaya.org/taxonomias/oxypetalum-crispum
wfo-1000006101,Sufrútice,Apocynaceae,Oxypetalum marchesii, C.Ezcurra & Andrés González,"Syst. Bot. 43(3): 814, 2018.","Marchesi, E., Mailhos, A., & Bonifacino, J. M. (2026). Flora Uruguaya: Flora Vascular del Uruguay. ISSN 3121-2050, V. 1.3. [Data set]. Zenodo. https://doi.org/10.5281/zenodo.20547117",https://florauruguaya.org/taxonomias/oxypetalum-marchesii
wfo-0001102293,Sufrútice,Apocynaceae,Oxypetalum microphyllum, Hook. & Arn.,"J. Bot. [Hooker] 1: 289, 1834.","Marchesi, E., Mailhos, A., & Bonifacino, J. M. (2026). Flora Uruguaya: Flora Vascular del Uruguay. ISSN 3121-2050, V. 1.3. [Data set]. Zenodo. https://doi.org/10.5281/zenodo.20547117",https://florauruguaya.org/taxonomias/oxypetalum-microphyllum
wfo-0000385068,Sufrútice,Apocynaceae,Oxypetalum muticum, E.Fourn.,"Fl. Bras. [Martius] 6(4): 277, 1885.","Marchesi, E., Mailhos, A., & Bonifacino, J. M. (2026). Flora Uruguaya: Flora Vascular del Uruguay. ISSN 3121-2050, V. 1.3. [Data set]. Zenodo. https://doi.org/10.5281/zenodo.20547117",https://florauruguaya.org/taxonomias/oxypetalum-muticum
wfo-0001341872,Sufrútice,Apocynaceae,Oxypetalum nigricans, (Decne.) Liede & Meve,"Phytotaxa 202(1): 39, 2015.","Marchesi, E., Mailhos, A., & Bonifacino, J. M. (2026). Flora Uruguaya: Flora Vascular del Uruguay. ISSN 3121-2050, V. 1.3. [Data set]. Zenodo. https://doi.org/10.5281/zenodo.20547117",https://florauruguaya.org/taxonomias/oxypetalum-nigricans
wfo-1000040988,Sufrútice,Boraginaceae,Antiphytum berroi, (Arechav.) N.Mend. & Flores Olv.,"Novon 30: 85, 2022.","Marchesi, E., Mailhos, A., & Bonifacino, J. M. (2026). Flora Uruguaya: Flora Vascular del Uruguay. ISSN 3121-2050, V. 1.3. [Data set]. Zenodo. https://doi.org/10.5281/zenodo.20547117",https://florauruguaya.org/taxonomias/antiphytum-berroi
wfo-0001291617,Sufrútice,Caryophyllaceae,Cardionema ramosissimum, (Weinm.) A.Nelson & J.F.Macbr.,"Bot. Gaz. 56(6): 473, 1913.","Marchesi, E., Mailhos, A., & Bonifacino, J. M. (2026). Flora Uruguaya: Flora Vascular del Uruguay. ISSN 3121-2050, V. 1.3. [Data set]. Zenodo. https://doi.org/10.5281/zenodo.20547117",https://florauruguaya.org/taxonomias/cardionema-ramosissimum
wfo-0001291420,Sufrútice,Caryophyllaceae,Spergularia rupestris, Cambess.,"Fl. Bras. Merid. [A. St.-Hil.] 2(15): 176, 1830.","Marchesi, E., Mailhos, A., & Bonifacino, J. M. (2026). Flora Uruguaya: Flora Vascular del Uruguay. ISSN 3121-2050, V. 1.3. [Data set]. Zenodo. https://doi.org/10.5281/zenodo.20547117",https://florauruguaya.org/taxonomias/spergularia-rupestris
wfo-1000007785,Sufrútice,Cleomaceae,Tarenaya titubans, (Speg.) Soares Neto & Roalson,"Acta Bot. Brasil. 32(4): 544, 2018.","Marchesi, E., Mailhos, A., & Bonifacino, J. M. (2026). Flora Uruguaya: Flora Vascular del Uruguay. ISSN 3121-2050, V. 1.3. [Data set]. Zenodo. https://doi.org/10.5281/zenodo.20547117",https://florauruguaya.org/taxonomias/tarenaya-titubans
wfo-1000007787,Sufrútice,Cleomaceae,Tarenaya trachycarpa, (Klotzsch ex Eichler) Soares Neto & Roalson,"Acta Bot. Brasil. 32(4): 544, 2018.","Marchesi, E., Mailhos, A., & Bonifacino, J. M. (2026). Flora Uruguaya: Flora Vascular del Uruguay. ISSN 3121-2050, V. 1.3. [Data set]. Zenodo. https://doi.org/10.5281/zenodo.20547117",https://florauruguaya.org/taxonomias/tarenaya-trachycarpa
wfo-0000070231,Sufrútice,Compositae,Acanthostyles buniifolius, (Hook. & Arn.) R.M.King & H.Rob.,"Phytologia 22: 111, 1971.","Marchesi, E., Mailhos, A., & Bonifacino, J. M. (2026). Flora Uruguaya: Flora Vascular del Uruguay. ISSN 3121-2050, V. 1.3. [Data set]. Zenodo. https://doi.org/10.5281/zenodo.20547117",https://florauruguaya.org/taxonomias/acanthostyles-buniifolius
wfo-0001332051,Sufrútice,Compositae,Aldama pilosa, (Baker) E.E.Schil. & Panero,"Bot. J. Linn. Soc. 167(3): 324, 2011.","Marchesi, E., Mailhos, A., & Bonifacino, J. M. (2026). Flora Uruguaya: Flora Vascular del Uruguay. ISSN 3121-2050, V. 1.3. [Data set]. Zenodo. https://doi.org/10.5281/zenodo.20547117",https://florauruguaya.org/taxonomias/aldama-pilosa
wfo-0000040535,Sufrútice,Compositae,Aspilia silphioides, (Hook. & Arn.) Benth. & Hook.f. ex Baker,"Fl. Bras. [Martius] 6(3): 197, 1884.","Marchesi, E., Mailhos, A., & Bonifacino, J. M. (2026). Flora Uruguaya: Flora Vascular del Uruguay. ISSN 3121-2050, V. 1.3. [Data set]. Zenodo. https://doi.org/10.5281/zenodo.20547117",https://florauruguaya.org/taxonomias/aspilia-silphioides
wfo-0000089363,Sufrútice,Compositae,Austroeupatorium laetevirens, (Hook. & Arn.) R.M.King & H.Rob.,"Phytologia 19(7): 434, 1970.","Marchesi, E., Mailhos, A., & Bonifacino, J. M. (2026). Flora Uruguaya: Flora Vascular del Uruguay. ISSN 3121-2050, V. 1.3. [Data set]. Zenodo. https://doi.org/10.5281/zenodo.20547117",https://florauruguaya.org/taxonomias/austroeupatorium-laetevirens
wfo-1000078763,Sufrútice,Compositae,Austroeupatorium steviifolium, (DC.) Mailhos & Bonif.,"Phytotaxa 683(2): 127, 2025.","Marchesi, E., Mailhos, A., & Bonifacino, J. M. (2026). Flora Uruguaya: Flora Vascular del Uruguay. ISSN 3121-2050, V. 1.3. [Data set]. Zenodo. https://doi.org/10.5281/zenodo.20547117",https://florauruguaya.org/taxonomias/austroeupatorium-steviifolium
wfo-0000000594,Sufrútice,Compositae,Baccharis arenaria, Baker in Mart.,"Fl. Bras. [Martius] 6(3): 62, 1882.","Marchesi, E., Mailhos, A., & Bonifacino, J. M. (2026). Flora Uruguaya: Flora Vascular del Uruguay. ISSN 3121-2050, V. 1.3. [Data set]. Zenodo. https://doi.org/10.5281/zenodo.20547117",https://florauruguaya.org/taxonomias/baccharis-arenaria
wfo-0000019649,Sufrútice,Compositae,Baccharis artemisioides, Hook. & Arn.,"J. Bot. [Hooker] 3: 41, 1841.","Marchesi, E., Mailhos, A., & Bonifacino, J. M. (2026). Flora Uruguaya: Flora Vascular del Uruguay. ISSN 3121-2050, V. 1.3. [Data set]. Zenodo. https://doi.org/10.5281/zenodo.20547117",https://florauruguaya.org/taxonomias/baccharis-artemisioides
wfo-0000046508,Sufrútice,Compositae,Baccharis breviseta, DC.,"Prodr. [A. P. de Candolle] 5: 402, 1836.","Marchesi, E., Mailhos, A., & Bonifacino, J. M. (2026). Flora Uruguaya: Flora Vascular del Uruguay. ISSN 3121-2050, V. 1.3. [Data set]. Zenodo. https://doi.org/10.5281/zenodo.20547117",https://florauruguaya.org/taxonomias/baccharis-breviseta
wfo-0000005974,Sufrútice,Compositae,Baccharis coridifolia, DC.,"Prodr. [A. P. de Candolle] 5: 422, 1836.","Marchesi, E., Mailhos, A., & Bonifacino, J. M. (2026). Flora Uruguaya: Flora Vascular del Uruguay. ISSN 3121-2050, V. 1.3. [Data set]. Zenodo. https://doi.org/10.5281/zenodo.20547117",https://florauruguaya.org/taxonomias/baccharis-coridifolia
wfo-0000018354,Sufrútice,Compositae,Baccharis crispa, Spreng.,"Syst. Veg., ed. 16 [Sprengel] 3: 466, 1826.","Marchesi, E., Mailhos, A., & Bonifacino, J. M. (2026). Flora Uruguaya: Flora Vascular del Uruguay. ISSN 3121-2050, V. 1.3. [Data set]. Zenodo. https://doi.org/10.5281/zenodo.20547117",https://florauruguaya.org/taxonomias/baccharis-crispa
wfo-0000063440,Sufrútice,Compositae,Baccharis darwinii, Hook. & Arn.,"J. Bot. [Hooker] 3: 39, 1841.","Marchesi, E., Mailhos, A., & Bonifacino, J. M. (2026). Flora Uruguaya: Flora Vascular del Uruguay. ISSN 3121-2050, V. 1.3. [Data set]. Zenodo. https://doi.org/10.5281/zenodo.20547117",https://florauruguaya.org/taxonomias/baccharis-darwinii
wfo-0000138774,Sufrútice,Compositae,Baccharis gnaphalioides, Spreng.,"Syst. Veg., ed. 16 [Sprengel] 3: 461, 1826.","Marchesi, E., Mailhos, A., & Bonifacino, J. M. (2026). Flora Uruguaya: Flora Vascular del Uruguay. ISSN 3121-2050, V. 1.3. [Data set]. Zenodo. https://doi.org/10.5281/zenodo.20547117",https://florauruguaya.org/taxonomias/baccharis-gnaphalioides
wfo-0000082337,Sufrútice,Compositae,Baccharis heeringiana, Malag.,"Contr. Inst. Geobiol. La Salle Canoas 3: 6, 1954.","Marchesi, E., Mailhos, A., & Bonifacino, J. M. (2026). Flora Uruguaya: Flora Vascular del Uruguay. ISSN 3121-2050, V. 1.3. [Data set]. Zenodo. https://doi.org/10.5281/zenodo.20547117",https://florauruguaya.org/taxonomias/baccharis-heeringiana
wfo-0000120575,Sufrútice,Compositae,Baccharis jocheniana, G.Heiden & Macias,"Novon 19(2): 178, 2008.","Marchesi, E., Mailhos, A., & Bonifacino, J. M. (2026). Flora Uruguaya: Flora Vascular del Uruguay. ISSN 3121-2050, V. 1.3. [Data set]. Zenodo. https://doi.org/10.5281/zenodo.20547117",https://florauruguaya.org/taxonomias/baccharis-jocheniana
wfo-0000123556,Sufrútice,Compositae,Baccharis leptophylla, DC.,"Prodr. [A. P. de Candolle] 5: 423, 1836.","Marchesi, E., Mailhos, A., & Bonifacino, J. M. (2026). Flora Uruguaya: Flora Vascular del Uruguay. ISSN 3121-2050, V. 1.3. [Data set]. Zenodo. https://doi.org/10.5281/zenodo.20547117",https://florauruguaya.org/taxonomias/baccharis-leptophylla
wfo-0000087775,Sufrútice,Compositae,Baccharis ochracea, Spreng.,"Syst. Veg., ed. 16 [Sprengel] 3: 460, 1826.","Marchesi, E., Mailhos, A., & Bonifacino, J. M. (2026). Flora Uruguaya: Flora Vascular del Uruguay. ISSN 3121-2050, V. 1.3. [Data set]. Zenodo. https://doi.org/10.5281/zenodo.20547117",https://florauruguaya.org/taxonomias/baccharis-ochracea
wfo-0000020234,Sufrútice,Compositae,Baccharis phyteumoides, (Less.) DC.,"Prodr. [A. P. de Candolle] 5: 425, 1836.","Marchesi, E., Mailhos, A., & Bonifacino, J. M. (2026). Flora Uruguaya: Flora Vascular del Uruguay. ISSN 3121-2050, V. 1.3. [Data set]. Zenodo. https://doi.org/10.5281/zenodo.20547117",https://florauruguaya.org/taxonomias/baccharis-phyteumoides
wfo-1000025680,Sufrútice,Compositae,Baccharis rectialata," Valt., Bonif., G.Heiden & Marchesi","Phytotaxa 478(2): 257, 2021.","Marchesi, E., Mailhos, A., & Bonifacino, J. M. (2026). Flora Uruguaya: Flora Vascular del Uruguay. ISSN 3121-2050, V. 1.3. [Data set]. Zenodo. https://doi.org/10.5281/zenodo.20547117",https://florauruguaya.org/taxonomias/baccharis-rectialata
wfo-0000119605,Sufrútice,Compositae,Baccharis riograndensis, Malag. & J.Vidal,"Bol. Inform. Inst. Geobiol. La Salle 1: 13, 1949.","Marchesi, E., Mailhos, A., & Bonifacino, J. M. (2026). Flora Uruguaya: Flora Vascular del Uruguay. ISSN 3121-2050, V. 1.3. [Data set]. Zenodo. https://doi.org/10.5281/zenodo.20547117",https://florauruguaya.org/taxonomias/baccharis-riograndensis
wfo-0000076182,Sufrútice,Compositae,Baccharis sessiliflora, Vahl,"Symb. Bot. [Vahl] 3: 97, 1794.","Marchesi, E., Mailhos, A., & Bonifacino, J. M. (2026). Flora Uruguaya: Flora Vascular del Uruguay. ISSN 3121-2050, V. 1.3. [Data set]. Zenodo. https://doi.org/10.5281/zenodo.20547117",https://florauruguaya.org/taxonomias/baccharis-sessiliflora
wfo-0000011819,Sufrútice,Compositae,Baccharis trimera, (Less.) DC.,"Prodr. [A. P. de Candolle] 5: 425, 1836.","Marchesi, E., Mailhos, A., & Bonifacino, J. M. (2026). Flora Uruguaya: Flora Vascular del Uruguay. ISSN 3121-2050, V. 1.3. [Data set]. Zenodo. https://doi.org/10.5281/zenodo.20547117",https://florauruguaya.org/taxonomias/baccharis-trimera
wfo-0000081525,Sufrútice,Compositae,Baccharis ulicina, Hook. & Arn.,"J. Bot. [Hooker] 3: 38, 1840.","Marchesi, E., Mailhos, A., & Bonifacino, J. M. (2026). Flora Uruguaya: Flora Vascular del Uruguay. ISSN 3121-2050, V. 1.3. [Data set]. Zenodo. https://doi.org/10.5281/zenodo.20547117",https://florauruguaya.org/taxonomias/baccharis-ulicina
wfo-0000022465,Sufrútice,Compositae,Calea clematidea, Baker,"Fl. Bras. [Martius] 6(3): 262, 1884.","Marchesi, E., Mailhos, A., & Bonifacino, J. M. (2026). Flora Uruguaya: Flora Vascular del Uruguay. ISSN 3121-2050, V. 1.3. [Data set]. Zenodo. https://doi.org/10.5281/zenodo.20547117",https://florauruguaya.org/taxonomias/calea-clematidea
wfo-0000026303,Sufrútice,Compositae,Campovassouria cruciata, (Vell.) R.M.King & H.Rob.,"Phytologia 49: 3, 1981.","Marchesi, E., Mailhos, A., & Bonifacino, J. M. (2026). Flora Uruguaya: Flora Vascular del Uruguay. ISSN 3121-2050, V. 1.3. [Data set]. Zenodo. https://doi.org/10.5281/zenodo.20547117",https://florauruguaya.org/taxonomias/campovassouria-cruciata
wfo-1000056240,Sufrútice,Compositae,Chromolaena ivifolia, (L.) R.M.King & H.Rob.,"Phytologia 20(3): 202, 1970.","Marchesi, E., Mailhos, A., & Bonifacino, J. M. (2026). Flora Uruguaya: Flora Vascular del Uruguay. ISSN 3121-2050, V. 1.3. [Data set]. Zenodo. https://doi.org/10.5281/zenodo.20547117",https://florauruguaya.org/taxonomias/chromolaena-ivifolia
wfo-0000090695,Sufrútice,Compositae,Chromolaena laevigata, (Lam.) R.M.King & H.Rob.,"Phytologia 20(3): 202, 1970.","Marchesi, E., Mailhos, A., & Bonifacino, J. M. (2026). Flora Uruguaya: Flora Vascular del Uruguay. ISSN 3121-2050, V. 1.3. [Data set]. Zenodo. https://doi.org/10.5281/zenodo.20547117",https://florauruguaya.org/taxonomias/chromolaena-laevigata
wfo-0000031251,Sufrútice,Compositae,Chromolaena pedunculosa, (Hook. & Arn.) R.M.King & H.Rob.,"Phytologia 47: 231, 1980.","Marchesi, E., Mailhos, A., & Bonifacino, J. M. (2026). Flora Uruguaya: Flora Vascular del Uruguay. ISSN 3121-2050, V. 1.3. [Data set]. Zenodo. https://doi.org/10.5281/zenodo.20547117",https://florauruguaya.org/taxonomias/chromolaena-pedunculosa
wfo-0000137485,Sufrútice,Compositae,Chromolaena polyantha, (Sch.Bip. ex Baker) R.M.King & H.Rob.,"Phytologia 20(3): 205, 1970.","Marchesi, E., Mailhos, A., & Bonifacino, J. M. (2026). Flora Uruguaya: Flora Vascular del Uruguay. ISSN 3121-2050, V. 1.3. [Data set]. Zenodo. https://doi.org/10.5281/zenodo.20547117",https://florauruguaya.org/taxonomias/chromolaena-polyantha
wfo-0000080354,Sufrútice,Compositae,Chromolaena squarroso-ramosa, (Hieron.) R.M.King & H.Rob.,"Phytologia 20(3): 206, 1970.","Marchesi, E., Mailhos, A., & Bonifacino, J. M. (2026). Flora Uruguaya: Flora Vascular del Uruguay. ISSN 3121-2050, V. 1.3. [Data set]. Zenodo. https://doi.org/10.5281/zenodo.20547117",https://florauruguaya.org/taxonomias/chromolaena-squarroso-ramosa
wfo-0000046403,Sufrútice,Compositae,Chromolaena verbenacea, (DC.) R.M.King & H.Rob.,"Phytologia 20(3): 207, 1970.","Marchesi, E., Mailhos, A., & Bonifacino, J. M. (2026). Flora Uruguaya: Flora Vascular del Uruguay. ISSN 3121-2050, V. 1.3. [Data set]. Zenodo. https://doi.org/10.5281/zenodo.20547117",https://florauruguaya.org/taxonomias/chromolaena-verbenacea
wfo-0000114817,Sufrútice,Compositae,Chrysolaena platensis, (Spreng.) H.Rob.,"Proc. Biol. Soc. Washington 101(4): 957, 1988.","Marchesi, E., Mailhos, A., & Bonifacino, J. M. (2026). Flora Uruguaya: Flora Vascular del Uruguay. ISSN 3121-2050, V. 1.3. [Data set]. Zenodo. https://doi.org/10.5281/zenodo.20547117",https://florauruguaya.org/taxonomias/chrysolaena-platensis
wfo-0000073102,Sufrútice,Compositae,Disynaphia calyculata, (Hook. & Arn.) R.M.King & H.Rob.,"Phytologia 22: 124, 1971.","Marchesi, E., Mailhos, A., & Bonifacino, J. M. (2026). Flora Uruguaya: Flora Vascular del Uruguay. ISSN 3121-2050, V. 1.3. [Data set]. Zenodo. https://doi.org/10.5281/zenodo.20547117",https://florauruguaya.org/taxonomias/disynaphia-calyculata
wfo-1000090184,Sufrútice,Compositae,Disynaphia megapotamica, (Spreng.) P.L.R.Moraes,"Phytotaxa 596(1): 183, 2023.","Marchesi, E., Mailhos, A., & Bonifacino, J. M. (2026). Flora Uruguaya: Flora Vascular del Uruguay. ISSN 3121-2050, V. 1.3. [Data set]. Zenodo. https://doi.org/10.5281/zenodo.20547117",https://florauruguaya.org/taxonomias/disynaphia-megapotamica
wfo-0000000347,Sufrútice,Compositae,Disynaphia spathulata, (Hook. & Arn.) R.M.King & H.Rob.,"Phytologia 22: 125, 1971.","Marchesi, E., Mailhos, A., & Bonifacino, J. M. (2026). Flora Uruguaya: Flora Vascular del Uruguay. ISSN 3121-2050, V. 1.3. [Data set]. Zenodo. https://doi.org/10.5281/zenodo.20547117",https://florauruguaya.org/taxonomias/disynaphia-spathulata
wfo-0000079191,Sufrútice,Compositae,Grazielia brevipetiolata, (Sch.Bip. ex Baker) R.M.King & H.Rob.,"Phytologia 65(6): 487, 1989.","Marchesi, E., Mailhos, A., & Bonifacino, J. M. (2026). Flora Uruguaya: Flora Vascular del Uruguay. ISSN 3121-2050, V. 1.3. [Data set]. Zenodo. https://doi.org/10.5281/zenodo.20547117",https://florauruguaya.org/taxonomias/grazielia-brevipetiolata
wfo-0000135343,Sufrútice,Compositae,Grindelia brachystephana, Griseb.,"Abh. Königl. Ges. Wiss. Göttingen 24: 178, 1879.","Marchesi, E., Mailhos, A., & Bonifacino, J. M. (2026). Flora Uruguaya: Flora Vascular del Uruguay. ISSN 3121-2050, V. 1.3. [Data set]. Zenodo. https://doi.org/10.5281/zenodo.20547117",https://florauruguaya.org/taxonomias/grindelia-brachystephana
wfo-0000113325,Sufrútice,Compositae,Grindelia linearifolia," Adr.Bartoli, Tortosa & Marchesi","Brittonia 48: 75, 1996.","Marchesi, E., Mailhos, A., & Bonifacino, J. M. (2026). Flora Uruguaya: Flora Vascular del Uruguay. ISSN 3121-2050, V. 1.3. [Data set]. Zenodo. https://doi.org/10.5281/zenodo.20547117",https://florauruguaya.org/taxonomias/grindelia-linearifolia
wfo-0000003276,Sufrútice,Compositae,Grindelia orientalis," Adr.Bartoli, Tortosa & G.H.Rua","Hickenia 2: 120-121, 1995.","Marchesi, E., Mailhos, A., & Bonifacino, J. M. (2026). Flora Uruguaya: Flora Vascular del Uruguay. ISSN 3121-2050, V. 1.3. [Data set]. Zenodo. https://doi.org/10.5281/zenodo.20547117",https://florauruguaya.org/taxonomias/grindelia-orientalis
wfo-0000018709,Sufrútice,Compositae,Grindelia pulchella, Dunal,"Mém. Mus. Hist. Nat. 5: 51, 1819.","Marchesi, E., Mailhos, A., & Bonifacino, J. M. (2026). Flora Uruguaya: Flora Vascular del Uruguay. ISSN 3121-2050, V. 1.3. [Data set]. Zenodo. https://doi.org/10.5281/zenodo.20547117",https://florauruguaya.org/taxonomias/grindelia-pulchella
wfo-0000013812,Sufrútice,Compositae,Grindelia rupestris," Adr.Bartoli, Tortosa & Marchesi","Brittonia 48: 78, 1996.","Marchesi, E., Mailhos, A., & Bonifacino, J. M. (2026). Flora Uruguaya: Flora Vascular del Uruguay. ISSN 3121-2050, V. 1.3. [Data set]. Zenodo. https://doi.org/10.5281/zenodo.20547117",https://florauruguaya.org/taxonomias/grindelia-rupestris
wfo-1200115163,Sufrútice,Compositae,Gyptis oblongifolia, (Spreng.) Rebouças & Grossi,"Phytotaxa 722(2): 192, 2025.","Marchesi, E., Mailhos, A., & Bonifacino, J. M. (2026). Flora Uruguaya: Flora Vascular del Uruguay. ISSN 3121-2050, V. 1.3. [Data set]. Zenodo. https://doi.org/10.5281/zenodo.20547117",https://florauruguaya.org/taxonomias/gyptis-oblongifolia
wfo-0000015921,Sufrútice,Compositae,Hatschbachiella tweedieana, (Hook. & Arn.) R.M.King & H.Rob.,"Phytologia 23: 394, 1972.","Marchesi, E., Mailhos, A., & Bonifacino, J. M. (2026). Flora Uruguaya: Flora Vascular del Uruguay. ISSN 3121-2050, V. 1.3. [Data set]. Zenodo. https://doi.org/10.5281/zenodo.20547117",https://florauruguaya.org/taxonomias/hatschbachiella-tweedieana
wfo-1000027453,Sufrútice,Compositae,Hysterionica chamomilloides, Deble,"Phytotaxa 482(1): 37, 2021.","Marchesi, E., Mailhos, A., & Bonifacino, J. M. (2026). Flora Uruguaya: Flora Vascular del Uruguay. ISSN 3121-2050, V. 1.3. [Data set]. Zenodo. https://doi.org/10.5281/zenodo.20547117",https://florauruguaya.org/taxonomias/hysterionica-chamomilloides
wfo-0000117827,Sufrútice,Compositae,Jungia floribunda, Less.,"Linnaea 5: 38, 1830.","Marchesi, E., Mailhos, A., & Bonifacino, J. M. (2026). Flora Uruguaya: Flora Vascular del Uruguay. ISSN 3121-2050, V. 1.3. [Data set]. Zenodo. https://doi.org/10.5281/zenodo.20547117",https://florauruguaya.org/taxonomias/jungia-floribunda
wfo-0000128420,Sufrútice,Compositae,Lessingianthus brevifolius, (Less.) H.Rob.,"Proc. Biol. Soc. Washington 101(4): 941, 1988.","Marchesi, E., Mailhos, A., & Bonifacino, J. M. (2026). Flora Uruguaya: Flora Vascular del Uruguay. ISSN 3121-2050, V. 1.3. [Data set]. Zenodo. https://doi.org/10.5281/zenodo.20547117",https://florauruguaya.org/taxonomias/lessingianthus-brevifolius
wfo-0000032925,Sufrútice,Compositae,Lessingianthus glabratus, (Less.) H.Rob.,"Proc. Biol. Soc. Washington 101(4): 943, 1988.","Marchesi, E., Mailhos, A., & Bonifacino, J. M. (2026). Flora Uruguaya: Flora Vascular del Uruguay. ISSN 3121-2050, V. 1.3. [Data set]. Zenodo. https://doi.org/10.5281/zenodo.20547117",https://florauruguaya.org/taxonomias/lessingianthus-glabratus
wfo-0000056788,Sufrútice,Compositae,Lessingianthus intermedius, (DC.) Dematt.,"Rodriguésia 61(2): 238, 2010.","Marchesi, E., Mailhos, A., & Bonifacino, J. M. (2026). Flora Uruguaya: Flora Vascular del Uruguay. ISSN 3121-2050, V. 1.3. [Data set]. Zenodo. https://doi.org/10.5281/zenodo.20547117",https://florauruguaya.org/taxonomias/lessingianthus-intermedius
wfo-0000051184,Sufrútice,Compositae,Lessingianthus laniferus, (Cristóbal & Dematt.) M.B.Angulo,"Rodriguésia 61(2): 238, 2010.","Marchesi, E., Mailhos, A., & Bonifacino, J. M. (2026). Flora Uruguaya: Flora Vascular del Uruguay. ISSN 3121-2050, V. 1.3. [Data set]. Zenodo. https://doi.org/10.5281/zenodo.20547117",https://florauruguaya.org/taxonomias/lessingianthus-laniferus
wfo-0000070338,Sufrútice,Compositae,Lessingianthus magnificus," Deble, Dematt. & Marchiori","Balduinia 5: 1, 2005.","Marchesi, E., Mailhos, A., & Bonifacino, J. M. (2026). Flora Uruguaya: Flora Vascular del Uruguay. ISSN 3121-2050, V. 1.3. [Data set]. Zenodo. https://doi.org/10.5281/zenodo.20547117",https://florauruguaya.org/taxonomias/lessingianthus-magnificus
wfo-0000033659,Sufrútice,Compositae,Lessingianthus rubricaulis, (Bonpl.) H.Rob.,"Proc. Biol. Soc. Washington 101(4): 948, 1988.","Marchesi, E., Mailhos, A., & Bonifacino, J. M. (2026). Flora Uruguaya: Flora Vascular del Uruguay. ISSN 3121-2050, V. 1.3. [Data set]. Zenodo. https://doi.org/10.5281/zenodo.20547117",https://florauruguaya.org/taxonomias/lessingianthus-rubricaulis
wfo-0000006157,Sufrútice,Compositae,Mikania anethifolia, (DC.) Matzenb.,"Bradea 2(37): 259, 1978.","Marchesi, E., Mailhos, A., & Bonifacino, J. M. (2026). Flora Uruguaya: Flora Vascular del Uruguay. ISSN 3121-2050, V. 1.3. [Data set]. Zenodo. https://doi.org/10.5281/zenodo.20547117",https://florauruguaya.org/taxonomias/mikania-anethifolia
wfo-0000036592,Sufrútice,Compositae,Mikania sulcata, (Hook. & Arn.) B.L.Rob.,"Proc. Amer. Acad. Arts 47: 197, 1911.","Marchesi, E., Mailhos, A., & Bonifacino, J. M. (2026). Flora Uruguaya: Flora Vascular del Uruguay. ISSN 3121-2050, V. 1.3. [Data set]. Zenodo. https://doi.org/10.5281/zenodo.20547117",https://florauruguaya.org/taxonomias/mikania-sulcata
wfo-0000042311,Sufrútice,Compositae,Mikania thapsoides, DC.,"Prodr. [A. P. de Candolle] 5: 189, 1836.","Marchesi, E., Mailhos, A., & Bonifacino, J. M. (2026). Flora Uruguaya: Flora Vascular del Uruguay. ISSN 3121-2050, V. 1.3. [Data set]. Zenodo. https://doi.org/10.5281/zenodo.20547117",https://florauruguaya.org/taxonomias/mikania-thapsoides
wfo-0000083703,Sufrútice,Compositae,Porophyllum obscurum, (Spreng.) DC.,"Prodr. [A. P. de Candolle] 5: 651, 1836.","Marchesi, E., Mailhos, A., & Bonifacino, J. M. (2026). Flora Uruguaya: Flora Vascular del Uruguay. ISSN 3121-2050, V. 1.3. [Data set]. Zenodo. https://doi.org/10.5281/zenodo.20547117",https://florauruguaya.org/taxonomias/porophyllum-obscurum
wfo-0001318427,Sufrútice,Compositae,Porophyllum spathulatum, C.R.Carneiro & A.A.Schneid.,"Phytotaxa 173(2): 157, 2014.","Marchesi, E., Mailhos, A., & Bonifacino, J. M. (2026). Flora Uruguaya: Flora Vascular del Uruguay. ISSN 3121-2050, V. 1.3. [Data set]. Zenodo. https://doi.org/10.5281/zenodo.20547117",https://florauruguaya.org/taxonomias/porophyllum-spathulatum
wfo-0000006209,Sufrútice,Compositae,Senecio cisplatinus, Cabrera,"Brittonia 7: 71, fig. 7, 1950.","Marchesi, E., Mailhos, A., & Bonifacino, J. M. (2026). Flora Uruguaya: Flora Vascular del Uruguay. ISSN 3121-2050, V. 1.3. [Data set]. Zenodo. https://doi.org/10.5281/zenodo.20547117",https://florauruguaya.org/taxonomias/senecio-cisplatinus
wfo-0000119017,Sufrútice,Compositae,Senecio leptolobus, DC.,"Prodr. [A. P. de Candolle] 6: 419, 1838.","Marchesi, E., Mailhos, A., & Bonifacino, J. M. (2026). Flora Uruguaya: Flora Vascular del Uruguay. ISSN 3121-2050, V. 1.3. [Data set]. Zenodo. https://doi.org/10.5281/zenodo.20547117",https://florauruguaya.org/taxonomias/senecio-leptolobus
wfo-0000070220,Sufrútice,Compositae,Senecio ostenii, Mattf.,"Ostenia 325, pl. 3, 1933.","Marchesi, E., Mailhos, A., & Bonifacino, J. M. (2026). Flora Uruguaya: Flora Vascular del Uruguay. ISSN 3121-2050, V. 1.3. [Data set]. Zenodo. https://doi.org/10.5281/zenodo.20547117",https://florauruguaya.org/taxonomias/senecio-ostenii
wfo-0000073738,Sufrútice,Compositae,Senecio pinnatus, Poir.,"Encycl. [J. Lamarck & al.] Suppl. 5. 131, 1817.","Marchesi, E., Mailhos, A., & Bonifacino, J. M. (2026). Flora Uruguaya: Flora Vascular del Uruguay. ISSN 3121-2050, V. 1.3. [Data set]. Zenodo. https://doi.org/10.5281/zenodo.20547117",https://florauruguaya.org/taxonomias/senecio-pinnatus
wfo-0000029513,Sufrútice,Compositae,Senecio platensis, Arechav.,"Anales Mus. Nac. Montevideo ser. 2, 1: 11, pl. 4, 1904.","Marchesi, E., Mailhos, A., & Bonifacino, J. M. (2026). Flora Uruguaya: Flora Vascular del Uruguay. ISSN 3121-2050, V. 1.3. [Data set]. Zenodo. https://doi.org/10.5281/zenodo.20547117",https://florauruguaya.org/taxonomias/senecio-platensis
wfo-0000008712,Sufrútice,Compositae,Senecio saltensis, Hook. & Arn.,"J. Bot. [Hooker] 3: 338, 1841.","Marchesi, E., Mailhos, A., & Bonifacino, J. M. (2026). Flora Uruguaya: Flora Vascular del Uruguay. ISSN 3121-2050, V. 1.3. [Data set]. Zenodo. https://doi.org/10.5281/zenodo.20547117",https://florauruguaya.org/taxonomias/senecio-saltensis
wfo-0000038580,Sufrútice,Compositae,Senecio vira-vira, Hieron.,"Bol. Acad. Nac. Ci. 4: 354, 1882.","Marchesi, E., Mailhos, A., & Bonifacino, J. M. (2026). Flora Uruguaya: Flora Vascular del Uruguay. ISSN 3121-2050, V. 1.3. [Data set]. Zenodo. https://doi.org/10.5281/zenodo.20547117",https://florauruguaya.org/taxonomias/senecio-vira-vira
wfo-0000043828,Sufrútice,Compositae,Sommerfeltia cabrerae, Chebat.,"Hickenia 1(43): 233, 1981.","Marchesi, E., Mailhos, A., & Bonifacino, J. M. (2026). Flora Uruguaya: Flora Vascular del Uruguay. ISSN 3121-2050, V. 1.3. [Data set]. Zenodo. https://doi.org/10.5281/zenodo.20547117",https://florauruguaya.org/taxonomias/sommerfeltia-cabrerae
wfo-0000038831,Sufrútice,Compositae,Sommerfeltia spinulosa, (Spreng.) Less.,"Syn. Gen. Compos. 190, 1832.","Marchesi, E., Mailhos, A., & Bonifacino, J. M. (2026). Flora Uruguaya: Flora Vascular del Uruguay. ISSN 3121-2050, V. 1.3. [Data set]. Zenodo. https://doi.org/10.5281/zenodo.20547117",https://florauruguaya.org/taxonomias/sommerfeltia-spinulosa
wfo-0000016007,Sufrútice,Compositae,Stenocephalum megapotamicum, (Spreng.) Sch.Bip.,"Jahresber. Pollichia 20-21: 388, 1863.","Marchesi, E., Mailhos, A., & Bonifacino, J. M. (2026). Flora Uruguaya: Flora Vascular del Uruguay. ISSN 3121-2050, V. 1.3. [Data set]. Zenodo. https://doi.org/10.5281/zenodo.20547117",https://florauruguaya.org/taxonomias/stenocephalum-megapotamicum
wfo-0000018606,Sufrútice,Compositae,Stevia multiaristata, Spreng.,"Syst. Veg., ed. 16 [Sprengel] 3: 449, 1826.","Marchesi, E., Mailhos, A., & Bonifacino, J. M. (2026). Flora Uruguaya: Flora Vascular del Uruguay. ISSN 3121-2050, V. 1.3. [Data set]. Zenodo. https://doi.org/10.5281/zenodo.20547117",https://florauruguaya.org/taxonomias/stevia-multiaristata
wfo-0000062014,Sufrútice,Compositae,Tessaria absinthioides, (Hook. & Arn.) DC.,"Prodr. [A. P. de Candolle] 5: 457, 1836.","Marchesi, E., Mailhos, A., & Bonifacino, J. M. (2026). Flora Uruguaya: Flora Vascular del Uruguay. ISSN 3121-2050, V. 1.3. [Data set]. Zenodo. https://doi.org/10.5281/zenodo.20547117",https://florauruguaya.org/taxonomias/tessaria-absinthioides
wfo-0000082622,Sufrútice,Compositae,Trixis nobilis, (Vell.) Katinas,"Darwiniana 34(1-4): 74, 1996.","Marchesi, E., Mailhos, A., & Bonifacino, J. M. (2026). Flora Uruguaya: Flora Vascular del Uruguay. ISSN 3121-2050, V. 1.3. [Data set]. Zenodo. https://doi.org/10.5281/zenodo.20547117",https://florauruguaya.org/taxonomias/trixis-nobilis
wfo-0000116084,Sufrútice,Compositae,Verbesina subcordata, DC.,"Prodr. [A. P. de Candolle] 5: 614, 1836.","Marchesi, E., Mailhos, A., & Bonifacino, J. M. (2026). Flora Uruguaya: Flora Vascular del Uruguay. ISSN 3121-2050, V. 1.3. [Data set]. Zenodo. https://doi.org/10.5281/zenodo.20547117",https://florauruguaya.org/taxonomias/verbesina-subcordata
wfo-0000134016,Sufrútice,Compositae,Vernonanthura nudiflora, (Less.) H.Rob.,"Phytologia 73(2): 72, 1992.","Marchesi, E., Mailhos, A., & Bonifacino, J. M. (2026). Flora Uruguaya: Flora Vascular del Uruguay. ISSN 3121-2050, V. 1.3. [Data set]. Zenodo. https://doi.org/10.5281/zenodo.20547117",https://florauruguaya.org/taxonomias/vernonanthura-nudiflora
wfo-0001276309,Sufrútice,Cordiaceae,Varronia paucidentata, (Fresen.) Friesen,"Bull. Soc. Bot. Genève 24: 173, 1933.","Marchesi, E., Mailhos, A., & Bonifacino, J. M. (2026). Flora Uruguaya: Flora Vascular del Uruguay. ISSN 3121-2050, V. 1.3. [Data set]. Zenodo. https://doi.org/10.5281/zenodo.20547117",https://florauruguaya.org/taxonomias/varronia-paucidentata
wfo-0000794493,Sufrútice,Ephedraceae,Ephedra triandra, Tul.,"Ann. Sci. Nat., Bot. sér. 4, 10: 125, 1858, (emend.  J.H.Hunz. Bol. Soc. Argent. Bot.  2(4): 283, 1949.).","Marchesi, E., Mailhos, A., & Bonifacino, J. M. (2026). Flora Uruguaya: Flora Vascular del Uruguay. ISSN 3121-2050, V. 1.3. [Data set]. Zenodo. https://doi.org/10.5281/zenodo.20547117",https://florauruguaya.org/taxonomias/ephedra-triandra
wfo-0000943972,Sufrútice,Euphorbiaceae,Acalypha gracilis, Spreng.,"Syst. Veg., ed. 16 [Sprengel] 4(2): 315, 1827.","Marchesi, E., Mailhos, A., & Bonifacino, J. M. (2026). Flora Uruguaya: Flora Vascular del Uruguay. ISSN 3121-2050, V. 1.3. [Data set]. Zenodo. https://doi.org/10.5281/zenodo.20547117",https://florauruguaya.org/taxonomias/acalypha-gracilis
wfo-0000973829,Sufrútice,Euphorbiaceae,Acalypha multicaulis, Müll.Arg.,"Linnaea 34(1): 53, 1865.","Marchesi, E., Mailhos, A., & Bonifacino, J. M. (2026). Flora Uruguaya: Flora Vascular del Uruguay. ISSN 3121-2050, V. 1.3. [Data set]. Zenodo. https://doi.org/10.5281/zenodo.20547117",https://florauruguaya.org/taxonomias/acalypha-multicaulis
wfo-0000234861,Sufrútice,Euphorbiaceae,Acalypha senilis, Baill.,"Syst. Veg., ed. 15 bis [Roemer & Schultes] 5: 228, 1865.","Marchesi, E., Mailhos, A., & Bonifacino, J. M. (2026). Flora Uruguaya: Flora Vascular del Uruguay. ISSN 3121-2050, V. 1.3. [Data set]. Zenodo. https://doi.org/10.5281/zenodo.20547117",https://florauruguaya.org/taxonomias/acalypha-senilis
wfo-0000325884,Sufrútice,Euphorbiaceae,Bernardia asplundii, Lourteig,"Ark. Bot. n. s. 3(5): 78, 1955.","Marchesi, E., Mailhos, A., & Bonifacino, J. M. (2026). Flora Uruguaya: Flora Vascular del Uruguay. ISSN 3121-2050, V. 1.3. [Data set]. Zenodo. https://doi.org/10.5281/zenodo.20547117",https://florauruguaya.org/taxonomias/bernardia-asplundii
wfo-0000845988,Sufrútice,Euphorbiaceae,Chiropetalum griseum, Griseb.,"Abh. Königl. Ges. Wiss. Göttingen 24: 57, 1879.","Marchesi, E., Mailhos, A., & Bonifacino, J. M. (2026). Flora Uruguaya: Flora Vascular del Uruguay. ISSN 3121-2050, V. 1.3. [Data set]. Zenodo. https://doi.org/10.5281/zenodo.20547117",https://florauruguaya.org/taxonomias/chiropetalum-griseum
wfo-0000846008,Sufrútice,Euphorbiaceae,Chiropetalum intermedium, Pax & K.Hoffm.,"Pflanzenr. [Engler] 4, Fam. 147, VI: 91, 1912.","Marchesi, E., Mailhos, A., & Bonifacino, J. M. (2026). Flora Uruguaya: Flora Vascular del Uruguay. ISSN 3121-2050, V. 1.3. [Data set]. Zenodo. https://doi.org/10.5281/zenodo.20547117",https://florauruguaya.org/taxonomias/chiropetalum-intermedium
wfo-1000065344,Sufrútice,Euphorbiaceae,Chiropetalum latifolium, (Chodat & Hassl.) Külkamp & Iganci,"Acta Bot. Brasil. 38: e20230220, 2024.","Marchesi, E., Mailhos, A., & Bonifacino, J. M. (2026). Flora Uruguaya: Flora Vascular del Uruguay. ISSN 3121-2050, V. 1.3. [Data set]. Zenodo. https://doi.org/10.5281/zenodo.20547117",https://florauruguaya.org/taxonomias/chiropetalum-latifolium
wfo-0000846031,Sufrútice,Euphorbiaceae,Chiropetalum molle, (Müll.Arg.) Pax & K.Hoffm.,"Pflanzenr. [Engler] 4, Fam. 147, VI: 87, 1912.","Marchesi, E., Mailhos, A., & Bonifacino, J. M. (2026). Flora Uruguaya: Flora Vascular del Uruguay. ISSN 3121-2050, V. 1.3. [Data set]. Zenodo. https://doi.org/10.5281/zenodo.20547117",https://florauruguaya.org/taxonomias/chiropetalum-molle
wfo-0000911967,Sufrútice,Euphorbiaceae,Chiropetalum puntaloberense, Alonso Paz & Bassagoda,"Comun. Bot. Mus. Hist. Nat. Montevideo 6(135): 3, 2009.","Marchesi, E., Mailhos, A., & Bonifacino, J. M. (2026). Flora Uruguaya: Flora Vascular del Uruguay. ISSN 3121-2050, V. 1.3. [Data set]. Zenodo. https://doi.org/10.5281/zenodo.20547117",https://florauruguaya.org/taxonomias/chiropetalum-puntaloberense
wfo-0000927190,Sufrútice,Euphorbiaceae,Croton aberrans, Müll.Arg.,"Fl. Bras. [Martius] 11(2): 232, 1873.","Marchesi, E., Mailhos, A., & Bonifacino, J. M. (2026). Flora Uruguaya: Flora Vascular del Uruguay. ISSN 3121-2050, V. 1.3. [Data set]. Zenodo. https://doi.org/10.5281/zenodo.20547117",https://florauruguaya.org/taxonomias/croton-aberrans
wfo-0000927482,Sufrútice,Euphorbiaceae,Croton bonplandianus, Baill.,"Adansonia 4: 339, 1864.","Marchesi, E., Mailhos, A., & Bonifacino, J. M. (2026). Flora Uruguaya: Flora Vascular del Uruguay. ISSN 3121-2050, V. 1.3. [Data set]. Zenodo. https://doi.org/10.5281/zenodo.20547117",https://florauruguaya.org/taxonomias/croton-bonplandianus
wfo-0000927626,Sufrútice,Euphorbiaceae,Croton chamaepitys, Baill.,"Adansonia 4: 356, 1864.","Marchesi, E., Mailhos, A., & Bonifacino, J. M. (2026). Flora Uruguaya: Flora Vascular del Uruguay. ISSN 3121-2050, V. 1.3. [Data set]. Zenodo. https://doi.org/10.5281/zenodo.20547117",https://florauruguaya.org/taxonomias/croton-chamaepitys
wfo-0000927884,Sufrútice,Euphorbiaceae,Croton echinulatus, (Griseb.) Croizat,"Darwiniana 5: 459, 1941.","Marchesi, E., Mailhos, A., & Bonifacino, J. M. (2026). Flora Uruguaya: Flora Vascular del Uruguay. ISSN 3121-2050, V. 1.3. [Data set]. Zenodo. https://doi.org/10.5281/zenodo.20547117",https://florauruguaya.org/taxonomias/croton-echinulatus
wfo-0000929458,Sufrútice,Euphorbiaceae,Croton gnaphalii, Baill.,"Adansonia 4: 359, 1864.","Marchesi, E., Mailhos, A., & Bonifacino, J. M. (2026). Flora Uruguaya: Flora Vascular del Uruguay. ISSN 3121-2050, V. 1.3. [Data set]. Zenodo. https://doi.org/10.5281/zenodo.20547117",https://florauruguaya.org/taxonomias/croton-gnaphalii
wfo-0000931409,Sufrútice,Euphorbiaceae,Croton lachnostephanus, Baill.,"Adansonia 4: 357, 1864.","Marchesi, E., Mailhos, A., & Bonifacino, J. M. (2026). Flora Uruguaya: Flora Vascular del Uruguay. ISSN 3121-2050, V. 1.3. [Data set]. Zenodo. https://doi.org/10.5281/zenodo.20547117",https://florauruguaya.org/taxonomias/croton-lachnostephanus
wfo-0000931426,Sufrútice,Euphorbiaceae,Croton lanatus, L.,Encycl. [J. Lamarck & al.] 1786.,"Marchesi, E., Mailhos, A., & Bonifacino, J. M. (2026). Flora Uruguaya: Flora Vascular del Uruguay. ISSN 3121-2050, V. 1.3. [Data set]. Zenodo. https://doi.org/10.5281/zenodo.20547117",https://florauruguaya.org/taxonomias/croton-lanatus
wfo-0000931455,Sufrútice,Euphorbiaceae,Croton laureltyanus, Ahumada,"Darwiniana 37(1-2): 174, 1999.","Marchesi, E., Mailhos, A., & Bonifacino, J. M. (2026). Flora Uruguaya: Flora Vascular del Uruguay. ISSN 3121-2050, V. 1.3. [Data set]. Zenodo. https://doi.org/10.5281/zenodo.20547117",https://florauruguaya.org/taxonomias/croton-laureltyanus
wfo-0000931525,Sufrútice,Euphorbiaceae,Croton lombardianus, Croizat,"Comun. Bot. Mus. Hist. Nat. Montevideo 1(2): 1, tab. 1, 1942.","Marchesi, E., Mailhos, A., & Bonifacino, J. M. (2026). Flora Uruguaya: Flora Vascular del Uruguay. ISSN 3121-2050, V. 1.3. [Data set]. Zenodo. https://doi.org/10.5281/zenodo.20547117",https://florauruguaya.org/taxonomias/croton-lombardianus
wfo-0000931822,Sufrútice,Euphorbiaceae,Croton nitrariifolius, Baill.,"Adansonia 4: 351, 1864.","Marchesi, E., Mailhos, A., & Bonifacino, J. M. (2026). Flora Uruguaya: Flora Vascular del Uruguay. ISSN 3121-2050, V. 1.3. [Data set]. Zenodo. https://doi.org/10.5281/zenodo.20547117",https://florauruguaya.org/taxonomias/croton-nitrariifolius
wfo-0000932136,Sufrútice,Euphorbiaceae,Croton quintasii, Allem,"Bol. Soc. Argent. Bot. 18: 70, 1979.","Marchesi, E., Mailhos, A., & Bonifacino, J. M. (2026). Flora Uruguaya: Flora Vascular del Uruguay. ISSN 3121-2050, V. 1.3. [Data set]. Zenodo. https://doi.org/10.5281/zenodo.20547117",https://florauruguaya.org/taxonomias/croton-quintasii
wfo-0000932493,Sufrútice,Euphorbiaceae,Croton subpannosus, Müll.Arg. ex Griseb.,"Abh. Königl. Ges. Wiss. Göttingen 19: 96, 1874.","Marchesi, E., Mailhos, A., & Bonifacino, J. M. (2026). Flora Uruguaya: Flora Vascular del Uruguay. ISSN 3121-2050, V. 1.3. [Data set]. Zenodo. https://doi.org/10.5281/zenodo.20547117",https://florauruguaya.org/taxonomias/croton-subpannosus
wfo-0000243713,Sufrútice,Euphorbiaceae,Microstachys serrulata, (Mart. & Zucc.) Müll.Arg.,"Linnaea 32(1): 90, 1863.","Marchesi, E., Mailhos, A., & Bonifacino, J. M. (2026). Flora Uruguaya: Flora Vascular del Uruguay. ISSN 3121-2050, V. 1.3. [Data set]. Zenodo. https://doi.org/10.5281/zenodo.20547117",https://florauruguaya.org/taxonomias/microstachys-serrulata
wfo-0000326780,Sufrútice,Euphorbiaceae,Tragia melochioides, Griseb.,"Abh. Königl. Ges. Wiss. Göttingen 24: 60, 1879.","Marchesi, E., Mailhos, A., & Bonifacino, J. M. (2026). Flora Uruguaya: Flora Vascular del Uruguay. ISSN 3121-2050, V. 1.3. [Data set]. Zenodo. https://doi.org/10.5281/zenodo.20547117",https://florauruguaya.org/taxonomias/tragia-melochioides
wfo-0000718382,Sufrútice,Heliotropiaceae,Heliotropium amplexicaule, Vahl,"Symb. Bot. [Vahl] 3: 21, 1794.","Marchesi, E., Mailhos, A., & Bonifacino, J. M. (2026). Flora Uruguaya: Flora Vascular del Uruguay. ISSN 3121-2050, V. 1.3. [Data set]. Zenodo. https://doi.org/10.5281/zenodo.20547117",https://florauruguaya.org/taxonomias/heliotropium-amplexicaule
wfo-0000718546,Sufrútice,Heliotropiaceae,Heliotropium elongatum, (Lehm.) Gürke,"Nat. Pflanzenfam. [Engler & Prantl] 4, 3a: 96, 1893.","Marchesi, E., Mailhos, A., & Bonifacino, J. M. (2026). Flora Uruguaya: Flora Vascular del Uruguay. ISSN 3121-2050, V. 1.3. [Data set]. Zenodo. https://doi.org/10.5281/zenodo.20547117",https://florauruguaya.org/taxonomias/heliotropium-elongatum
wfo-0001215172,Sufrútice,Heliotropiaceae,Heliotropium nicotianifolium, Poir.,"Encycl. [J. Lamarck & al.] Suppl. 3. 23, 1813.","Marchesi, E., Mailhos, A., & Bonifacino, J. M. (2026). Flora Uruguaya: Flora Vascular del Uruguay. ISSN 3121-2050, V. 1.3. [Data set]. Zenodo. https://doi.org/10.5281/zenodo.20547117",https://florauruguaya.org/taxonomias/heliotropium-nicotianifolium
wfo-0000718835,Sufrútice,Heliotropiaceae,Heliotropium phylicoides, Cham.,"Linnaea 4(4): 460, 1829.","Marchesi, E., Mailhos, A., & Bonifacino, J. M. (2026). Flora Uruguaya: Flora Vascular del Uruguay. ISSN 3121-2050, V. 1.3. [Data set]. Zenodo. https://doi.org/10.5281/zenodo.20547117",https://florauruguaya.org/taxonomias/heliotropium-phylicoides
wfo-0000719007,Sufrútice,Heliotropiaceae,Heliotropium transalpinum, Vell.,"Fl. Flumin. 68, 1829.","Marchesi, E., Mailhos, A., & Bonifacino, J. M. (2026). Flora Uruguaya: Flora Vascular del Uruguay. ISSN 3121-2050, V. 1.3. [Data set]. Zenodo. https://doi.org/10.5281/zenodo.20547117",https://florauruguaya.org/taxonomias/heliotropium-transalpinum
wfo-0001296167,Sufrútice,Hypericaceae,Hypericum carinatum, Griseb.,"Abh. Königl. Ges. Wiss. Göttingen 24: 41, 1879.","Marchesi, E., Mailhos, A., & Bonifacino, J. M. (2026). Flora Uruguaya: Flora Vascular del Uruguay. ISSN 3121-2050, V. 1.3. [Data set]. Zenodo. https://doi.org/10.5281/zenodo.20547117",https://florauruguaya.org/taxonomias/hypericum-carinatum
wfo-0001296168,Sufrútice,Hypericaceae,Hypericum cavernicola, L.B.Sm.,"Wrightia 2: 90, 1960.","Marchesi, E., Mailhos, A., & Bonifacino, J. M. (2026). Flora Uruguaya: Flora Vascular del Uruguay. ISSN 3121-2050, V. 1.3. [Data set]. Zenodo. https://doi.org/10.5281/zenodo.20547117",https://florauruguaya.org/taxonomias/hypericum-cavernicola
wfo-0001295708,Sufrútice,Hypericaceae,Hypericum connatum, Lam.,"Encycl. [J. Lamarck & al.] 4(1): 168, 1797.","Marchesi, E., Mailhos, A., & Bonifacino, J. M. (2026). Flora Uruguaya: Flora Vascular del Uruguay. ISSN 3121-2050, V. 1.3. [Data set]. Zenodo. https://doi.org/10.5281/zenodo.20547117",https://florauruguaya.org/taxonomias/hypericum-connatum
wfo-0001295709,Sufrútice,Hypericaceae,Hypericum denudatum, A.St.-Hil.,"Fl. Bras. Merid. [A. St.-Hil.] 1(9): 336, 1828.","Marchesi, E., Mailhos, A., & Bonifacino, J. M. (2026). Flora Uruguaya: Flora Vascular del Uruguay. ISSN 3121-2050, V. 1.3. [Data set]. Zenodo. https://doi.org/10.5281/zenodo.20547117",https://florauruguaya.org/taxonomias/hypericum-denudatum
wfo-0001296177,Sufrútice,Hypericaceae,Hypericum legrandii, L.B.Sm.,"J. Wash. Acad. Sci. 48: 314, 1958.","Marchesi, E., Mailhos, A., & Bonifacino, J. M. (2026). Flora Uruguaya: Flora Vascular del Uruguay. ISSN 3121-2050, V. 1.3. [Data set]. Zenodo. https://doi.org/10.5281/zenodo.20547117",https://florauruguaya.org/taxonomias/hypericum-legrandii
wfo-0001295715,Sufrútice,Hypericaceae,Hypericum lorentzianum, Gilg ex R.Keller,"Bot. Jahrb. Syst. 58(3): 199, 1923.","Marchesi, E., Mailhos, A., & Bonifacino, J. M. (2026). Flora Uruguaya: Flora Vascular del Uruguay. ISSN 3121-2050, V. 1.3. [Data set]. Zenodo. https://doi.org/10.5281/zenodo.20547117",https://florauruguaya.org/taxonomias/hypericum-lorentzianum
wfo-0001295717,Sufrútice,Hypericaceae,Hypericum myrianthum, Cham. & Schltdl.,"Linnaea 3(2): 123, 1828.","Marchesi, E., Mailhos, A., & Bonifacino, J. M. (2026). Flora Uruguaya: Flora Vascular del Uruguay. ISSN 3121-2050, V. 1.3. [Data set]. Zenodo. https://doi.org/10.5281/zenodo.20547117",https://florauruguaya.org/taxonomias/hypericum-myrianthum
wfo-0001295722,Sufrútice,Hypericaceae,Hypericum polyanthemum, Klotzsch ex Reichardt,"Fl. Bras. [Martius] 12(1): 189, 1878.","Marchesi, E., Mailhos, A., & Bonifacino, J. M. (2026). Flora Uruguaya: Flora Vascular del Uruguay. ISSN 3121-2050, V. 1.3. [Data set]. Zenodo. https://doi.org/10.5281/zenodo.20547117",https://florauruguaya.org/taxonomias/hypericum-polyanthemum
wfo-0001254150,Sufrútice,Hypericaceae,Hypericum tamariscinum, Cham. & Schltdl.,"Linnaea 3: 124, 1829.","Marchesi, E., Mailhos, A., & Bonifacino, J. M. (2026). Flora Uruguaya: Flora Vascular del Uruguay. ISSN 3121-2050, V. 1.3. [Data set]. Zenodo. https://doi.org/10.5281/zenodo.20547117",https://florauruguaya.org/taxonomias/hypericum-tamariscinum
wfo-0001333547,Sufrútice,Labiatae,Condea fastigiata, (Benth.) Harley & J.F.B.Pastore,"Phytotaxa 58: 14, 2012.","Marchesi, E., Mailhos, A., & Bonifacino, J. M. (2026). Flora Uruguaya: Flora Vascular del Uruguay. ISSN 3121-2050, V. 1.3. [Data set]. Zenodo. https://doi.org/10.5281/zenodo.20547117",https://florauruguaya.org/taxonomias/condea-fastigiata
wfo-0001333549,Sufrútice,Labiatae,Condea floribunda, (Briq.) Harley & J.F.B.Pastore,"Phytotaxa 58: 14, 2012.","Marchesi, E., Mailhos, A., & Bonifacino, J. M. (2026). Flora Uruguaya: Flora Vascular del Uruguay. ISSN 3121-2050, V. 1.3. [Data set]. Zenodo. https://doi.org/10.5281/zenodo.20547117",https://florauruguaya.org/taxonomias/condea-floribunda
wfo-0001333561,Sufrútice,Labiatae,Condea undulata, (Schrank) Harley & J.F.B.Pastore,"Phytotaxa 58: 14, 2012.","Marchesi, E., Mailhos, A., & Bonifacino, J. M. (2026). Flora Uruguaya: Flora Vascular del Uruguay. ISSN 3121-2050, V. 1.3. [Data set]. Zenodo. https://doi.org/10.5281/zenodo.20547117",https://florauruguaya.org/taxonomias/condea-undulata
wfo-0000933515,Sufrútice,Labiatae,Cunila galioides, Benth.,"Labiat. Gen. Spec. 363, 1834.","Marchesi, E., Mailhos, A., & Bonifacino, J. M. (2026). Flora Uruguaya: Flora Vascular del Uruguay. ISSN 3121-2050, V. 1.3. [Data set]. Zenodo. https://doi.org/10.5281/zenodo.20547117",https://florauruguaya.org/taxonomias/cunila-galioides
wfo-0000933520,Sufrútice,Labiatae,Cunila incana, Benth.,"Labiat. Gen. Spec. 361, 1834.","Marchesi, E., Mailhos, A., & Bonifacino, J. M. (2026). Flora Uruguaya: Flora Vascular del Uruguay. ISSN 3121-2050, V. 1.3. [Data set]. Zenodo. https://doi.org/10.5281/zenodo.20547117",https://florauruguaya.org/taxonomias/cunila-incana
wfo-0000301614,Sufrútice,Labiatae,Salvia minarum, Briq.,"Bull. Herb. Boissier 4: 855, 1896.","Marchesi, E., Mailhos, A., & Bonifacino, J. M. (2026). Flora Uruguaya: Flora Vascular del Uruguay. ISSN 3121-2050, V. 1.3. [Data set]. Zenodo. https://doi.org/10.5281/zenodo.20547117",https://florauruguaya.org/taxonomias/salvia-minarum
wfo-0000176072,Sufrútice,Leguminosae,Adesmia uruguaya, Arechav.,"Anales Mus. Nac. Montevideo 3: 350, 1901.","Marchesi, E., Mailhos, A., & Bonifacino, J. M. (2026). Flora Uruguaya: Flora Vascular del Uruguay. ISSN 3121-2050, V. 1.3. [Data set]. Zenodo. https://doi.org/10.5281/zenodo.20547117",https://florauruguaya.org/taxonomias/adesmia-uruguaya
wfo-0000173821,Sufrútice,Leguminosae,Aeschynomene montevidensis, Vogel,"Linnaea 12(1): 83, 1838.","Marchesi, E., Mailhos, A., & Bonifacino, J. M. (2026). Flora Uruguaya: Flora Vascular del Uruguay. ISSN 3121-2050, V. 1.3. [Data set]. Zenodo. https://doi.org/10.5281/zenodo.20547117",https://florauruguaya.org/taxonomias/aeschynomene-montevidensis
wfo-0000169879,Sufrútice,Leguminosae,Astragalus distinens, Macloskie,"Rep. Princeton Univ. Exped. Patagonia, Botany 8: 505, 1905.","Marchesi, E., Mailhos, A., & Bonifacino, J. M. (2026). Flora Uruguaya: Flora Vascular del Uruguay. ISSN 3121-2050, V. 1.3. [Data set]. Zenodo. https://doi.org/10.5281/zenodo.20547117",https://florauruguaya.org/taxonomias/astragalus-distinens
wfo-0000210917,Sufrútice,Leguminosae,Crotalaria micans, Link,"Enum. Hort. Berol. Alt. 2: 228, 1822.","Marchesi, E., Mailhos, A., & Bonifacino, J. M. (2026). Flora Uruguaya: Flora Vascular del Uruguay. ISSN 3121-2050, V. 1.3. [Data set]. Zenodo. https://doi.org/10.5281/zenodo.20547117",https://florauruguaya.org/taxonomias/crotalaria-micans
wfo-0000170257,Sufrútice,Leguminosae,Desmodium arechavaletae, Burkart,"Darwiniana 3(2): 216, 1939.","Marchesi, E., Mailhos, A., & Bonifacino, J. M. (2026). Flora Uruguaya: Flora Vascular del Uruguay. ISSN 3121-2050, V. 1.3. [Data set]. Zenodo. https://doi.org/10.5281/zenodo.20547117",https://florauruguaya.org/taxonomias/desmodium-arechavaletae
wfo-0000170282,Sufrútice,Leguminosae,Desmodium cuneatum, Hook. & Arn.,"Bot. Misc. 3: 195, 1832.","Marchesi, E., Mailhos, A., & Bonifacino, J. M. (2026). Flora Uruguaya: Flora Vascular del Uruguay. ISSN 3121-2050, V. 1.3. [Data set]. Zenodo. https://doi.org/10.5281/zenodo.20547117",https://florauruguaya.org/taxonomias/desmodium-cuneatum
wfo-0000170389,Sufrútice,Leguminosae,Desmodium triarticulatum, Malme,"Ark. Bot. 18(7): 6, 1922.","Marchesi, E., Mailhos, A., & Bonifacino, J. M. (2026). Flora Uruguaya: Flora Vascular del Uruguay. ISSN 3121-2050, V. 1.3. [Data set]. Zenodo. https://doi.org/10.5281/zenodo.20547117",https://florauruguaya.org/taxonomias/desmodium-triarticulatum
wfo-0000170393,Sufrútice,Leguminosae,Desmodium venosum, Vogel,"Linnaea 12: 103, 1838.","Marchesi, E., Mailhos, A., & Bonifacino, J. M. (2026). Flora Uruguaya: Flora Vascular del Uruguay. ISSN 3121-2050, V. 1.3. [Data set]. Zenodo. https://doi.org/10.5281/zenodo.20547117",https://florauruguaya.org/taxonomias/desmodium-venosum
wfo-0000195655,Sufrútice,Leguminosae,Indigofera suffruticosa, Mill.,"Gard. Dict., ed. 8. 2: [sin paginar], Indigofera n. 2, 1768.","Marchesi, E., Mailhos, A., & Bonifacino, J. M. (2026). Flora Uruguaya: Flora Vascular del Uruguay. ISSN 3121-2050, V. 1.3. [Data set]. Zenodo. https://doi.org/10.5281/zenodo.20547117",https://florauruguaya.org/taxonomias/indigofera-suffruticosa
wfo-0000174508,Sufrútice,Leguminosae,Mimosa dolens, Vell.,"Fl. Flumin. Icon. 11: t. 34, 1831.","Marchesi, E., Mailhos, A., & Bonifacino, J. M. (2026). Flora Uruguaya: Flora Vascular del Uruguay. ISSN 3121-2050, V. 1.3. [Data set]. Zenodo. https://doi.org/10.5281/zenodo.20547117",https://florauruguaya.org/taxonomias/mimosa-dolens
wfo-0001248880,Sufrútice,Leguminosae,Mimosa luciana, Barneby,"Mem. New York Bot. Gard. 65: 745, 1991.","Marchesi, E., Mailhos, A., & Bonifacino, J. M. (2026). Flora Uruguaya: Flora Vascular del Uruguay. ISSN 3121-2050, V. 1.3. [Data set]. Zenodo. https://doi.org/10.5281/zenodo.20547117",https://florauruguaya.org/taxonomias/mimosa-luciana
wfo-0000377299,Sufrútice,Leguminosae,Mimosa pauperoides, (Burkart) Fortunato,"Ann. Missouri Bot. Gard. 76: 381, 1989.","Marchesi, E., Mailhos, A., & Bonifacino, J. M. (2026). Flora Uruguaya: Flora Vascular del Uruguay. ISSN 3121-2050, V. 1.3. [Data set]. Zenodo. https://doi.org/10.5281/zenodo.20547117",https://florauruguaya.org/taxonomias/mimosa-pauperoides
wfo-0001248879,Sufrútice,Leguminosae,Mimosa pedersenii, Barneby,"Mem. New York Bot. Gard. 65: 740, 1991.","Marchesi, E., Mailhos, A., & Bonifacino, J. M. (2026). Flora Uruguaya: Flora Vascular del Uruguay. ISSN 3121-2050, V. 1.3. [Data set]. Zenodo. https://doi.org/10.5281/zenodo.20547117",https://florauruguaya.org/taxonomias/mimosa-pedersenii
wfo-0000169818,Sufrútice,Leguminosae,Mimosa ramboi, Burkart,"Darwiniana 7(2): 227, 1946.","Marchesi, E., Mailhos, A., & Bonifacino, J. M. (2026). Flora Uruguaya: Flora Vascular del Uruguay. ISSN 3121-2050, V. 1.3. [Data set]. Zenodo. https://doi.org/10.5281/zenodo.20547117",https://florauruguaya.org/taxonomias/mimosa-ramboi
wfo-0000174619,Sufrútice,Leguminosae,Mimosa reptans, Benth.,"J. Bot. [Hooker] 4: 372, 1841.","Marchesi, E., Mailhos, A., & Bonifacino, J. M. (2026). Flora Uruguaya: Flora Vascular del Uruguay. ISSN 3121-2050, V. 1.3. [Data set]. Zenodo. https://doi.org/10.5281/zenodo.20547117",https://florauruguaya.org/taxonomias/mimosa-reptans
wfo-0000174625,Sufrútice,Leguminosae,Mimosa rocae, Lorentz & Niederl.,"Exped. Rio Negro, Bot 2: 213, 1881.","Marchesi, E., Mailhos, A., & Bonifacino, J. M. (2026). Flora Uruguaya: Flora Vascular del Uruguay. ISSN 3121-2050, V. 1.3. [Data set]. Zenodo. https://doi.org/10.5281/zenodo.20547117",https://florauruguaya.org/taxonomias/mimosa-rocae
wfo-0000174629,Sufrútice,Leguminosae,Mimosa rupestris, Benth.,"J. Bot. [Hooker] 4: 385, 1841.","Marchesi, E., Mailhos, A., & Bonifacino, J. M. (2026). Flora Uruguaya: Flora Vascular del Uruguay. ISSN 3121-2050, V. 1.3. [Data set]. Zenodo. https://doi.org/10.5281/zenodo.20547117",https://florauruguaya.org/taxonomias/mimosa-rupestris
wfo-0000169825,Sufrútice,Leguminosae,Mimosa schleidenii, Herter,"Revista Sudamer. Bot. 7: 208, 1943.","Marchesi, E., Mailhos, A., & Bonifacino, J. M. (2026). Flora Uruguaya: Flora Vascular del Uruguay. ISSN 3121-2050, V. 1.3. [Data set]. Zenodo. https://doi.org/10.5281/zenodo.20547117",https://florauruguaya.org/taxonomias/mimosa-schleidenii
wfo-0000169457,Sufrútice,Leguminosae,Poiretia tetraphylla, (Poir.) Burkart,"Darwiniana 3(2): 224, 1939.","Marchesi, E., Mailhos, A., & Bonifacino, J. M. (2026). Flora Uruguaya: Flora Vascular del Uruguay. ISSN 3121-2050, V. 1.3. [Data set]. Zenodo. https://doi.org/10.5281/zenodo.20547117",https://florauruguaya.org/taxonomias/poiretia-tetraphylla
wfo-0001268626,Sufrútice,Leguminosae,Pomaria rubicunda, (Vogel) B.B.Simpson & G.P.Lewis,"Kew Bull. 58(1): 177, 2003.","Marchesi, E., Mailhos, A., & Bonifacino, J. M. (2026). Flora Uruguaya: Flora Vascular del Uruguay. ISSN 3121-2050, V. 1.3. [Data set]. Zenodo. https://doi.org/10.5281/zenodo.20547117",https://florauruguaya.org/taxonomias/pomaria-rubicunda
wfo-0000163956,Sufrútice,Leguminosae,Senna hirsuta, (L.) H.S.Irwin & Barneby,"Phytologia 44: 499, 1979.","Marchesi, E., Mailhos, A., & Bonifacino, J. M. (2026). Flora Uruguaya: Flora Vascular del Uruguay. ISSN 3121-2050, V. 1.3. [Data set]. Zenodo. https://doi.org/10.5281/zenodo.20547117",https://florauruguaya.org/taxonomias/senna-hirsuta
wfo-0000175357,Sufrútice,Leguminosae,Senna scabriuscula, (Vogel) H.S.Irwin & Barneby,"Mem. New York Bot. Gard. 35: 435, 1982.","Marchesi, E., Mailhos, A., & Bonifacino, J. M. (2026). Flora Uruguaya: Flora Vascular del Uruguay. ISSN 3121-2050, V. 1.3. [Data set]. Zenodo. https://doi.org/10.5281/zenodo.20547117",https://florauruguaya.org/taxonomias/senna-scabriuscula
wfo-0001073435,Sufrútice,Linaceae,Linum selaginoides, Lam.,"Encycl. [J. Lamarck & al.] 3(2): 525, 1792.","Marchesi, E., Mailhos, A., & Bonifacino, J. M. (2026). Flora Uruguaya: Flora Vascular del Uruguay. ISSN 3121-2050, V. 1.3. [Data set]. Zenodo. https://doi.org/10.5281/zenodo.20547117",https://florauruguaya.org/taxonomias/linum-selaginoides
wfo-0001074748,Sufrútice,Loranthaceae,Ligaria cuneifolia, (Ruiz & Pav.) Tiegh.,"Bull. Soc. Bot. France 42: 347, 1895.","Marchesi, E., Mailhos, A., & Bonifacino, J. M. (2026). Flora Uruguaya: Flora Vascular del Uruguay. ISSN 3121-2050, V. 1.3. [Data set]. Zenodo. https://doi.org/10.5281/zenodo.20547117",https://florauruguaya.org/taxonomias/ligaria-cuneifolia
wfo-0000630013,Sufrútice,Lythraceae,Cuphea fruticosa, Spreng.,"Neue Entdeck. Pflanzenk. 2: 156, 1821.","Marchesi, E., Mailhos, A., & Bonifacino, J. M. (2026). Flora Uruguaya: Flora Vascular del Uruguay. ISSN 3121-2050, V. 1.3. [Data set]. Zenodo. https://doi.org/10.5281/zenodo.20547117",https://florauruguaya.org/taxonomias/cuphea-fruticosa
wfo-0000630189,Sufrútice,Lythraceae,Cuphea lysimachioides, Cham. & Schltdl.,"Linnaea 2(3): 374, 1827.","Marchesi, E., Mailhos, A., & Bonifacino, J. M. (2026). Flora Uruguaya: Flora Vascular del Uruguay. ISSN 3121-2050, V. 1.3. [Data set]. Zenodo. https://doi.org/10.5281/zenodo.20547117",https://florauruguaya.org/taxonomias/cuphea-lysimachioides
wfo-0000630509,Sufrútice,Lythraceae,Cuphea tuberosa, Cham. & Schltdl.,"Linnaea 2: 372, 1827.","Marchesi, E., Mailhos, A., & Bonifacino, J. M. (2026). Flora Uruguaya: Flora Vascular del Uruguay. ISSN 3121-2050, V. 1.3. [Data set]. Zenodo. https://doi.org/10.5281/zenodo.20547117",https://florauruguaya.org/taxonomias/cuphea-tuberosa
wfo-0000630512,Sufrútice,Lythraceae,Cuphea urbaniana, Koehne,"Bot. Jahrb. Syst. 2(1-2): 152, 1881.","Marchesi, E., Mailhos, A., & Bonifacino, J. M. (2026). Flora Uruguaya: Flora Vascular del Uruguay. ISSN 3121-2050, V. 1.3. [Data set]. Zenodo. https://doi.org/10.5281/zenodo.20547117",https://florauruguaya.org/taxonomias/cuphea-urbaniana
wfo-0000745960,Sufrútice,Lythraceae,Heimia apetala, (Spreng.) S.A.Graham & Gandhi,"Candollea 64(2): 306, 2009.","Marchesi, E., Mailhos, A., & Bonifacino, J. M. (2026). Flora Uruguaya: Flora Vascular del Uruguay. ISSN 3121-2050, V. 1.3. [Data set]. Zenodo. https://doi.org/10.5281/zenodo.20547117",https://florauruguaya.org/taxonomias/heimia-apetala
wfo-0000717021,Sufrútice,Lythraceae,Heimia salicifolia, Link,"Enum. Hort. Berol. Alt. 2: 3, 1822.","Marchesi, E., Mailhos, A., & Bonifacino, J. M. (2026). Flora Uruguaya: Flora Vascular del Uruguay. ISSN 3121-2050, V. 1.3. [Data set]. Zenodo. https://doi.org/10.5281/zenodo.20547117",https://florauruguaya.org/taxonomias/heimia-salicifolia
wfo-0000693955,Sufrútice,Malpighiaceae,Galphimia australis, Chodat,"Biblioth. Universelle Rev. Suisse Ser. 3, 24: 500, 1890.","Marchesi, E., Mailhos, A., & Bonifacino, J. M. (2026). Flora Uruguaya: Flora Vascular del Uruguay. ISSN 3121-2050, V. 1.3. [Data set]. Zenodo. https://doi.org/10.5281/zenodo.20547117",https://florauruguaya.org/taxonomias/galphimia-australis
wfo-0000512068,Sufrútice,Malvaceae,Abutilon malachroides, A.St.-Hil. & Naudin,"Ann. Sci. Nat., Bot. sér. 2, 18: 49, 1842.","Marchesi, E., Mailhos, A., & Bonifacino, J. M. (2026). Flora Uruguaya: Flora Vascular del Uruguay. ISSN 3121-2050, V. 1.3. [Data set]. Zenodo. https://doi.org/10.5281/zenodo.20547117",https://florauruguaya.org/taxonomias/abutilon-malachroides
wfo-0000512172,Sufrútice,Malvaceae,Abutilon pauciflorum, A.St.-Hil.,"Fl. Bras. Merid. [A. St.-Hil.] 1: 206, 1827.","Marchesi, E., Mailhos, A., & Bonifacino, J. M. (2026). Flora Uruguaya: Flora Vascular del Uruguay. ISSN 3121-2050, V. 1.3. [Data set]. Zenodo. https://doi.org/10.5281/zenodo.20547117",https://florauruguaya.org/taxonomias/abutilon-pauciflorum
wfo-0000512322,Sufrútice,Malvaceae,Abutilon terminale, (Cav.) A.St.-Hil.,"Fl. Bras. Merid. [A. St.-Hil.] 1: 203, 1827.","Marchesi, E., Mailhos, A., & Bonifacino, J. M. (2026). Flora Uruguaya: Flora Vascular del Uruguay. ISSN 3121-2050, V. 1.3. [Data set]. Zenodo. https://doi.org/10.5281/zenodo.20547117",https://florauruguaya.org/taxonomias/abutilon-terminale
wfo-0000557577,Sufrútice,Malvaceae,Ayenia mansfeldiana, (Herter) Herter ex Cristóbal,"Bonplandia (Corrientes) 9(1-2): 149, 1996.","Marchesi, E., Mailhos, A., & Bonifacino, J. M. (2026). Flora Uruguaya: Flora Vascular del Uruguay. ISSN 3121-2050, V. 1.3. [Data set]. Zenodo. https://doi.org/10.5281/zenodo.20547117",https://florauruguaya.org/taxonomias/ayenia-mansfeldiana
wfo-0000577318,Sufrútice,Malvaceae,Byttneria scabra, L.,"Syst. Nat., ed. 10. 2: 939, 1759.","Marchesi, E., Mailhos, A., & Bonifacino, J. M. (2026). Flora Uruguaya: Flora Vascular del Uruguay. ISSN 3121-2050, V. 1.3. [Data set]. Zenodo. https://doi.org/10.5281/zenodo.20547117",https://florauruguaya.org/taxonomias/byttneria-scabra
wfo-0000581903,Sufrútice,Malvaceae,Calyculogygas uruguayensis, Krapov.,"Lilloa 30: 254, fig. 1, 1960.","Marchesi, E., Mailhos, A., & Bonifacino, J. M. (2026). Flora Uruguaya: Flora Vascular del Uruguay. ISSN 3121-2050, V. 1.3. [Data set]. Zenodo. https://doi.org/10.5281/zenodo.20547117",https://florauruguaya.org/taxonomias/calyculogygas-uruguayensis
wfo-0000604620,Sufrútice,Malvaceae,Cienfuegosia drummondii, (A.Gray) Lewton,"Bull. Torrey Bot. Club 37: 475, 1910.","Marchesi, E., Mailhos, A., & Bonifacino, J. M. (2026). Flora Uruguaya: Flora Vascular del Uruguay. ISSN 3121-2050, V. 1.3. [Data set]. Zenodo. https://doi.org/10.5281/zenodo.20547117",https://florauruguaya.org/taxonomias/cienfuegosia-drummondii
wfo-0001235790,Sufrútice,Malvaceae,Cienfuegosia sulphurea, (A.St.-Hil.) Garcke,"Bonplandia (Corrientes) 8: 150, 1860.","Marchesi, E., Mailhos, A., & Bonifacino, J. M. (2026). Flora Uruguaya: Flora Vascular del Uruguay. ISSN 3121-2050, V. 1.3. [Data set]. Zenodo. https://doi.org/10.5281/zenodo.20547117",https://florauruguaya.org/taxonomias/cienfuegosia-sulphurea
wfo-0000620129,Sufrútice,Malvaceae,Corchorus orinocensis, Kunth,"Nov. Gen. Sp. [H.B.K.] 5: 337 (quarto ed.), 1821 [1823].","Marchesi, E., Mailhos, A., & Bonifacino, J. M. (2026). Flora Uruguaya: Flora Vascular del Uruguay. ISSN 3121-2050, V. 1.3. [Data set]. Zenodo. https://doi.org/10.5281/zenodo.20547117",https://florauruguaya.org/taxonomias/corchorus-orinocensis
wfo-0000724148,Sufrútice,Malvaceae,Hochreutinera hassleriana, (Hochr.) Krapov.,"Darwiniana 16(1-2): 227, 1970.","Marchesi, E., Mailhos, A., & Bonifacino, J. M. (2026). Flora Uruguaya: Flora Vascular del Uruguay. ISSN 3121-2050, V. 1.3. [Data set]. Zenodo. https://doi.org/10.5281/zenodo.20547117",https://florauruguaya.org/taxonomias/hochreutinera-hassleriana
wfo-0000449295,Sufrútice,Malvaceae,Malva arborea, (L.) Webb & Berthel.,"Hist. Nat. Iles Canaries [Phytogr.] 3(2, 1): 30, 1836.","Marchesi, E., Mailhos, A., & Bonifacino, J. M. (2026). Flora Uruguaya: Flora Vascular del Uruguay. ISSN 3121-2050, V. 1.3. [Data set]. Zenodo. https://doi.org/10.5281/zenodo.20547117",https://florauruguaya.org/taxonomias/malva-arborea
wfo-0000449486,Sufrútice,Malvaceae,Malvastrum coromandelianum, (L.) Garcke,"Bonplandia (Corrientes) 5(18): 295, 1857.","Marchesi, E., Mailhos, A., & Bonifacino, J. M. (2026). Flora Uruguaya: Flora Vascular del Uruguay. ISSN 3121-2050, V. 1.3. [Data set]. Zenodo. https://doi.org/10.5281/zenodo.20547117",https://florauruguaya.org/taxonomias/malvastrum-coromandelianum
wfo-0001260157,Sufrútice,Malvaceae,Monteiroa glomerata, (Hook. & Arn.) Krapov.,"Bol. Soc. Argent. Bot. 3(4): 239, 1951.","Marchesi, E., Mailhos, A., & Bonifacino, J. M. (2026). Flora Uruguaya: Flora Vascular del Uruguay. ISSN 3121-2050, V. 1.3. [Data set]. Zenodo. https://doi.org/10.5281/zenodo.20547117",https://florauruguaya.org/taxonomias/monteiroa-glomerata
wfo-0001249508,Sufrútice,Malvaceae,Pavonia aurigloba, Krapov. & Cristóbal,"Lilloa 31: 29, 1962.","Marchesi, E., Mailhos, A., & Bonifacino, J. M. (2026). Flora Uruguaya: Flora Vascular del Uruguay. ISSN 3121-2050, V. 1.3. [Data set]. Zenodo. https://doi.org/10.5281/zenodo.20547117",https://florauruguaya.org/taxonomias/pavonia-aurigloba
wfo-0001078083,Sufrútice,Malvaceae,Pavonia betonicifolia, C.Presl,"Reliq. Haenk. 2(2): 128, 1835.","Marchesi, E., Mailhos, A., & Bonifacino, J. M. (2026). Flora Uruguaya: Flora Vascular del Uruguay. ISSN 3121-2050, V. 1.3. [Data set]. Zenodo. https://doi.org/10.5281/zenodo.20547117",https://florauruguaya.org/taxonomias/pavonia-betonicifolia
wfo-0001077849,Sufrútice,Malvaceae,Pavonia communis, A.St.-Hil.,"Fl. Bras. Merid. [A. St.-Hil.] 1: 224, 1827.","Marchesi, E., Mailhos, A., & Bonifacino, J. M. (2026). Flora Uruguaya: Flora Vascular del Uruguay. ISSN 3121-2050, V. 1.3. [Data set]. Zenodo. https://doi.org/10.5281/zenodo.20547117",https://florauruguaya.org/taxonomias/pavonia-communis
wfo-0001249518,Sufrútice,Malvaceae,Pavonia cryptica, Krapov.,"Lilloa 31: 41, 1962.","Marchesi, E., Mailhos, A., & Bonifacino, J. M. (2026). Flora Uruguaya: Flora Vascular del Uruguay. ISSN 3121-2050, V. 1.3. [Data set]. Zenodo. https://doi.org/10.5281/zenodo.20547117",https://florauruguaya.org/taxonomias/pavonia-cryptica
wfo-0001076869,Sufrútice,Malvaceae,Pavonia cymbalaria, A.St.-Hil. & Naudin,"Ann. Sci. Nat., Bot. sér. 2, 18: 42, 1842.","Marchesi, E., Mailhos, A., & Bonifacino, J. M. (2026). Flora Uruguaya: Flora Vascular del Uruguay. ISSN 3121-2050, V. 1.3. [Data set]. Zenodo. https://doi.org/10.5281/zenodo.20547117",https://florauruguaya.org/taxonomias/pavonia-cymbalaria
wfo-0001076870,Sufrútice,Malvaceae,Pavonia distinguenda, A.St.-Hil. & Naudin,"Ann. Sci. Nat., Bot. sér. 2, 18: 42, 1842.","Marchesi, E., Mailhos, A., & Bonifacino, J. M. (2026). Flora Uruguaya: Flora Vascular del Uruguay. ISSN 3121-2050, V. 1.3. [Data set]. Zenodo. https://doi.org/10.5281/zenodo.20547117",https://florauruguaya.org/taxonomias/pavonia-distinguenda
wfo-0001076878,Sufrútice,Malvaceae,Pavonia glechomoides, A.St.-Hil.,"Fl. Bras. Merid. [A. St.-Hil.] 1: 227, t. 45, 1827.","Marchesi, E., Mailhos, A., & Bonifacino, J. M. (2026). Flora Uruguaya: Flora Vascular del Uruguay. ISSN 3121-2050, V. 1.3. [Data set]. Zenodo. https://doi.org/10.5281/zenodo.20547117",https://florauruguaya.org/taxonomias/pavonia-glechomoides
wfo-0001249520,Sufrútice,Malvaceae,Pavonia glutinosa, Krapov. & Cristóbal,"Lilloa 31: 26, 1962.","Marchesi, E., Mailhos, A., & Bonifacino, J. M. (2026). Flora Uruguaya: Flora Vascular del Uruguay. ISSN 3121-2050, V. 1.3. [Data set]. Zenodo. https://doi.org/10.5281/zenodo.20547117",https://florauruguaya.org/taxonomias/pavonia-glutinosa
wfo-0000474550,Sufrútice,Malvaceae,Pavonia hastata, Cav.,"Diss. 3, Tertia Diss. Bot. 3: 138, t. 47, f. 2, 1787.","Marchesi, E., Mailhos, A., & Bonifacino, J. M. (2026). Flora Uruguaya: Flora Vascular del Uruguay. ISSN 3121-2050, V. 1.3. [Data set]. Zenodo. https://doi.org/10.5281/zenodo.20547117",https://florauruguaya.org/taxonomias/pavonia-hastata
wfo-0001244255,Sufrútice,Malvaceae,Pavonia missionum, Ekman,"Ark. Bot. 9(4): 33, fig. 7, 1910.","Marchesi, E., Mailhos, A., & Bonifacino, J. M. (2026). Flora Uruguaya: Flora Vascular del Uruguay. ISSN 3121-2050, V. 1.3. [Data set]. Zenodo. https://doi.org/10.5281/zenodo.20547117",https://florauruguaya.org/taxonomias/pavonia-missionum
wfo-0001225197,Sufrútice,Malvaceae,Pavonia nana, R.E.Fr.,"Bull. Herb. Boissier sér. 2, 7: 999, 1907.","Marchesi, E., Mailhos, A., & Bonifacino, J. M. (2026). Flora Uruguaya: Flora Vascular del Uruguay. ISSN 3121-2050, V. 1.3. [Data set]. Zenodo. https://doi.org/10.5281/zenodo.20547117",https://florauruguaya.org/taxonomias/pavonia-nana
wfo-0001249524,Sufrútice,Malvaceae,Pavonia orientalis, Krapov.,"Trab. 26 Congr. Nac. Bot., Rio de Janeiro 320, 1977.","Marchesi, E., Mailhos, A., & Bonifacino, J. M. (2026). Flora Uruguaya: Flora Vascular del Uruguay. ISSN 3121-2050, V. 1.3. [Data set]. Zenodo. https://doi.org/10.5281/zenodo.20547117",https://florauruguaya.org/taxonomias/pavonia-orientalis
wfo-0001076914,Sufrútice,Malvaceae,Pavonia reticulata, Garcke,"Jahrb. Königl. Bot. Gart. Berlin 1: 212, 1881.","Marchesi, E., Mailhos, A., & Bonifacino, J. M. (2026). Flora Uruguaya: Flora Vascular del Uruguay. ISSN 3121-2050, V. 1.3. [Data set]. Zenodo. https://doi.org/10.5281/zenodo.20547117",https://florauruguaya.org/taxonomias/pavonia-reticulata
wfo-0001249526,Sufrútice,Malvaceae,Pavonia rosengurttii, Krapov. & Cristóbal,"Lilloa 31: 68, 1962.","Marchesi, E., Mailhos, A., & Bonifacino, J. M. (2026). Flora Uruguaya: Flora Vascular del Uruguay. ISSN 3121-2050, V. 1.3. [Data set]. Zenodo. https://doi.org/10.5281/zenodo.20547117",https://florauruguaya.org/taxonomias/pavonia-rosengurttii
wfo-0000473742,Sufrútice,Malvaceae,Pavonia sepium, A.St.-Hil.,"Fl. Bras. Merid. [A. St.-Hil.] 1: 225, 1827.","Marchesi, E., Mailhos, A., & Bonifacino, J. M. (2026). Flora Uruguaya: Flora Vascular del Uruguay. ISSN 3121-2050, V. 1.3. [Data set]. Zenodo. https://doi.org/10.5281/zenodo.20547117",https://florauruguaya.org/taxonomias/pavonia-sepium
wfo-0001244256,Sufrútice,Malvaceae,Pavonia xanthogloea, Ekman,"Ark. Bot. 9(4): 27, f. 5, 1910.","Marchesi, E., Mailhos, A., & Bonifacino, J. M. (2026). Flora Uruguaya: Flora Vascular del Uruguay. ISSN 3121-2050, V. 1.3. [Data set]. Zenodo. https://doi.org/10.5281/zenodo.20547117",https://florauruguaya.org/taxonomias/pavonia-xanthogloea
wfo-0000501705,Sufrútice,Malvaceae,Sida cordifolia, L.,"Sp. Pl. [Linnaeus] 2: 684, 1753.","Marchesi, E., Mailhos, A., & Bonifacino, J. M. (2026). Flora Uruguaya: Flora Vascular del Uruguay. ISSN 3121-2050, V. 1.3. [Data set]. Zenodo. https://doi.org/10.5281/zenodo.20547117",https://florauruguaya.org/taxonomias/sida-cordifolia
wfo-0001278967,Sufrútice,Malvaceae,Sida paradoxa, Rodrigo,"Notas Mus. La Plata, Bot. 2, Bot. 14: 105, figs. 1, 2, 1937.","Marchesi, E., Mailhos, A., & Bonifacino, J. M. (2026). Flora Uruguaya: Flora Vascular del Uruguay. ISSN 3121-2050, V. 1.3. [Data set]. Zenodo. https://doi.org/10.5281/zenodo.20547117",https://florauruguaya.org/taxonomias/sida-paradoxa
wfo-0001076988,Sufrútice,Malvaceae,Sida potentilloides, A.St.-Hil.,"Fl. Bras. Merid. [A. St.-Hil.] 1(5): 178, 1827.","Marchesi, E., Mailhos, A., & Bonifacino, J. M. (2026). Flora Uruguaya: Flora Vascular del Uruguay. ISSN 3121-2050, V. 1.3. [Data set]. Zenodo. https://doi.org/10.5281/zenodo.20547117",https://florauruguaya.org/taxonomias/sida-potentilloides
wfo-0001077885,Sufrútice,Malvaceae,Sida regnellii, R.E.Fr.,,"Marchesi, E., Mailhos, A., & Bonifacino, J. M. (2026). Flora Uruguaya: Flora Vascular del Uruguay. ISSN 3121-2050, V. 1.3. [Data set]. Zenodo. https://doi.org/10.5281/zenodo.20547117",https://florauruguaya.org/taxonomias/sida-regnellii
wfo-0000505360,Sufrútice,Malvaceae,Sida rhombifolia, L.,"Sp. Pl. [Linnaeus] 2: 684, 1753.","Marchesi, E., Mailhos, A., & Bonifacino, J. M. (2026). Flora Uruguaya: Flora Vascular del Uruguay. ISSN 3121-2050, V. 1.3. [Data set]. Zenodo. https://doi.org/10.5281/zenodo.20547117",https://florauruguaya.org/taxonomias/sida-rhombifolia
wfo-0000505218,Sufrútice,Malvaceae,Sida spinosa, L.,"Sp. Pl. [Linnaeus] 2: 683, 1753.","Marchesi, E., Mailhos, A., & Bonifacino, J. M. (2026). Flora Uruguaya: Flora Vascular del Uruguay. ISSN 3121-2050, V. 1.3. [Data set]. Zenodo. https://doi.org/10.5281/zenodo.20547117",https://florauruguaya.org/taxonomias/sida-spinosa
wfo-0000505474,Sufrútice,Malvaceae,Sida tuberculata, R.E.Fr.,"Kungl. Svenska Vetenskapsakad. Handl. n.f., 42(12): 33, t. 3, 1908.","Marchesi, E., Mailhos, A., & Bonifacino, J. M. (2026). Flora Uruguaya: Flora Vascular del Uruguay. ISSN 3121-2050, V. 1.3. [Data set]. Zenodo. https://doi.org/10.5281/zenodo.20547117",https://florauruguaya.org/taxonomias/sida-tuberculata
wfo-0001077015,Sufrútice,Malvaceae,Sphaeralcea bonariensis, (Cav.) Griseb.,"Abh. Königl. Ges. Wiss. Göttingen 19: 92, 1874.","Marchesi, E., Mailhos, A., & Bonifacino, J. M. (2026). Flora Uruguaya: Flora Vascular del Uruguay. ISSN 3121-2050, V. 1.3. [Data set]. Zenodo. https://doi.org/10.5281/zenodo.20547117",https://florauruguaya.org/taxonomias/sphaeralcea-bonariensis
wfo-1000031222,Sufrútice,Melastomataceae,Chaetogastra cerastifolia, (Naudin) P.J.F.Guim. & Michelang.,"Taxon 68(5): 958, 2019.","Marchesi, E., Mailhos, A., & Bonifacino, J. M. (2026). Flora Uruguaya: Flora Vascular del Uruguay. ISSN 3121-2050, V. 1.3. [Data set]. Zenodo. https://doi.org/10.5281/zenodo.20547117",https://florauruguaya.org/taxonomias/chaetogastra-cerastifolia
wfo-0001253599,Sufrútice,Melastomataceae,Chaetogastra gracilis, (Bonpl.) DC.,"Prodr. [A. P. de Candolle] 3: 133, 1828.","Marchesi, E., Mailhos, A., & Bonifacino, J. M. (2026). Flora Uruguaya: Flora Vascular del Uruguay. ISSN 3121-2050, V. 1.3. [Data set]. Zenodo. https://doi.org/10.5281/zenodo.20547117",https://florauruguaya.org/taxonomias/chaetogastra-gracilis
wfo-1000031240,Sufrútice,Melastomataceae,Chaetogastra herbacea, (DC.) P.J.F.Guim. & Michelang.,"Taxon 68(5): 962, 2019.","Marchesi, E., Mailhos, A., & Bonifacino, J. M. (2026). Flora Uruguaya: Flora Vascular del Uruguay. ISSN 3121-2050, V. 1.3. [Data set]. Zenodo. https://doi.org/10.5281/zenodo.20547117",https://florauruguaya.org/taxonomias/chaetogastra-herbacea
wfo-1000031264,Sufrútice,Melastomataceae,Chaetogastra nitida, (Graham) P.J.F.Guim. & Michelang.,"Taxon 68(5): 965, 2019.","Marchesi, E., Mailhos, A., & Bonifacino, J. M. (2026). Flora Uruguaya: Flora Vascular del Uruguay. ISSN 3121-2050, V. 1.3. [Data set]. Zenodo. https://doi.org/10.5281/zenodo.20547117",https://florauruguaya.org/taxonomias/chaetogastra-nitida
wfo-0000792637,Sufrútice,Myrtaceae,Campomanesia aurea, O.Berg,"Fl. Bras. [Martius] 14(1): 454, 1857.","Marchesi, E., Mailhos, A., & Bonifacino, J. M. (2026). Flora Uruguaya: Flora Vascular del Uruguay. ISSN 3121-2050, V. 1.3. [Data set]. Zenodo. https://doi.org/10.5281/zenodo.20547117",https://florauruguaya.org/taxonomias/campomanesia-aurea
wfo-0000794246,Sufrútice,Myrtaceae,Campomanesia xanthocarpa, O.Berg,"Fl. Bras. [Martius] 14(1): 451, t. 49, 1857.","Marchesi, E., Mailhos, A., & Bonifacino, J. M. (2026). Flora Uruguaya: Flora Vascular del Uruguay. ISSN 3121-2050, V. 1.3. [Data set]. Zenodo. https://doi.org/10.5281/zenodo.20547117",https://florauruguaya.org/taxonomias/campomanesia-xanthocarpa
wfo-0000956356,Sufrútice,Myrtaceae,Eugenia anomala, D.Legrand,"Anales Mus. Nac. Montevideo ser. 2, 4(11): 61, 1936.","Marchesi, E., Mailhos, A., & Bonifacino, J. M. (2026). Flora Uruguaya: Flora Vascular del Uruguay. ISSN 3121-2050, V. 1.3. [Data set]. Zenodo. https://doi.org/10.5281/zenodo.20547117",https://florauruguaya.org/taxonomias/eugenia-anomala
wfo-0000284611,Sufrútice,Myrtaceae,Psidium salutare, (Kunth) O.Berg,"Linnaea 27(2-3): 356, 1856.","Marchesi, E., Mailhos, A., & Bonifacino, J. M. (2026). Flora Uruguaya: Flora Vascular del Uruguay. ISSN 3121-2050, V. 1.3. [Data set]. Zenodo. https://doi.org/10.5281/zenodo.20547117",https://florauruguaya.org/taxonomias/psidium-salutare
wfo-0001087508,Sufrútice,Onagraceae,Ludwigia bonariensis, (Micheli) H.Hara,"J. Jap. Bot. 28: 291, 1953.","Marchesi, E., Mailhos, A., & Bonifacino, J. M. (2026). Flora Uruguaya: Flora Vascular del Uruguay. ISSN 3121-2050, V. 1.3. [Data set]. Zenodo. https://doi.org/10.5281/zenodo.20547117",https://florauruguaya.org/taxonomias/ludwigia-bonariensis
wfo-0001087916,Sufrútice,Onagraceae,Ludwigia caparosa, (Cambess.) H.Hara,"J. Jap. Bot. 28: 292, 1953.","Marchesi, E., Mailhos, A., & Bonifacino, J. M. (2026). Flora Uruguaya: Flora Vascular del Uruguay. ISSN 3121-2050, V. 1.3. [Data set]. Zenodo. https://doi.org/10.5281/zenodo.20547117",https://florauruguaya.org/taxonomias/ludwigia-caparosa
wfo-0000443184,Sufrútice,Onagraceae,Ludwigia elegans, Cambess.H.Hara,"J. Jap. Bot. 28: 292, 1953.","Marchesi, E., Mailhos, A., & Bonifacino, J. M. (2026). Flora Uruguaya: Flora Vascular del Uruguay. ISSN 3121-2050, V. 1.3. [Data set]. Zenodo. https://doi.org/10.5281/zenodo.20547117",https://florauruguaya.org/taxonomias/ludwigia-elegans
wfo-0000443438,Sufrútice,Onagraceae,Ludwigia leptocarpa, (Nutt.) H.Hara,"J. Jap. Bot. 28: 292, 1953.","Marchesi, E., Mailhos, A., & Bonifacino, J. M. (2026). Flora Uruguaya: Flora Vascular del Uruguay. ISSN 3121-2050, V. 1.3. [Data set]. Zenodo. https://doi.org/10.5281/zenodo.20547117",https://florauruguaya.org/taxonomias/ludwigia-leptocarpa
wfo-0001087981,Sufrútice,Onagraceae,Ludwigia multinervia, (Hook. & Arn.) Ramamoorthy,"Monogr. Syst. Bot. Missouri Bot. Gard. 19: 40, 1987.","Marchesi, E., Mailhos, A., & Bonifacino, J. M. (2026). Flora Uruguaya: Flora Vascular del Uruguay. ISSN 3121-2050, V. 1.3. [Data set]. Zenodo. https://doi.org/10.5281/zenodo.20547117",https://florauruguaya.org/taxonomias/ludwigia-multinervia
wfo-0000680739,Sufrútice,Orobanchaceae,Escobedia grandiflora, (L.f.) Kuntze,"Revis. Gen. Pl. 3(3): 231, 1898.","Marchesi, E., Mailhos, A., & Bonifacino, J. M. (2026). Flora Uruguaya: Flora Vascular del Uruguay. ISSN 3121-2050, V. 1.3. [Data set]. Zenodo. https://doi.org/10.5281/zenodo.20547117",https://florauruguaya.org/taxonomias/escobedia-grandiflora
wfo-0000807987,Sufrútice,Palmae,Butia lallemantii, Deble & Marchiori,"Balduinia 9: 2, 2006.","Marchesi, E., Mailhos, A., & Bonifacino, J. M. (2026). Flora Uruguaya: Flora Vascular del Uruguay. ISSN 3121-2050, V. 1.3. [Data set]. Zenodo. https://doi.org/10.5281/zenodo.20547117",https://florauruguaya.org/taxonomias/butia-lallemantii
wfo-0000271936,Sufrútice,Phyllanthaceae,Phyllanthus ramillosus, Müll.Arg.,"Linnaea 32: 36, 1863.","Marchesi, E., Mailhos, A., & Bonifacino, J. M. (2026). Flora Uruguaya: Flora Vascular del Uruguay. ISSN 3121-2050, V. 1.3. [Data set]. Zenodo. https://doi.org/10.5281/zenodo.20547117",https://florauruguaya.org/taxonomias/phyllanthus-ramillosus
wfo-0000482062,Sufrútice,Phytolaccaceae,Phytolacca americana, L.,"Sp. Pl. [Linnaeus] 1: 331, 1753.","Marchesi, E., Mailhos, A., & Bonifacino, J. M. (2026). Flora Uruguaya: Flora Vascular del Uruguay. ISSN 3121-2050, V. 1.3. [Data set]. Zenodo. https://doi.org/10.5281/zenodo.20547117",https://florauruguaya.org/taxonomias/phytolacca-americana
wfo-0001091525,Sufrútice,Phytolaccaceae,Phytolacca tetramera, Hauman,"Apuntes Hist. Nat. 1: 108, 1909.","Marchesi, E., Mailhos, A., & Bonifacino, J. M. (2026). Flora Uruguaya: Flora Vascular del Uruguay. ISSN 3121-2050, V. 1.3. [Data set]. Zenodo. https://doi.org/10.5281/zenodo.20547117",https://florauruguaya.org/taxonomias/phytolacca-tetramera
wfo-0001220435,Sufrútice,Plantaginaceae,Scoparia ericacea, Cham. & Schltdl.,"Linnaea 2(4): 604, 1827.","Marchesi, E., Mailhos, A., & Bonifacino, J. M. (2026). Flora Uruguaya: Flora Vascular del Uruguay. ISSN 3121-2050, V. 1.3. [Data set]. Zenodo. https://doi.org/10.5281/zenodo.20547117",https://florauruguaya.org/taxonomias/scoparia-ericacea
wfo-0001100056,Sufrútice,Polygalaceae,Monnina cuneata, A.St.-Hil. & Moq.,"Ann. Soc. Roy. Sci. Orléans 9: 57, 1828.","Marchesi, E., Mailhos, A., & Bonifacino, J. M. (2026). Flora Uruguaya: Flora Vascular del Uruguay. ISSN 3121-2050, V. 1.3. [Data set]. Zenodo. https://doi.org/10.5281/zenodo.20547117",https://florauruguaya.org/taxonomias/monnina-cuneata
wfo-0000651539,Sufrútice,Rhamnaceae,Discaria americana, Gillies & Hook.,"Bot. Misc. 1: 156, 1829.","Marchesi, E., Mailhos, A., & Bonifacino, J. M. (2026). Flora Uruguaya: Flora Vascular del Uruguay. ISSN 3121-2050, V. 1.3. [Data set]. Zenodo. https://doi.org/10.5281/zenodo.20547117",https://florauruguaya.org/taxonomias/discaria-americana
wfo-0000351149,Sufrútice,Rubiaceae,Borreria brachystemonoides, Cham. & Schltdl.,"Linnaea 3: 314, 1828.","Marchesi, E., Mailhos, A., & Bonifacino, J. M. (2026). Flora Uruguaya: Flora Vascular del Uruguay. ISSN 3121-2050, V. 1.3. [Data set]. Zenodo. https://doi.org/10.5281/zenodo.20547117",https://florauruguaya.org/taxonomias/borreria-brachystemonoides
wfo-0000351568,Sufrútice,Rubiaceae,Borreria dasycephala, (Cham. & Schltdl.) Bacigalupo & E.L.Cabral,"Opera Bot. Belg. 7: 306, 1996.","Marchesi, E., Mailhos, A., & Bonifacino, J. M. (2026). Flora Uruguaya: Flora Vascular del Uruguay. ISSN 3121-2050, V. 1.3. [Data set]. Zenodo. https://doi.org/10.5281/zenodo.20547117",https://florauruguaya.org/taxonomias/borreria-dasycephala
wfo-1000043349,Sufrútice,Rubiaceae,Borreria orinocensis," (Willd.) L.M.Miguel, Sobrado & E.L.Cabral","Darwiniana 10(2): 407, 2022.","Marchesi, E., Mailhos, A., & Bonifacino, J. M. (2026). Flora Uruguaya: Flora Vascular del Uruguay. ISSN 3121-2050, V. 1.3. [Data set]. Zenodo. https://doi.org/10.5281/zenodo.20547117",https://florauruguaya.org/taxonomias/borreria-orinocensis
wfo-0000362385,Sufrútice,Rubiaceae,Borreria verticillata, G.Mey.,"Prim. Fl. Esseq. 83, 1818.","Marchesi, E., Mailhos, A., & Bonifacino, J. M. (2026). Flora Uruguaya: Flora Vascular del Uruguay. ISSN 3121-2050, V. 1.3. [Data set]. Zenodo. https://doi.org/10.5281/zenodo.20547117",https://florauruguaya.org/taxonomias/borreria-verticillata
wfo-0000968142,Sufrútice,Rubiaceae,Galianthe dichasia, (Sucre & C.G.Costa) E.L.Cabral,"Bol. Soc. Argent. Bot. 27(3-4): 242, 1992.","Marchesi, E., Mailhos, A., & Bonifacino, J. M. (2026). Flora Uruguaya: Flora Vascular del Uruguay. ISSN 3121-2050, V. 1.3. [Data set]. Zenodo. https://doi.org/10.5281/zenodo.20547117",https://florauruguaya.org/taxonomias/galianthe-dichasia
wfo-0000968170,Sufrútice,Rubiaceae,Galianthe thalictroides, (K.Schum.) E.L.Cabral,"Bol. Soc. Argent. Bot. 27(3-4): 246, 1991.","Marchesi, E., Mailhos, A., & Bonifacino, J. M. (2026). Flora Uruguaya: Flora Vascular del Uruguay. ISSN 3121-2050, V. 1.3. [Data set]. Zenodo. https://doi.org/10.5281/zenodo.20547117",https://florauruguaya.org/taxonomias/galianthe-thalictroides
wfo-0000968172,Sufrútice,Rubiaceae,Galianthe valerianoides, (Cham. & Schltdl.) E.L.Cabral,"Bol. Soc. Argent. Bot. 27(3-4): 246, 1991.","Marchesi, E., Mailhos, A., & Bonifacino, J. M. (2026). Flora Uruguaya: Flora Vascular del Uruguay. ISSN 3121-2050, V. 1.3. [Data set]. Zenodo. https://doi.org/10.5281/zenodo.20547117",https://florauruguaya.org/taxonomias/galianthe-valerianoides
wfo-0000968384,Sufrútice,Rubiaceae,Galium atherodes, Spreng.,"Syst. Veg., ed. 16 [Sprengel] 4(2): 39, 1827.","Marchesi, E., Mailhos, A., & Bonifacino, J. M. (2026). Flora Uruguaya: Flora Vascular del Uruguay. ISSN 3121-2050, V. 1.3. [Data set]. Zenodo. https://doi.org/10.5281/zenodo.20547117",https://florauruguaya.org/taxonomias/galium-atherodes
wfo-0000969347,Sufrútice,Rubiaceae,Galium latoramosum, Clos,"Fl. Chil. [Gay] 3(2): 187, 1848.","Marchesi, E., Mailhos, A., & Bonifacino, J. M. (2026). Flora Uruguaya: Flora Vascular del Uruguay. ISSN 3121-2050, V. 1.3. [Data set]. Zenodo. https://doi.org/10.5281/zenodo.20547117",https://florauruguaya.org/taxonomias/galium-latoramosum
wfo-0000969448,Sufrútice,Rubiaceae,Galium megapotamicum, Spreng.,"Syst. Veg., ed. 16 [Sprengel] 4(2): 39, 1827.","Marchesi, E., Mailhos, A., & Bonifacino, J. M. (2026). Flora Uruguaya: Flora Vascular del Uruguay. ISSN 3121-2050, V. 1.3. [Data set]. Zenodo. https://doi.org/10.5281/zenodo.20547117",https://florauruguaya.org/taxonomias/galium-megapotamicum
wfo-0000969724,Sufrútice,Rubiaceae,Galium ostenianum, (Standl.) Dempster,"Allertonia 5(3): 330, 1990.","Marchesi, E., Mailhos, A., & Bonifacino, J. M. (2026). Flora Uruguaya: Flora Vascular del Uruguay. ISSN 3121-2050, V. 1.3. [Data set]. Zenodo. https://doi.org/10.5281/zenodo.20547117",https://florauruguaya.org/taxonomias/galium-ostenianum
wfo-0001317470,Sufrútice,Rubiaceae,Hexasepalum apiculatum, (Willd. ex Roem. & Schult.) Delprete & J.H.Kirkbr.,"J. Bot. Res. Inst. Texas 9(1): 104, 2015.","Marchesi, E., Mailhos, A., & Bonifacino, J. M. (2026). Flora Uruguaya: Flora Vascular del Uruguay. ISSN 3121-2050, V. 1.3. [Data set]. Zenodo. https://doi.org/10.5281/zenodo.20547117",https://florauruguaya.org/taxonomias/hexasepalum-apiculatum
wfo-0000312398,Sufrútice,Rubiaceae,Spermacoce eryngioides, (Cham. & Schltdl.) Kuntze,"Revis. Gen. Pl. 3(3): 123, 1898.","Marchesi, E., Mailhos, A., & Bonifacino, J. M. (2026). Flora Uruguaya: Flora Vascular del Uruguay. ISSN 3121-2050, V. 1.3. [Data set]. Zenodo. https://doi.org/10.5281/zenodo.20547117",https://florauruguaya.org/taxonomias/spermacoce-eryngioides
wfo-0000680981,Sufrútice,Santalaceae,Eubrachion ambiguum, (Hook. & Arn.) Engl.,"Nat. Pflanzenfam. [Engler & Prantl] 3(1): 192, 1889.","Marchesi, E., Mailhos, A., & Bonifacino, J. M. (2026). Flora Uruguaya: Flora Vascular del Uruguay. ISSN 3121-2050, V. 1.3. [Data set]. Zenodo. https://doi.org/10.5281/zenodo.20547117",https://florauruguaya.org/taxonomias/eubrachion-ambiguum
wfo-0000574056,Sufrútice,Scrophulariaceae,Buddleja grandiflora, Cham. & Schltdl.,"Linnaea 2(4): 596, 1827.","Marchesi, E., Mailhos, A., & Bonifacino, J. M. (2026). Flora Uruguaya: Flora Vascular del Uruguay. ISSN 3121-2050, V. 1.3. [Data set]. Zenodo. https://doi.org/10.5281/zenodo.20547117",https://florauruguaya.org/taxonomias/buddleja-grandiflora
wfo-0000574256,Sufrútice,Scrophulariaceae,Buddleja stachyoides, Cham. & Schltdl.,"Linnaea 2(4): 597, 1827.","Marchesi, E., Mailhos, A., & Bonifacino, J. M. (2026). Flora Uruguaya: Flora Vascular del Uruguay. ISSN 3121-2050, V. 1.3. [Data set]. Zenodo. https://doi.org/10.5281/zenodo.20547117",https://florauruguaya.org/taxonomias/buddleja-stachyoides
wfo-1000029573,Sufrútice,Solanaceae,Calibrachoa atropurpurea, Stehmann & Semir,"Syst. Bot. 47(1): 243, 2022.","Marchesi, E., Mailhos, A., & Bonifacino, J. M. (2026). Flora Uruguaya: Flora Vascular del Uruguay. ISSN 3121-2050, V. 1.3. [Data set]. Zenodo. https://doi.org/10.5281/zenodo.20547117",https://florauruguaya.org/taxonomias/calibrachoa-atropurpurea
wfo-0001019948,Sufrútice,Solanaceae,Calibrachoa irgangiana, Stehmann,"Phytotaxa 25: 32, 2011.","Marchesi, E., Mailhos, A., & Bonifacino, J. M. (2026). Flora Uruguaya: Flora Vascular del Uruguay. ISSN 3121-2050, V. 1.3. [Data set]. Zenodo. https://doi.org/10.5281/zenodo.20547117",https://florauruguaya.org/taxonomias/calibrachoa-irgangiana
wfo-0001020013,Sufrútice,Solanaceae,Capsicum baccatum, L.,"Mant. Pl. 47, 1767.","Marchesi, E., Mailhos, A., & Bonifacino, J. M. (2026). Flora Uruguaya: Flora Vascular del Uruguay. ISSN 3121-2050, V. 1.3. [Data set]. Zenodo. https://doi.org/10.5281/zenodo.20547117",https://florauruguaya.org/taxonomias/capsicum-baccatum
wfo-0001020770,Sufrútice,Solanaceae,Cestrum parqui, L&#39;Hér.,"Stirp. Nov. 4: 73, t. 36, 1788.","Marchesi, E., Mailhos, A., & Bonifacino, J. M. (2026). Flora Uruguaya: Flora Vascular del Uruguay. ISSN 3121-2050, V. 1.3. [Data set]. Zenodo. https://doi.org/10.5281/zenodo.20547117",https://florauruguaya.org/taxonomias/cestrum-parqui
wfo-0001022796,Sufrútice,Solanaceae,Lycium ciliatum, Schltdl.,"Linnaea 7(1): 69, 1832.","Marchesi, E., Mailhos, A., & Bonifacino, J. M. (2026). Flora Uruguaya: Flora Vascular del Uruguay. ISSN 3121-2050, V. 1.3. [Data set]. Zenodo. https://doi.org/10.5281/zenodo.20547117",https://florauruguaya.org/taxonomias/lycium-ciliatum
wfo-0001024065,Sufrútice,Solanaceae,Nierembergia ericoides, Miers,"London J. Bot. 5: 168, 1846.","Marchesi, E., Mailhos, A., & Bonifacino, J. M. (2026). Flora Uruguaya: Flora Vascular del Uruguay. ISSN 3121-2050, V. 1.3. [Data set]. Zenodo. https://doi.org/10.5281/zenodo.20547117",https://florauruguaya.org/taxonomias/nierembergia-ericoides
wfo-0001024078,Sufrútice,Solanaceae,Nierembergia graveolens, A.St.-Hil.,"Hist. Pl. Remarq. Bresil 221, t. 21, 1824.","Marchesi, E., Mailhos, A., & Bonifacino, J. M. (2026). Flora Uruguaya: Flora Vascular del Uruguay. ISSN 3121-2050, V. 1.3. [Data set]. Zenodo. https://doi.org/10.5281/zenodo.20547117",https://florauruguaya.org/taxonomias/nierembergia-graveolens
wfo-0001025589,Sufrútice,Solanaceae,Sessea vestioides, (Schltdl.) Hunz.,"Kurtziana 10: 45, 1977.","Marchesi, E., Mailhos, A., & Bonifacino, J. M. (2026). Flora Uruguaya: Flora Vascular del Uruguay. ISSN 3121-2050, V. 1.3. [Data set]. Zenodo. https://doi.org/10.5281/zenodo.20547117",https://florauruguaya.org/taxonomias/sessea-vestioides
wfo-0001026388,Sufrútice,Solanaceae,Solanum atropurpureum, Schrank,"Syll. Pl. Nov. 1: 200, 1823.","Marchesi, E., Mailhos, A., & Bonifacino, J. M. (2026). Flora Uruguaya: Flora Vascular del Uruguay. ISSN 3121-2050, V. 1.3. [Data set]. Zenodo. https://doi.org/10.5281/zenodo.20547117",https://florauruguaya.org/taxonomias/solanum-atropurpureum
wfo-0001027471,Sufrútice,Solanaceae,Solanum delicatulum, L.B.Sm. & Downs,"Phytologia 10: 424, 1964.","Marchesi, E., Mailhos, A., & Bonifacino, J. M. (2026). Flora Uruguaya: Flora Vascular del Uruguay. ISSN 3121-2050, V. 1.3. [Data set]. Zenodo. https://doi.org/10.5281/zenodo.20547117",https://florauruguaya.org/taxonomias/solanum-delicatulum
wfo-0001030583,Sufrútice,Solanaceae,Solanum pseudocapsicum, L.,"Sp. Pl. [Linnaeus] 1: 184, 1753.","Marchesi, E., Mailhos, A., & Bonifacino, J. M. (2026). Flora Uruguaya: Flora Vascular del Uruguay. ISSN 3121-2050, V. 1.3. [Data set]. Zenodo. https://doi.org/10.5281/zenodo.20547117",https://florauruguaya.org/taxonomias/solanum-pseudocapsicum
wfo-0001104969,Sufrútice,Talinaceae,Talinum polygaloides, Gillies ex Arn.,"Edinburgh J. Nat. Geogr. Sci. 3: 354, 1831.","Marchesi, E., Mailhos, A., & Bonifacino, J. M. (2026). Flora Uruguaya: Flora Vascular del Uruguay. ISSN 3121-2050, V. 1.3. [Data set]. Zenodo. https://doi.org/10.5281/zenodo.20547117",https://florauruguaya.org/taxonomias/talinum-polygaloides
wfo-0000950657,Sufrútice,Verbenaceae,Aloysia chamaedryfolia, Cham.,"Linnaea 7: 234, 1832.","Marchesi, E., Mailhos, A., & Bonifacino, J. M. (2026). Flora Uruguaya: Flora Vascular del Uruguay. ISSN 3121-2050, V. 1.3. [Data set]. Zenodo. https://doi.org/10.5281/zenodo.20547117",https://florauruguaya.org/taxonomias/aloysia-chamaedryfolia
wfo-0000223286,Sufrútice,Verbenaceae,Lantana montevidensis, (Spreng.) Briq.,"Annuaire Conserv. Jard. Bot. Genève 7-8: 301, 1904.","Marchesi, E., Mailhos, A., & Bonifacino, J. M. (2026). Flora Uruguaya: Flora Vascular del Uruguay. ISSN 3121-2050, V. 1.3. [Data set]. Zenodo. https://doi.org/10.5281/zenodo.20547117",https://florauruguaya.org/taxonomias/lantana-montevidensis
wfo-0000228685,Sufrútice,Verbenaceae,Lippia arechavaletae, Moldenke,"Lilloa 5: 420, 1940.","Marchesi, E., Mailhos, A., & Bonifacino, J. M. (2026). Flora Uruguaya: Flora Vascular del Uruguay. ISSN 3121-2050, V. 1.3. [Data set]. Zenodo. https://doi.org/10.5281/zenodo.20547117",https://florauruguaya.org/taxonomias/lippia-arechavaletae
wfo-0000228699,Sufrútice,Verbenaceae,Lippia asperrima, Cham.,"Linnaea 7: 215, 1832.","Marchesi, E., Mailhos, A., & Bonifacino, J. M. (2026). Flora Uruguaya: Flora Vascular del Uruguay. ISSN 3121-2050, V. 1.3. [Data set]. Zenodo. https://doi.org/10.5281/zenodo.20547117",https://florauruguaya.org/taxonomias/lippia-asperrima
wfo-0001340915,Sufrútice,Violaceae,Pombalia bicolor, (A.St.-Hil.) Paula-Souza,"Phytotaxa 183(1): 6, 2014.","Marchesi, E., Mailhos, A., & Bonifacino, J. M. (2026). Flora Uruguaya: Flora Vascular del Uruguay. ISSN 3121-2050, V. 1.3. [Data set]. Zenodo. https://doi.org/10.5281/zenodo.20547117",https://florauruguaya.org/taxonomias/pombalia-bicolor
wfo-0001340921,Sufrútice,Violaceae,Pombalia communis, (A.St.-Hil.) Paula-Souza,"Phytotaxa 183(1): 8, 2014.","Marchesi, E., Mailhos, A., & Bonifacino, J. M. (2026). Flora Uruguaya: Flora Vascular del Uruguay. ISSN 3121-2050, V. 1.3. [Data set]. Zenodo. https://doi.org/10.5281/zenodo.20547117",https://florauruguaya.org/taxonomias/pombalia-communis
