wfo_id,AssessmentID,TaxonID,scientificName,kingdomName,phylumName,orderName,className,familyName,genusName,speciesName,infraType,infraName,infraAuthority,authority,redlistCategory,redlistCriteria,criteriaVersion,populationTrend,scopes,url,citation
wfo-0000283280,1494258,177607,Pritchardia pacifica,PLANTAE,TRACHEOPHYTA,ARECALES,LILIOPSIDA,ARECACEAE,Pritchardia,pacifica,,,,Seem. & H.Wendl.,Extinct in the Wild,,3.1,,Global,https://doi.org/10.2305/iucn.uk.2026-1.rlts.t177607a1494258.en,"(2025). Pritchardia pacifica: Whistler, W.A. &amp; Fuller, D. *IUCN Red List of Threatened Species*, https://doi.org/10.2305/iucn.uk.2026-1.rlts.t177607a1494258.en"
wfo-0001300009,1584696,179630,Kalanchoe fadeniorum,PLANTAE,TRACHEOPHYTA,SAXIFRAGALES,MAGNOLIOPSIDA,CRASSULACEAE,Kalanchoe,fadeniorum,,,,Raadts,Extinct in the Wild,,3.1,,Global,https://doi.org/10.2305/iucn.uk.2022-1.rlts.t179630a1584696.en,"(2009). Kalanchoe fadeniorum: Mwangoka, M., Ndangalasi, H., Kindeketa, W., Luke, W.R.Q., Kabuye, C., Kalema, J., Minani, V., Kelbessa, E., Gereau, R.E. &amp; Malombe, I. *IUCN Red List of Threatened Species*, https://doi.org/10.2305/iucn.uk.2022-1.rlts.t179630a1584696.en"
wfo-0000527347,1960457,190888,Alphonsea hortensis,PLANTAE,TRACHEOPHYTA,MAGNOLIALES,MAGNOLIOPSIDA,ANNONACEAE,Alphonsea,hortensis,,,,H.Huber,Extinct in the Wild,,3.1,,Global,https://doi.org/10.2305/iucn.uk.2020-3.rlts.t190888a1960457.en,"(2020). Alphonsea hortensis: Barstow, M. *IUCN Red List of Threatened Species*, https://doi.org/10.2305/iucn.uk.2020-3.rlts.t190888a1960457.en"
wfo-0001240034,1975870,191323,Camellia amplexicaulis,PLANTAE,TRACHEOPHYTA,ERICALES,MAGNOLIOPSIDA,THEACEAE,Camellia,amplexicaulis,,,,(Pit.) Cohen-Stuart,Extinct in the Wild,,3.1,,Global,https://doi.org/10.2305/iucn.uk.2018-1.rlts.t191323a1975870.en,"(2017). Camellia amplexicaulis: Rivers, M.C. *IUCN Red List of Threatened Species*, https://doi.org/10.2305/iucn.uk.2018-1.rlts.t191323a1975870.en"
wfo-0000139352,3874098,133711,Senecio leucopeplus,PLANTAE,TRACHEOPHYTA,ASTERALES,MAGNOLIOPSIDA,ASTERACEAE,Senecio,leucopeplus,,,,Cabrera,Extinct in the Wild,,3.1,,Global,https://doi.org/10.2305/iucn.uk.2008.rlts.t133711a3874098.en,"(2008). Senecio leucopeplus: de Villalobos, A. (Dep. Biología Bioquímica y Farmacia, UNS, Bahia Blanca, Argentina). *IUCN Red List of Threatened Species*, https://doi.org/10.2305/iucn.uk.2008.rlts.t133711a3874098.en"
wfo-0000855305,5993241,165228,Bromus bromoideus,PLANTAE,TRACHEOPHYTA,POALES,LILIOPSIDA,POACEAE,Bromus,bromoideus,,,,(Lej.) Crep.,Extinct in the Wild,,3.1,,Global & Europe,https://doi.org/10.2305/iucn.uk.2011-1.rlts.t165228a5993241.en,"(2010). Bromus bromoideus: Gigot, G. *IUCN Red List of Threatened Species*, https://doi.org/10.2305/iucn.uk.2011-1.rlts.t165228a5993241.en"
wfo-0000855797,5995954,165247,Bromus interruptus,PLANTAE,TRACHEOPHYTA,POALES,LILIOPSIDA,POACEAE,Bromus,interruptus,,,,(Hack.) Druce,Extinct in the Wild,,3.1,,Global & Europe,https://doi.org/10.2305/iucn.uk.2011-1.rlts.t165247a5995954.en,"(2011). Bromus interruptus: Bilz, M. *IUCN Red List of Threatened Species*, https://doi.org/10.2305/iucn.uk.2011-1.rlts.t165247a5995954.en"
wfo-0000356226,9593744,30932,Kokia cookei,PLANTAE,TRACHEOPHYTA,MALVALES,MAGNOLIOPSIDA,MALVACEAE,Kokia,cookei,,,,O.Deg.,Extinct in the Wild,,2.3,,Global,https://doi.org/10.2305/iucn.uk.1998.rlts.t30932a9593744.en,"(1998). Kokia cookei: World Conservation Monitoring Centre. *IUCN Red List of Threatened Species*, https://doi.org/10.2305/iucn.uk.1998.rlts.t30932a9593744.en"
wfo-0000679818,9645757,31680,Erythroxylum echinodendron,PLANTAE,TRACHEOPHYTA,MALPIGHIALES,MAGNOLIOPSIDA,ERYTHROXYLACEAE,Erythroxylum,echinodendron,,,,Ekman,Extinct in the Wild,,2.3,,Global,https://doi.org/10.2305/iucn.uk.1998.rlts.t31680a9645757.en,"(1998). Erythroxylum echinodendron: World Conservation Monitoring Centre. *IUCN Red List of Threatened Species*, https://doi.org/10.2305/iucn.uk.1998.rlts.t31680a9645757.en"
wfo-0000963270,10066217,37613,Euphorbia mayurnathanii,PLANTAE,TRACHEOPHYTA,MALPIGHIALES,MAGNOLIOPSIDA,EUPHORBIACEAE,Euphorbia,mayurnathanii,,,,Croiz.,Extinct in the Wild,,2.3,,Global,https://doi.org/10.2305/iucn.uk.1998.rlts.t37613a10066217.en,"(1998). Euphorbia mayurnathanii: World Conservation Monitoring Centre. *IUCN Red List of Threatened Species*, https://doi.org/10.2305/iucn.uk.1998.rlts.t37613a10066217.en"
wfo-0000400036,10079242,37821,Rhododendron kanehirae,PLANTAE,TRACHEOPHYTA,ERICALES,MAGNOLIOPSIDA,ERICACEAE,Rhododendron,kanehirae,,,,Wilson,Extinct in the Wild,,2.3,,Global,https://doi.org/10.2305/iucn.uk.1998.rlts.t37821a10079242.en,"(1998). Rhododendron kanehirai: Lu, S.Y. &amp; Pan, F.J. *IUCN Red List of Threatened Species*, https://doi.org/10.2305/iucn.uk.1998.rlts.t37821a10079242.en"
wfo-0000636103,10854084,44056,Cyrtandra waiolani,PLANTAE,TRACHEOPHYTA,LAMIALES,MAGNOLIOPSIDA,GESNERIACEAE,Cyrtandra,waiolani,,,,Wawra,Extinct in the Wild,,3.1,,Global,https://doi.org/10.2305/iucn.uk.2003.rlts.t44056a10854084.en,"(2003). Cyrtandra waiolani: Bruegmann, M.M. &amp; Caraway, V. *IUCN Red List of Threatened Species*, https://doi.org/10.2305/iucn.uk.2003.rlts.t44056a10854084.en"
wfo-0000830977,10856873,44109,Cyanea pinnatifida,PLANTAE,TRACHEOPHYTA,ASTERALES,MAGNOLIOPSIDA,CAMPANULACEAE,Cyanea,pinnatifida,,,,(Cham.) E.Wimm.,Extinct in the Wild,,3.1,,Global,https://doi.org/10.2305/iucn.uk.2003.rlts.t44109a10856873.en,"(2003). Cyanea pinnatifida: Bruegmann, M.M. &amp; Caraway, V. *IUCN Red List of Threatened Species*, https://doi.org/10.2305/iucn.uk.2003.rlts.t44109a10856873.en"
wfo-0000831018,10863009,44135,Cyanea superba,PLANTAE,TRACHEOPHYTA,ASTERALES,MAGNOLIOPSIDA,CAMPANULACEAE,Cyanea,superba,,,,(Cham.) A.Gray,Extinct in the Wild,,3.1,,Global,https://doi.org/10.2305/iucn.uk.2003.rlts.t44135a10863009.en,"(2003). Cyanea superba: Bruegmann, M.M. &amp; Caraway, V. *IUCN Red List of Threatened Species*, https://doi.org/10.2305/iucn.uk.2003.rlts.t44135a10863009.en"
wfo-0000442752,12535686,61670,Lysimachia minoricensis,PLANTAE,TRACHEOPHYTA,ERICALES,MAGNOLIOPSIDA,PRIMULACEAE,Lysimachia,minoricensis,,,,J.J.Rodr.,Extinct in the Wild,,3.1,,"Global, Europe & Mediterranean",https://doi.org/10.2305/iucn.uk.2011-2.rlts.t61670a12535686.en,"(2011). Lysimachia minoricensis: Galicia Herbada, D. &amp; Fraga Arquimbau, P. *IUCN Red List of Threatened Species*, https://doi.org/10.2305/iucn.uk.2011-2.rlts.t61670a12535686.en"
wfo-0000922165,43520162,35042,Ochrosia brownii,PLANTAE,TRACHEOPHYTA,GENTIANALES,MAGNOLIOPSIDA,APOCYNACEAE,Ochrosia,brownii,,,,(Fosberg & Sachet) Lorence & Butaud,Extinct in the Wild,,3.1,,Global,https://doi.org/10.2305/iucn.uk.2020-3.rlts.t35042a43520162.en,"(2020). Ochrosia brownii: Lorence, D.H. &amp; Butaud, J.-F. *IUCN Red List of Threatened Species*, https://doi.org/10.2305/iucn.uk.2020-3.rlts.t35042a43520162.en"
wfo-0000186151,47608529,272625865,Clianthus puniceus,PLANTAE,TRACHEOPHYTA,FABALES,MAGNOLIOPSIDA,FABACEAE,Clianthus,puniceus,,,,(G.Don) Banks Sol. Ex Lindl.,Extinct in the Wild,,3.1,,Global,https://doi.org/10.2305/iucn.uk.2025-1.rlts.t272625865a47608529.en,"(2023). Clianthus puniceus: de Lange, P. *IUCN Red List of Threatened Species*, https://doi.org/10.2305/iucn.uk.2025-1.rlts.t272625865a47608529.en"
wfo-0001019767,51248842,51247667,Brugmansia insignis,PLANTAE,TRACHEOPHYTA,SOLANALES,MAGNOLIOPSIDA,SOLANACEAE,Brugmansia,insignis,,,,(Barb. Rodr.) Lockwood ex R.E. Schult.,Extinct in the Wild,,3.1,,Global,https://doi.org/10.2305/iucn.uk.2014-1.rlts.t51247667a51248842.en,"(2013). Brugmansia insignis: Hay, A. *IUCN Red List of Threatened Species*, https://doi.org/10.2305/iucn.uk.2014-1.rlts.t51247667a51248842.en"
wfo-0000163201,56605215,56605187,Diplazium laffanianum,PLANTAE,TRACHEOPHYTA,POLYPODIALES,POLYPODIOPSIDA,ATHYRIACEAE,Diplazium,laffanianum,,,,(Baker) C.Chr.,Extinct in the Wild,,3.1,,Global,https://doi.org/10.2305/iucn.uk.2014-1.rlts.t56605187a56605215.en,"(2013). Diplazium laffanianum: Copeland, A. &amp; Malcolm, P. *IUCN Red List of Threatened Species*, https://doi.org/10.2305/iucn.uk.2014-1.rlts.t56605187a56605215.en"
wfo-0001019752,58386508,51247708,Brugmansia arborea,PLANTAE,TRACHEOPHYTA,SOLANALES,MAGNOLIOPSIDA,SOLANACEAE,Brugmansia,arborea,,,,(L.) Sweet,Extinct in the Wild,,3.1,,Global,https://doi.org/10.2305/iucn.uk.2014-1.rlts.t51247708a58386508.en,"(2014). Brugmansia arborea: Hay, A. *IUCN Red List of Threatened Species*, https://doi.org/10.2305/iucn.uk.2014-1.rlts.t51247708a58386508.en"
wfo-0001019777,58396933,51247690,Brugmansia sanguinea,PLANTAE,TRACHEOPHYTA,SOLANALES,MAGNOLIOPSIDA,SOLANACEAE,Brugmansia,sanguinea,,,,(Ruiz & Pavón) D. Don,Extinct in the Wild,,3.1,,Global,https://doi.org/10.2305/iucn.uk.2014-1.rlts.t51247690a58396933.en,"(2014). Brugmansia sanguinea: Hay, A. *IUCN Red List of Threatened Species*, https://doi.org/10.2305/iucn.uk.2014-1.rlts.t51247690a58396933.en"
wfo-0001019786,58903534,51247712,Brugmansia vulcanicola,PLANTAE,TRACHEOPHYTA,SOLANALES,MAGNOLIOPSIDA,SOLANACEAE,Brugmansia,vulcanicola,,,,(A.S.Barclay) R.E.Schult.,Extinct in the Wild,,3.1,,Global,https://doi.org/10.2305/iucn.uk.2014-1.rlts.t51247712a58903534.en,"(2014). Brugmansia vulcanicola: Hay, A. *IUCN Red List of Threatened Species*, https://doi.org/10.2305/iucn.uk.2014-1.rlts.t51247712a58903534.en"
wfo-0001019755,58906215,38124,Brugmansia aurea,PLANTAE,TRACHEOPHYTA,SOLANALES,MAGNOLIOPSIDA,SOLANACEAE,Brugmansia,aurea,,,,Lagerh.,Extinct in the Wild,,3.1,,Global,https://doi.org/10.2305/iucn.uk.2014-1.rlts.t38124a58906215.en,"(2014). Brugmansia aurea: Hay, A. *IUCN Red List of Threatened Species*, https://doi.org/10.2305/iucn.uk.2014-1.rlts.t38124a58906215.en"
wfo-0001019785,58908295,38125,Brugmansia versicolor,PLANTAE,TRACHEOPHYTA,SOLANALES,MAGNOLIOPSIDA,SOLANACEAE,Brugmansia,versicolor,,,,Lagerh.,Extinct in the Wild,,3.1,,Global,https://doi.org/10.2305/iucn.uk.2014-1.rlts.t38125a58908295.en,"(2014). Brugmansia versicolor: Hay, A. *IUCN Red List of Threatened Species*, https://doi.org/10.2305/iucn.uk.2014-1.rlts.t38125a58908295.en"
wfo-0001019783,58913403,51247699,Brugmansia suaveolens,PLANTAE,TRACHEOPHYTA,SOLANALES,MAGNOLIOPSIDA,SOLANACEAE,Brugmansia,suaveolens,,,,(Willd.) Sweet,Extinct in the Wild,,3.1,,Global,https://doi.org/10.2305/iucn.uk.2014-1.rlts.t51247699a58913403.en,"(2014). Brugmansia suaveolens: Hay, A. *IUCN Red List of Threatened Species*, https://doi.org/10.2305/iucn.uk.2014-1.rlts.t51247699a58913403.en"
wfo-0000371229,61526819,32059,Mangifera casturi,PLANTAE,TRACHEOPHYTA,SAPINDALES,MAGNOLIOPSIDA,ANACARDIACEAE,Mangifera,casturi,,,,Kosterm.,Extinct in the Wild,,3.1,,Global,https://doi.org/10.2305/iucn.uk.2016-3.rlts.t32059a61526819.en,"(2014). Mangifera casturi: Rhodes, L. &amp; Maxted, N. *IUCN Red List of Threatened Species*, https://doi.org/10.2305/iucn.uk.2016-3.rlts.t32059a61526819.en"
wfo-0000692148,62077322,30408,Franklinia alatamaha,PLANTAE,TRACHEOPHYTA,ERICALES,MAGNOLIOPSIDA,THEACEAE,Franklinia,alatamaha,,,,Marshall,Extinct in the Wild,,3.1,,Global,https://doi.org/10.2305/iucn.uk.2015-2.rlts.t30408a62077322.en,"(2015). Franklinia alatamaha: Rivers, M.C. *IUCN Red List of Threatened Species*, https://doi.org/10.2305/iucn.uk.2015-2.rlts.t30408a62077322.en"
wfo-0000193785,62758122,62758119,Arachis rigonii,PLANTAE,TRACHEOPHYTA,FABALES,MAGNOLIOPSIDA,FABACEAE,Arachis,rigonii,,,,Krapov. & W.C.Greg.,Extinct in the Wild,,3.1,,Global,https://doi.org/10.2305/iucn.uk.2021-1.rlts.t62758119a62758122.en,"(2020). Arachis rigonii: Atahuachi, M., Clegg, R. &amp; Vique, I. *IUCN Red List of Threatened Species*, https://doi.org/10.2305/iucn.uk.2021-1.rlts.t62758119a62758122.en"
wfo-0000133120,67370818,37595,Lachanodes arborea,PLANTAE,TRACHEOPHYTA,ASTERALES,MAGNOLIOPSIDA,ASTERACEAE,Lachanodes,arborea,,,,(Roxb.) B.Nord.,Extinct in the Wild,,3.1,,Global,https://doi.org/10.2305/iucn.uk.2016-1.rlts.t37595a67370818.en,"(2015). Lachanodes arborea: Lambdon, P.W. &amp; Ellick, S. *IUCN Red List of Threatened Species*, https://doi.org/10.2305/iucn.uk.2016-1.rlts.t37595a67370818.en"
wfo-0000458817,67371983,30560,Trochetiopsis erythroxylon,PLANTAE,TRACHEOPHYTA,MALVALES,MAGNOLIOPSIDA,MALVACEAE,Trochetiopsis,erythroxylon,,,,(G.Forst.) Marais,Extinct in the Wild,,3.1,,Global,https://doi.org/10.2305/iucn.uk.2016-1.rlts.t30560a67371983.en,"(2015). Trochetiopsis erythroxylon: Lambdon, P.W. &amp; Ellick, S. *IUCN Red List of Threatened Species*, https://doi.org/10.2305/iucn.uk.2016-1.rlts.t30560a67371983.en"
wfo-0000512199,122926208,122926206,Abutilon pitcairnense,PLANTAE,TRACHEOPHYTA,MALVALES,MAGNOLIOPSIDA,MALVACEAE,Abutilon,pitcairnense,,,,Fosberg,Extinct in the Wild,,3.1,,Global,https://doi.org/10.2305/iucn.uk.2018-1.rlts.t122926206a122926208.en,"(2017). Abutilon pitcairnense: Bárrios, S. &amp; Smyth, N. *IUCN Red List of Threatened Species*, https://doi.org/10.2305/iucn.uk.2018-1.rlts.t122926206a122926208.en"
wfo-0000754541,123986038,123986030,Agave lurida,PLANTAE,TRACHEOPHYTA,ASPARAGALES,LILIOPSIDA,ASPARAGACEAE,Agave,lurida,,,,Aiton,Extinct in the Wild,,3.1,,Global,https://doi.org/10.2305/iucn.uk.2020-1.rlts.t123986030a123986038.en,"(2018). Agave lurida: García-Mendoza, A.J. *IUCN Red List of Threatened Species*, https://doi.org/10.2305/iucn.uk.2020-1.rlts.t123986030a123986038.en"
wfo-0000336106,126613386,126612397,Csapodya splendens,PLANTAE,TRACHEOPHYTA,GENTIANALES,MAGNOLIOPSIDA,RUBIACEAE,Csapodya,splendens,,,,(Breedlove & Lorence) Borhidi,Extinct in the Wild,,3.1,,Global,https://doi.org/10.2305/iucn.uk.2020-3.rlts.t126612397a126613386.en,"(2020). Deppea splendens: Fuentes, A.C.D., Martínez Salas, E. &amp; Samain, M.-S. *IUCN Red List of Threatened Species*, https://doi.org/10.2305/iucn.uk.2020-3.rlts.t126612397a126613386.en"
wfo-0000925847,142383583,38493,Corypha taliera,PLANTAE,TRACHEOPHYTA,ARECALES,LILIOPSIDA,ARECACEAE,Corypha,taliera,,,,Roxb.,Extinct in the Wild,,3.1,,Global,https://doi.org/10.2305/iucn.uk.2026-1.rlts.t38493a142383583.en,"(2025). Corypha taliera: Dhyani, A. *IUCN Red List of Threatened Species*, https://doi.org/10.2305/iucn.uk.2026-1.rlts.t38493a142383583.en"
wfo-0000193869,149811526,30392,Sophora toromiro,PLANTAE,TRACHEOPHYTA,FABALES,MAGNOLIOPSIDA,FABACEAE,Sophora,toromiro,,,,(Phil.) Skottsb.,Extinct in the Wild,,3.1,,Global,https://doi.org/10.2305/iucn.uk.2021-3.rlts.t30392a149811526.en,"(2021). Sophora toromiro: Rivera Caniulao, M. &amp; Chaparro, C.B. *IUCN Red List of Threatened Species*, https://doi.org/10.2305/iucn.uk.2021-3.rlts.t30392a149811526.en"
wfo-0001426304,154696297,152357598,Amomum sumatranum,PLANTAE,TRACHEOPHYTA,ZINGIBERALES,LILIOPSIDA,ZINGIBERACEAE,Amomum,sumatranum,,,,(Valeton) Skornick. & Hlavatá,Extinct in the Wild,,3.1,,Global,https://doi.org/10.2305/iucn.uk.2020-2.rlts.t152357598a154696297.en,"(2019). Amomum sumatranum: Olander, S.B. *IUCN Red List of Threatened Species*, https://doi.org/10.2305/iucn.uk.2020-2.rlts.t152357598a154696297.en"
wfo-0000653941,164117292,164111324,Friedmannodendron rodriguesianum,PLANTAE,TRACHEOPHYTA,MALVALES,MAGNOLIOPSIDA,MALVACEAE,Friedmannodendron,rodriguesianum,,,,(F.Friedmann) Le Péchon & Skema,Extinct in the Wild,,3.1,,Global,https://doi.org/10.2305/iucn.uk.2021-2.rlts.t164111324a164117292.en,"(2021). Dombeya rodriguesiana: Tatayah, V., Jhangeer-Khan, R. &amp; Bégué, J.A. *IUCN Red List of Threatened Species*, https://doi.org/10.2305/iucn.uk.2021-2.rlts.t164111324a164117292.en"
wfo-0000826061,184207893,44080,Brighamia insignis,PLANTAE,TRACHEOPHYTA,ASTERALES,MAGNOLIOPSIDA,CAMPANULACEAE,Brighamia,insignis,,,,A.Gray,Extinct in the Wild,,3.1,,Global,https://doi.org/10.2305/iucn.uk.2023-1.rlts.t44080a184207893.en,"(2022). Brighamia insignis: Walsh, S., Nyberg, B. &amp; Wood, K. *IUCN Red List of Threatened Species*, https://doi.org/10.2305/iucn.uk.2023-1.rlts.t44080a184207893.en"
wfo-0000758828,197312879,110097724,Aloe silicicola,PLANTAE,TRACHEOPHYTA,ASPARAGALES,LILIOPSIDA,ASPHODELACEAE,Aloe,silicicola,,,,H.Perrier,Extinct in the Wild,,3.1,,Global,https://doi.org/10.2305/iucn.uk.2020-2.rlts.t110097724a197312879.en,"(2018). Aloe silicicola: Rakotoarisoa, S.E. *IUCN Red List of Threatened Species*, https://doi.org/10.2305/iucn.uk.2020-2.rlts.t110097724a197312879.en"
wfo-0000184535,227965606,226776565,Amherstia nobilis,PLANTAE,TRACHEOPHYTA,FABALES,MAGNOLIOPSIDA,FABACEAE,Amherstia,nobilis,,,,Wall.,Extinct in the Wild,,3.1,,Global,https://doi.org/10.2305/iucn.uk.2024-1.rlts.t226776565a227965606.en,"(2023). Amherstia nobilis: Rivers, M.C. *IUCN Red List of Threatened Species*, https://doi.org/10.2305/iucn.uk.2024-1.rlts.t226776565a227965606.en"
wfo-0000027863,241413513,34169,Dendroseris gigantea,PLANTAE,TRACHEOPHYTA,ASTERALES,MAGNOLIOPSIDA,ASTERACEAE,Dendroseris,gigantea,,,,Johow,Extinct in the Wild,,3.1,,Global,https://doi.org/10.2305/iucn.uk.2023-1.rlts.t34169a241413513.en,"(2023). Dendroseris gigantea: Cádiz, A. *IUCN Red List of Threatened Species*, https://doi.org/10.2305/iucn.uk.2023-1.rlts.t34169a241413513.en"
wfo-0000667348,243423919,41882,Encephalartos brevifoliolatus,PLANTAE,TRACHEOPHYTA,CYCADALES,CYCADOPSIDA,ZAMIACEAE,Encephalartos,brevifoliolatus,,,,Vorster,Extinct in the Wild,,3.1,,Global,https://doi.org/10.2305/iucn.uk.2022-1.rlts.t41882a243423919.en,"(2020). Encephalartos brevifoliolatus: Bösenberg, J.D. *IUCN Red List of Threatened Species*, https://doi.org/10.2305/iucn.uk.2022-1.rlts.t41882a243423919.en"
wfo-0000667385,243426977,41888,Encephalartos heenanii,PLANTAE,TRACHEOPHYTA,CYCADALES,CYCADOPSIDA,ZAMIACEAE,Encephalartos,heenanii,,,,R.A.Dyer,Extinct in the Wild,,3.1,,Global,https://doi.org/10.2305/iucn.uk.2022-1.rlts.t41888a243426977.en,"(2020). Encephalartos heenanii: Bösenberg, J.D. *IUCN Red List of Threatened Species*, https://doi.org/10.2305/iucn.uk.2022-1.rlts.t41888a243426977.en"
wfo-0000667435,243431182,41896,Encephalartos nubimontanus,PLANTAE,TRACHEOPHYTA,CYCADALES,CYCADOPSIDA,ZAMIACEAE,Encephalartos,nubimontanus,,,,P.J.H.Hurter,Extinct in the Wild,,3.1,,Global,https://doi.org/10.2305/iucn.uk.2022-1.rlts.t41896a243431182.en,"(2020). Encephalartos nubimontanus: Bösenberg, J.D. *IUCN Red List of Threatened Species*, https://doi.org/10.2305/iucn.uk.2022-1.rlts.t41896a243431182.en"
wfo-0000667448,243432097,41764,Encephalartos relictus,PLANTAE,TRACHEOPHYTA,CYCADALES,CYCADOPSIDA,ZAMIACEAE,Encephalartos,relictus,,,,P.J.H.Hurter,Extinct in the Wild,,3.1,,Global,https://doi.org/10.2305/iucn.uk.2022-1.rlts.t41764a243432097.en,"(2020). Encephalartos relictus: Bösenberg, J.D. *IUCN Red List of Threatened Species*, https://doi.org/10.2305/iucn.uk.2022-1.rlts.t41764a243432097.en"
wfo-0000667480,243434007,41881,Encephalartos woodii,PLANTAE,TRACHEOPHYTA,CYCADALES,CYCADOPSIDA,ZAMIACEAE,Encephalartos,woodii,,,,Sander,Extinct in the Wild,,3.1,,Global,https://doi.org/10.2305/iucn.uk.2022-1.rlts.t41881a243434007.en,"(2020). Encephalartos woodii: Bösenberg, J.D. *IUCN Red List of Threatened Species*, https://doi.org/10.2305/iucn.uk.2022-1.rlts.t41881a243434007.en"
