WFOID,vernacularName,identifier,isPreferredName,source,language,countryCode,uri,bibliographicCitation,rights,license
wfo-0001115201,wan kip ma (ว่านกีบม้า)(Central),ver-THA-0001115201.01,0.0,ref-THA-0001115201,TH,THA,https://botany.dnp.go.th/eflora/floraspecies.html?tdcode=F0066,"Angiopteris evecta. Flora of Thailand. Vol. 3. Part 1, 1979. Pg. 41–42. Accessed 2021-07-31",Forest Herbarium,All rights reserved
wfo-0001115201,wan kip raet (ว่านกีบแรด)(Central),ver-THA-0001115201.02,0.0,ref-THA-0001115201,TH,THA,https://botany.dnp.go.th/eflora/floraspecies.html?tdcode=F0066,"Angiopteris evecta. Flora of Thailand. Vol. 3. Part 1, 1979. Pg. 41–42. Accessed 2021-07-31",Forest Herbarium,All rights reserved
wfo-0001115201,kip ma lom (กีบม้าลม)(Northern),ver-THA-0001115201.03,0.0,ref-THA-0001115201,TH,THA,https://botany.dnp.go.th/eflora/floraspecies.html?tdcode=F0066,"Angiopteris evecta. Flora of Thailand. Vol. 3. Part 1, 1979. Pg. 41–42. Accessed 2021-07-31",Forest Herbarium,All rights reserved
wfo-0001115201,kip raet (กีบแรด)(Northern),ver-THA-0001115201.04,0.0,ref-THA-0001115201,TH,THA,https://botany.dnp.go.th/eflora/floraspecies.html?tdcode=F0066,"Angiopteris evecta. Flora of Thailand. Vol. 3. Part 1, 1979. Pg. 41–42. Accessed 2021-07-31",Forest Herbarium,All rights reserved
wfo-0001115201,du-ku (ดูกู)(Malay-Peninsular),ver-THA-0001115201.05,0.0,ref-THA-0001115201,TH,THA,https://botany.dnp.go.th/eflora/floraspecies.html?tdcode=F0066,"Angiopteris evecta. Flora of Thailand. Vol. 3. Part 1, 1979. Pg. 41–42. Accessed 2021-07-31",Forest Herbarium,All rights reserved
wfo-0000748037,hut phipa (กูดผีป่า)(Northern),ver-THA-0000748037.01,0.0,ref-THA-0000748037,TH,THA,https://botany.dnp.go.th/eflora/floraspecies.html?tdcode=F0174,"Cibotium barometz. Flora of Thailand. Vol. 3. Part 1, 1979. Pg. 109–110. Accessed 2021-07-31",Forest Herbarium,All rights reserved
wfo-0000748037,kut phan (กูดพาน)(Northern),ver-THA-0000748037.02,0.0,ref-THA-0000748037,TH,THA,https://botany.dnp.go.th/eflora/floraspecies.html?tdcode=F0174,"Cibotium barometz. Flora of Thailand. Vol. 3. Part 1, 1979. Pg. 109–110. Accessed 2021-07-31",Forest Herbarium,All rights reserved
wfo-0000748037,khon kai noi (ขนไก่น้อย)(Northeastern),ver-THA-0000748037.03,0.0,ref-THA-0000748037,TH,THA,https://botany.dnp.go.th/eflora/floraspecies.html?tdcode=F0174,"Cibotium barometz. Flora of Thailand. Vol. 3. Part 1, 1979. Pg. 109–110. Accessed 2021-07-31",Forest Herbarium,All rights reserved
wfo-0000748037,hatsadaeng (หัสแดง)(Eastern),ver-THA-0000748037.04,0.0,ref-THA-0000748037,TH,THA,https://botany.dnp.go.th/eflora/floraspecies.html?tdcode=F0174,"Cibotium barometz. Flora of Thailand. Vol. 3. Part 1, 1979. Pg. 109–110. Accessed 2021-07-31",Forest Herbarium,All rights reserved
wfo-0000748037,la-ong faifa (ละอองไฟฟ้า)(Central),ver-THA-0000748037.05,0.0,ref-THA-0000748037,TH,THA,https://botany.dnp.go.th/eflora/floraspecies.html?tdcode=F0174,"Cibotium barometz. Flora of Thailand. Vol. 3. Part 1, 1979. Pg. 109–110. Accessed 2021-07-31",Forest Herbarium,All rights reserved
wfo-0000748037,wan kai noi (ว่านไก่น้อย)(Central),ver-THA-0000748037.06,0.0,ref-THA-0000748037,TH,THA,https://botany.dnp.go.th/eflora/floraspecies.html?tdcode=F0174,"Cibotium barometz. Flora of Thailand. Vol. 3. Part 1, 1979. Pg. 109–110. Accessed 2021-07-31",Forest Herbarium,All rights reserved
wfo-0000748037,kut sua (กูดเสือ)(Peninsular),ver-THA-0000748037.07,0.0,ref-THA-0000748037,TH,THA,https://botany.dnp.go.th/eflora/floraspecies.html?tdcode=F0174,"Cibotium barometz. Flora of Thailand. Vol. 3. Part 1, 1979. Pg. 109–110. Accessed 2021-07-31",Forest Herbarium,All rights reserved
wfo-0000748037,pho si (โพสี)(Peninsular),ver-THA-0000748037.08,0.0,ref-THA-0000748037,TH,THA,https://botany.dnp.go.th/eflora/floraspecies.html?tdcode=F0174,"Cibotium barometz. Flora of Thailand. Vol. 3. Part 1, 1979. Pg. 109–110. Accessed 2021-07-31",Forest Herbarium,All rights reserved
wfo-0000748037,ninla phosi (นิลโพสี)(Peninsular),ver-THA-0000748037.09,0.0,ref-THA-0000748037,TH,THA,https://botany.dnp.go.th/eflora/floraspecies.html?tdcode=F0174,"Cibotium barometz. Flora of Thailand. Vol. 3. Part 1, 1979. Pg. 109–110. Accessed 2021-07-31",Forest Herbarium,All rights reserved
wfo-0001255454,maha sing kham (มหาสิงดำ)(Northern),ver-THA-0001255454.01,0.0,ref-THA-0001255454,TH,THA,https://botany.dnp.go.th/eflora/floraspecies.html?tdcode=F0167,"Cyathea borneensis. Flora of Thailand. Vol. 3. Part 1, 1979. Pg. 103–104. Accessed 2021-07-31",Forest Herbarium,All rights reserved
wfo-0001255454,kut ton (กูดต้น)(Peninsular),ver-THA-0001255454.02,0.0,ref-THA-0001255454,TH,THA,https://botany.dnp.go.th/eflora/floraspecies.html?tdcode=F0167,"Cyathea borneensis. Flora of Thailand. Vol. 3. Part 1, 1979. Pg. 103–104. Accessed 2021-07-31",Forest Herbarium,All rights reserved
wfo-0001255454,maha sadam (มหาสะดำ)(Peninsular),ver-THA-0001255454.03,0.0,ref-THA-0001255454,TH,THA,https://botany.dnp.go.th/eflora/floraspecies.html?tdcode=F0167,"Cyathea borneensis. Flora of Thailand. Vol. 3. Part 1, 1979. Pg. 103–104. Accessed 2021-07-31",Forest Herbarium,All rights reserved
wfo-0001128161,hua ai pet (หัวอ้ายเป็ด)(Central),ver-THA-0001128161.01,0.0,ref-THA-0001128161,TH,THA,https://botany.dnp.go.th/eflora/floraspecies.html?tdcode=F0171,"Cyathea contaminans. Flora of Thailand. Vol. 3. Part 1, 1979. Pg. 106–107. Accessed 2021-07-31",Forest Herbarium,All rights reserved
wfo-0001115244,maha sadam (มหาสะดำ)(Southeastern),ver-THA-0001115244.01,0.0,ref-THA-0001115244,TH,THA,https://botany.dnp.go.th/eflora/floraspecies.html?tdcode=F0170,"Cyathea gigantea. Flora of Thailand. Vol. 3. Part 1, 1979. Pg. 105–106. Accessed 2021-07-31",Forest Herbarium,All rights reserved
wfo-0001115244,maha sadaeng (มหาสะแดง)(Peninsular),ver-THA-0001115244.02,0.0,ref-THA-0001115244,TH,THA,https://botany.dnp.go.th/eflora/floraspecies.html?tdcode=F0170,"Cyathea gigantea. Flora of Thailand. Vol. 3. Part 1, 1979. Pg. 105–106. Accessed 2021-07-31",Forest Herbarium,All rights reserved
wfo-0001115244,kut ngong (กูดโง่ง)(Northern),ver-THA-0001115244.03,0.0,ref-THA-0001115244,TH,THA,https://botany.dnp.go.th/eflora/floraspecies.html?tdcode=F0170,"Cyathea gigantea. Flora of Thailand. Vol. 3. Part 1, 1979. Pg. 105–106. Accessed 2021-07-31",Forest Herbarium,All rights reserved
wfo-0001115244,kut yong (กูดโย่ง)(Northern),ver-THA-0001115244.04,0.0,ref-THA-0001115244,TH,THA,https://botany.dnp.go.th/eflora/floraspecies.html?tdcode=F0170,"Cyathea gigantea. Flora of Thailand. Vol. 3. Part 1, 1979. Pg. 105–106. Accessed 2021-07-31",Forest Herbarium,All rights reserved
wfo-0001115244,kut hang nok yung (กูดหางนกยูง)(Northern),ver-THA-0001115244.05,0.0,ref-THA-0001115244,TH,THA,https://botany.dnp.go.th/eflora/floraspecies.html?tdcode=F0170,"Cyathea gigantea. Flora of Thailand. Vol. 3. Part 1, 1979. Pg. 105–106. Accessed 2021-07-31",Forest Herbarium,All rights reserved
wfo-0001115244,kha-su-do (คาซูโด)(Karen-Northern),ver-THA-0001115244.06,0.0,ref-THA-0001115244,TH,THA,https://botany.dnp.go.th/eflora/floraspecies.html?tdcode=F0170,"Cyathea gigantea. Flora of Thailand. Vol. 3. Part 1, 1979. Pg. 105–106. Accessed 2021-07-31",Forest Herbarium,All rights reserved
wfo-0001118146,kuy ton (กูดต้น)(Northern),ver-THA-0001118146.01,0.0,ref-THA-0001118146,TH,THA,https://botany.dnp.go.th/eflora/floraspecies.html?tdcode=F0168,"Cyathea latebrosa. Flora of Thailand. Vol. 3. Part 1, 1979. Pg. 104. Accessed 2021-07-31",Forest Herbarium,All rights reserved
wfo-0001118146,kut phrao (กูดพร้าว)(Northern),ver-THA-0001118146.02,0.0,ref-THA-0001118146,TH,THA,https://botany.dnp.go.th/eflora/floraspecies.html?tdcode=F0168,"Cyathea latebrosa. Flora of Thailand. Vol. 3. Part 1, 1979. Pg. 104. Accessed 2021-07-31",Forest Herbarium,All rights reserved
wfo-0001118146,maha sadam (มหาสดำ)(Southeastern),ver-THA-0001118146.03,0.0,ref-THA-0001118146,TH,THA,https://botany.dnp.go.th/eflora/floraspecies.html?tdcode=F0168,"Cyathea latebrosa. Flora of Thailand. Vol. 3. Part 1, 1979. Pg. 104. Accessed 2021-07-31",Forest Herbarium,All rights reserved
wfo-0001115178,maha sadam (มหาสะดำ)(Peninsular),ver-THA-0001115178.01,0.0,ref-THA-0001115178,TH,THA,https://botany.dnp.go.th/eflora/floraspecies.html?tdcode=F0169,"Cyathea podophylla. Flora of Thailand. Vol. 3. Part 1, 1979. Pg. 104–105. Accessed 2021-07-31",Forest Herbarium,All rights reserved
wfo-0001117735,kiku kachoei (กิ๊กุกะเจ้ย)(Karen-Northern),ver-THA-0001117735.01,0.0,ref-THA-0001117735,TH,THA,https://botany.dnp.go.th/eflora/florainfra.html?tdcode=F0092,"Dicranopteris linearis linearis. Flora of Thailand. Vol. 3. Part 1, 1979. Pg. 56. Accessed 2021-07-31",Forest Herbarium,All rights reserved
wfo-0001117735,kut pit (กูดปี๊ด)(Northern),ver-THA-0001117735.02,0.0,ref-THA-0001117735,TH,THA,https://botany.dnp.go.th/eflora/florainfra.html?tdcode=F0092,"Dicranopteris linearis linearis. Flora of Thailand. Vol. 3. Part 1, 1979. Pg. 56. Accessed 2021-07-31",Forest Herbarium,All rights reserved
wfo-0001117735,kut muk (กูดหมึก)(Northern),ver-THA-0001117735.03,0.0,ref-THA-0001117735,TH,THA,https://botany.dnp.go.th/eflora/florainfra.html?tdcode=F0092,"Dicranopteris linearis linearis. Flora of Thailand. Vol. 3. Part 1, 1979. Pg. 56. Accessed 2021-07-31",Forest Herbarium,All rights reserved
wfo-0001117735,kut taem (กูดแต้ม)(Peninsular),ver-THA-0001117735.04,0.0,ref-THA-0001117735,TH,THA,https://botany.dnp.go.th/eflora/florainfra.html?tdcode=F0092,"Dicranopteris linearis linearis. Flora of Thailand. Vol. 3. Part 1, 1979. Pg. 56. Accessed 2021-07-31",Forest Herbarium,All rights reserved
wfo-0001117735,chon lek (โจ้นเหล็ก)(Peninsular),ver-THA-0001117735.05,0.0,ref-THA-0001117735,TH,THA,https://botany.dnp.go.th/eflora/florainfra.html?tdcode=F0092,"Dicranopteris linearis linearis. Flora of Thailand. Vol. 3. Part 1, 1979. Pg. 56. Accessed 2021-07-31",Forest Herbarium,All rights reserved
wfo-0001117735,chon (โชน)(Peninsular),ver-THA-0001117735.06,0.0,ref-THA-0001117735,TH,THA,https://botany.dnp.go.th/eflora/florainfra.html?tdcode=F0092,"Dicranopteris linearis linearis. Flora of Thailand. Vol. 3. Part 1, 1979. Pg. 56. Accessed 2021-07-31",Forest Herbarium,All rights reserved
wfo-0001117735,kuekae (กือแก)(Malaya-Peninsular),ver-THA-0001117735.07,0.0,ref-THA-0001117735,TH,THA,https://botany.dnp.go.th/eflora/florainfra.html?tdcode=F0092,"Dicranopteris linearis linearis. Flora of Thailand. Vol. 3. Part 1, 1979. Pg. 56. Accessed 2021-07-31",Forest Herbarium,All rights reserved
wfo-0001117735,ruesae (รือแซ)(Malaya-Peninsular),ver-THA-0001117735.08,0.0,ref-THA-0001117735,TH,THA,https://botany.dnp.go.th/eflora/florainfra.html?tdcode=F0092,"Dicranopteris linearis linearis. Flora of Thailand. Vol. 3. Part 1, 1979. Pg. 56. Accessed 2021-07-31",Forest Herbarium,All rights reserved
wfo-0001117763,ya nguak (หญ้าเงือก)(Northern),ver-THA-0001117763.01,0.0,ref-THA-0001117763,TH,THA,https://botany.dnp.go.th/eflora/floraspecies.html?tdcode=F0053,"Equisetum debile. Flora of Thailand. Vol. 3. Part 1, 1979. Pg. 34. Accessed 2021-07-31",Forest Herbarium,All rights reserved
wfo-0001117763,ya thot bong (หญ้าถอคบ้อง)(Northern),ver-THA-0001117763.02,0.0,ref-THA-0001117763,TH,THA,https://botany.dnp.go.th/eflora/floraspecies.html?tdcode=F0053,"Equisetum debile. Flora of Thailand. Vol. 3. Part 1, 1979. Pg. 34. Accessed 2021-07-31",Forest Herbarium,All rights reserved
wfo-0001117763,ya hu nuak (หญ้าหูหนวก)(Northern),ver-THA-0001117763.03,0.0,ref-THA-0001117763,TH,THA,https://botany.dnp.go.th/eflora/floraspecies.html?tdcode=F0053,"Equisetum debile. Flora of Thailand. Vol. 3. Part 1, 1979. Pg. 34. Accessed 2021-07-31",Forest Herbarium,All rights reserved
wfo-0001107319,kut chong (กูดจ๊อง)(Northern),ver-THA-0001107319.01,0.0,ref-THA-0001107319,TH,THA,https://botany.dnp.go.th/eflora/floraspecies.html?tdcode=F0061,"Helminthostachys zeylanica. Flora of Thailand. Vol. 3. Part 1, 1979. Pg. 38–39. Accessed 2021-07-31",Forest Herbarium,All rights reserved
wfo-0001107319,kut sang (กูดซัง)(Northern),ver-THA-0001107319.02,0.0,ref-THA-0001107319,TH,THA,https://botany.dnp.go.th/eflora/floraspecies.html?tdcode=F0061,"Helminthostachys zeylanica. Flora of Thailand. Vol. 3. Part 1, 1979. Pg. 38–39. Accessed 2021-07-31",Forest Herbarium,All rights reserved
wfo-0001107319,kut tin hung (กูดตีนฮุ้ง)(Northern),ver-THA-0001107319.03,0.0,ref-THA-0001107319,TH,THA,https://botany.dnp.go.th/eflora/floraspecies.html?tdcode=F0061,"Helminthostachys zeylanica. Flora of Thailand. Vol. 3. Part 1, 1979. Pg. 38–39. Accessed 2021-07-31",Forest Herbarium,All rights reserved
wfo-0001107319,phak tin kwang (ผักตีนกวาง)(Northern),ver-THA-0001107319.04,0.0,ref-THA-0001107319,TH,THA,https://botany.dnp.go.th/eflora/floraspecies.html?tdcode=F0061,"Helminthostachys zeylanica. Flora of Thailand. Vol. 3. Part 1, 1979. Pg. 38–39. Accessed 2021-07-31",Forest Herbarium,All rights reserved
wfo-0001107319,"tin nok yung (ตีนนกยูง)(Southeastern, Peninsular)",ver-THA-0001107319.05,0.0,ref-THA-0001107319,TH,THA,https://botany.dnp.go.th/eflora/floraspecies.html?tdcode=F0061,"Helminthostachys zeylanica. Flora of Thailand. Vol. 3. Part 1, 1979. Pg. 38–39. Accessed 2021-07-31",Forest Herbarium,All rights reserved
wfo-0001107319,phak nok yung (ผักนกยูง)(Eastern),ver-THA-0001107319.06,0.0,ref-THA-0001107319,TH,THA,https://botany.dnp.go.th/eflora/floraspecies.html?tdcode=F0061,"Helminthostachys zeylanica. Flora of Thailand. Vol. 3. Part 1, 1979. Pg. 38–39. Accessed 2021-07-31",Forest Herbarium,All rights reserved
wfo-0001125301,hang nu (หางหนู)(Southeastern),ver-THA-0001125301.01,0.0,ref-THA-0001125301,TH,THA,https://botany.dnp.go.th/eflora/floraspecies.html?tdcode=F0009,"Lycopodium carinatum. Flora of Thailand. Vol. 3. Part 1, 1979. Pg. 8. Accessed 2021-07-31",Forest Herbarium,All rights reserved
wfo-0001125301,hang pia chek (หางเปียเจ๊ก)(Southeastern),ver-THA-0001125301.02,0.0,ref-THA-0001125301,TH,THA,https://botany.dnp.go.th/eflora/floraspecies.html?tdcode=F0009,"Lycopodium carinatum. Flora of Thailand. Vol. 3. Part 1, 1979. Pg. 8. Accessed 2021-07-31",Forest Herbarium,All rights reserved
wfo-0001125301,soi nari (สร้อยนารี)(Southeastern),ver-THA-0001125301.03,0.0,ref-THA-0001125301,TH,THA,https://botany.dnp.go.th/eflora/floraspecies.html?tdcode=F0009,"Lycopodium carinatum. Flora of Thailand. Vol. 3. Part 1, 1979. Pg. 8. Accessed 2021-07-31",Forest Herbarium,All rights reserved
wfo-0001108775,kut khon (กูดขน)(Northern),ver-THA-0001108775.01,0.0,ref-THA-0001108775,TH,THA,https://botany.dnp.go.th/eflora/floraspecies.html?tdcode=F0016,"Lycopodium cernuum. Flora of Thailand. Vol. 3. Part 1, 1979. Pg. 12. Accessed 2021-07-31",Forest Herbarium,All rights reserved
wfo-0001108775,ya kan phiang (หญ้าก้านเพียง)(Northeastern),ver-THA-0001108775.02,0.0,ref-THA-0001108775,TH,THA,https://botany.dnp.go.th/eflora/floraspecies.html?tdcode=F0016,"Lycopodium cernuum. Flora of Thailand. Vol. 3. Part 1, 1979. Pg. 12. Accessed 2021-07-31",Forest Herbarium,All rights reserved
wfo-0001108775,yaeng yae (แหยงแย้)(Northeastern),ver-THA-0001108775.03,0.0,ref-THA-0001108775,TH,THA,https://botany.dnp.go.th/eflora/floraspecies.html?tdcode=F0016,"Lycopodium cernuum. Flora of Thailand. Vol. 3. Part 1, 1979. Pg. 12. Accessed 2021-07-31",Forest Herbarium,All rights reserved
wfo-0001108775,slap (สลาบ)(Southeastern),ver-THA-0001108775.04,0.0,ref-THA-0001108775,TH,THA,https://botany.dnp.go.th/eflora/floraspecies.html?tdcode=F0016,"Lycopodium cernuum. Flora of Thailand. Vol. 3. Part 1, 1979. Pg. 12. Accessed 2021-07-31",Forest Herbarium,All rights reserved
wfo-0001108775,dok hin (ดอกหิน)(Southeastern),ver-THA-0001108775.05,0.0,ref-THA-0001108775,TH,THA,https://botany.dnp.go.th/eflora/floraspecies.html?tdcode=F0016,"Lycopodium cernuum. Flora of Thailand. Vol. 3. Part 1, 1979. Pg. 12. Accessed 2021-07-31",Forest Herbarium,All rights reserved
wfo-0001108775,rang kai (รังไก่)(Peninsular),ver-THA-0001108775.06,0.0,ref-THA-0001108775,TH,THA,https://botany.dnp.go.th/eflora/floraspecies.html?tdcode=F0016,"Lycopodium cernuum. Flora of Thailand. Vol. 3. Part 1, 1979. Pg. 12. Accessed 2021-07-31",Forest Herbarium,All rights reserved
wfo-0001108775,ruai kai (รวยไก่)(Peninsular),ver-THA-0001108775.07,0.0,ref-THA-0001108775,TH,THA,https://botany.dnp.go.th/eflora/floraspecies.html?tdcode=F0016,"Lycopodium cernuum. Flora of Thailand. Vol. 3. Part 1, 1979. Pg. 12. Accessed 2021-07-31",Forest Herbarium,All rights reserved
wfo-0001108775,sam roi yot (สามร้อยยอด)(Peninsular),ver-THA-0001108775.08,0.0,ref-THA-0001108775,TH,THA,https://botany.dnp.go.th/eflora/floraspecies.html?tdcode=F0016,"Lycopodium cernuum. Flora of Thailand. Vol. 3. Part 1, 1979. Pg. 12. Accessed 2021-07-31",Forest Herbarium,All rights reserved
wfo-0001107341,kut khon (กูดขน)(Northern),ver-THA-0001107341.01,0.0,ref-THA-0001107341,TH,THA,https://botany.dnp.go.th/eflora/floraspecies.html?tdcode=F0015,"Lycopodium clavatum. Flora of Thailand. Vol. 3. Part 1, 1979. Pg. 11–12. Accessed 2021-07-31",Forest Herbarium,All rights reserved
wfo-0001107341,sam roi yot (สามร้อยยอด)(Peninsular),ver-THA-0001107341.02,0.0,ref-THA-0001107341,TH,THA,https://botany.dnp.go.th/eflora/floraspecies.html?tdcode=F0015,"Lycopodium clavatum. Flora of Thailand. Vol. 3. Part 1, 1979. Pg. 11–12. Accessed 2021-07-31",Forest Herbarium,All rights reserved
wfo-0001109000,chong nang khli (ช้องนางคลี่)(Southwestern),ver-THA-0001109000.01,0.0,ref-THA-0001109000,TH,THA,https://botany.dnp.go.th/eflora/floraspecies.html?tdcode=F0013,"Lycopodium phlegmaria. Flora of Thailand. Vol. 3. Part 1, 1979. Pg. 10–11. Accessed 2021-07-31",Forest Herbarium,All rights reserved
wfo-0001109000,klet nakkharat (เกล็ดนาคราช)(Northeastern),ver-THA-0001109000.02,0.0,ref-THA-0001109000,TH,THA,https://botany.dnp.go.th/eflora/floraspecies.html?tdcode=F0013,"Lycopodium phlegmaria. Flora of Thailand. Vol. 3. Part 1, 1979. Pg. 10–11. Accessed 2021-07-31",Forest Herbarium,All rights reserved
wfo-0001109000,raya (ระย้า)(Peninsular),ver-THA-0001109000.03,0.0,ref-THA-0001109000,TH,THA,https://botany.dnp.go.th/eflora/floraspecies.html?tdcode=F0013,"Lycopodium phlegmaria. Flora of Thailand. Vol. 3. Part 1, 1979. Pg. 10–11. Accessed 2021-07-31",Forest Herbarium,All rights reserved
wfo-0001109000,yom doi (ยมโดย)(Central),ver-THA-0001109000.04,0.0,ref-THA-0001109000,TH,THA,https://botany.dnp.go.th/eflora/floraspecies.html?tdcode=F0013,"Lycopodium phlegmaria. Flora of Thailand. Vol. 3. Part 1, 1979. Pg. 10–11. Accessed 2021-07-31",Forest Herbarium,All rights reserved
wfo-0001108795,chong nang khli (ช้องนางคลี่)(Northern),ver-THA-0001108795.01,0.0,ref-THA-0001108795,TH,THA,https://botany.dnp.go.th/eflora/floraspecies.html?tdcode=F0011,"Lycopodium squarrosum. Flora of Thailand. Vol. 3. Part 1, 1979. Pg. 9–10. Accessed 2021-07-31",Forest Herbarium,All rights reserved
wfo-0001108795,hang khang (หางค่าง)(Peninsular),ver-THA-0001108795.02,0.0,ref-THA-0001108795,TH,THA,https://botany.dnp.go.th/eflora/floraspecies.html?tdcode=F0011,"Lycopodium squarrosum. Flora of Thailand. Vol. 3. Part 1, 1979. Pg. 9–10. Accessed 2021-07-31",Forest Herbarium,All rights reserved
wfo-0001115286,kut kong(กูดก๊อง),ver-THA-0001115286.01,0.0,ref-THA-0001115286,TH,THA,https://botany.dnp.go.th/eflora/floraspecies.html?tdcode=F0103,"Lygodium flexuosum. Flora of Thailand. Vol. 3. Part 1, 1979. Pg. 62–63. Accessed 2021-07-31",Forest Herbarium,All rights reserved
wfo-0001115286,kut doi (กูดดอย)(Northern),ver-THA-0001115286.02,0.0,ref-THA-0001115286,TH,THA,https://botany.dnp.go.th/eflora/floraspecies.html?tdcode=F0103,"Lygodium flexuosum. Flora of Thailand. Vol. 3. Part 1, 1979. Pg. 62–63. Accessed 2021-07-31",Forest Herbarium,All rights reserved
wfo-0001115286,kut ngot ngaet (กูดงอดแงด)(Northern),ver-THA-0001115286.03,0.0,ref-THA-0001115286,TH,THA,https://botany.dnp.go.th/eflora/floraspecies.html?tdcode=F0103,"Lygodium flexuosum. Flora of Thailand. Vol. 3. Part 1, 1979. Pg. 62–63. Accessed 2021-07-31",Forest Herbarium,All rights reserved
wfo-0001115286,kut phae (กูดแพะ)(Northern),ver-THA-0001115286.04,0.0,ref-THA-0001115286,TH,THA,https://botany.dnp.go.th/eflora/floraspecies.html?tdcode=F0103,"Lygodium flexuosum. Flora of Thailand. Vol. 3. Part 1, 1979. Pg. 62–63. Accessed 2021-07-31",Forest Herbarium,All rights reserved
wfo-0001115286,kut yong (กูดย่อง)(Northern),ver-THA-0001115286.05,0.0,ref-THA-0001115286,TH,THA,https://botany.dnp.go.th/eflora/floraspecies.html?tdcode=F0103,"Lygodium flexuosum. Flora of Thailand. Vol. 3. Part 1, 1979. Pg. 62–63. Accessed 2021-07-31",Forest Herbarium,All rights reserved
wfo-0001115286,moi mae mai (หมอยแม่หม้าย)(Eastern),ver-THA-0001115286.06,0.0,ref-THA-0001115286,TH,THA,https://botany.dnp.go.th/eflora/floraspecies.html?tdcode=F0103,"Lygodium flexuosum. Flora of Thailand. Vol. 3. Part 1, 1979. Pg. 62–63. Accessed 2021-07-31",Forest Herbarium,All rights reserved
wfo-0001115286,kachot (กะฉอด)(Southwestern),ver-THA-0001115286.07,0.0,ref-THA-0001115286,TH,THA,https://botany.dnp.go.th/eflora/floraspecies.html?tdcode=F0103,"Lygodium flexuosum. Flora of Thailand. Vol. 3. Part 1, 1979. Pg. 62–63. Accessed 2021-07-31",Forest Herbarium,All rights reserved
wfo-0001115286,taphao khuen hon (ตะเภาขึ้นหน)(Southwestern),ver-THA-0001115286.08,0.0,ref-THA-0001115286,TH,THA,https://botany.dnp.go.th/eflora/floraspecies.html?tdcode=F0103,"Lygodium flexuosum. Flora of Thailand. Vol. 3. Part 1, 1979. Pg. 62–63. Accessed 2021-07-31",Forest Herbarium,All rights reserved
wfo-0001115286,tin mangkon (ตีนมังกร)(Central),ver-THA-0001115286.09,0.0,ref-THA-0001115286,TH,THA,https://botany.dnp.go.th/eflora/floraspecies.html?tdcode=F0103,"Lygodium flexuosum. Flora of Thailand. Vol. 3. Part 1, 1979. Pg. 62–63. Accessed 2021-07-31",Forest Herbarium,All rights reserved
wfo-0001115286,tin takhap (ตีนตะขาบ)(Central),ver-THA-0001115286.10,0.0,ref-THA-0001115286,TH,THA,https://botany.dnp.go.th/eflora/floraspecies.html?tdcode=F0103,"Lygodium flexuosum. Flora of Thailand. Vol. 3. Part 1, 1979. Pg. 62–63. Accessed 2021-07-31",Forest Herbarium,All rights reserved
wfo-0001115286,liphao yai (ลิเภาใหญ่)(Peninsular),ver-THA-0001115286.11,0.0,ref-THA-0001115286,TH,THA,https://botany.dnp.go.th/eflora/floraspecies.html?tdcode=F0103,"Lygodium flexuosum. Flora of Thailand. Vol. 3. Part 1, 1979. Pg. 62–63. Accessed 2021-07-31",Forest Herbarium,All rights reserved
wfo-0001115286,saiphan phi (สายพานผี)(Peninsular),ver-THA-0001115286.12,0.0,ref-THA-0001115286,TH,THA,https://botany.dnp.go.th/eflora/floraspecies.html?tdcode=F0103,"Lygodium flexuosum. Flora of Thailand. Vol. 3. Part 1, 1979. Pg. 62–63. Accessed 2021-07-31",Forest Herbarium,All rights reserved
wfo-0001115286,thu-kai-kho (ทุไก่โค)(Karen-Southwestern),ver-THA-0001115286.13,0.0,ref-THA-0001115286,TH,THA,https://botany.dnp.go.th/eflora/floraspecies.html?tdcode=F0103,"Lygodium flexuosum. Flora of Thailand. Vol. 3. Part 1, 1979. Pg. 62–63. Accessed 2021-07-31",Forest Herbarium,All rights reserved
wfo-0001115286,ri-buba-sa (ริบูบะซา)(Malay-Peninsular),ver-THA-0001115286.14,0.0,ref-THA-0001115286,TH,THA,https://botany.dnp.go.th/eflora/floraspecies.html?tdcode=F0103,"Lygodium flexuosum. Flora of Thailand. Vol. 3. Part 1, 1979. Pg. 62–63. Accessed 2021-07-31",Forest Herbarium,All rights reserved
wfo-0000748052,ngo-ngae (งอแง)(Northern),ver-THA-0000748052.01,0.0,ref-THA-0000748052,TH,THA,https://botany.dnp.go.th/eflora/floraspecies.html?tdcode=F0102,"Lygodium japonicum. Flora of Thailand. Vol. 3. Part 1, 1979. Pg. 61–62. Accessed 2021-07-31",Forest Herbarium,All rights reserved
wfo-0001109621,kachot nu (กะฉอดหนู)(Southeastern),ver-THA-0001109621.01,0.0,ref-THA-0001109621,TH,THA,https://botany.dnp.go.th/eflora/floraspecies.html?tdcode=F0101,"Lygodium microphyllum. Flora of Thailand. Vol. 3. Part 1, 1979. Pg. 60–61. Accessed 2021-07-31",Forest Herbarium,All rights reserved
wfo-0001109621,liphao yung (ลิเภายุ่ง)(Peninsular),ver-THA-0001109621.02,0.0,ref-THA-0001109621,TH,THA,https://botany.dnp.go.th/eflora/floraspecies.html?tdcode=F0101,"Lygodium microphyllum. Flora of Thailand. Vol. 3. Part 1, 1979. Pg. 60–61. Accessed 2021-07-31",Forest Herbarium,All rights reserved
wfo-0001124448,kut khua (กูดเคือ)(Northern),ver-THA-0001124448.01,0.0,ref-THA-0001124448,TH,THA,https://botany.dnp.go.th/eflora/floraspecies.html?tdcode=F0100,"Lygodium polystachyum. Flora of Thailand. Vol. 3. Part 1, 1979. Pg. 59–60. Accessed 2021-07-31",Forest Herbarium,All rights reserved
wfo-0001124448,kut kong (กูดก๊อง)(Northern),ver-THA-0001124448.02,0.0,ref-THA-0001124448,TH,THA,https://botany.dnp.go.th/eflora/floraspecies.html?tdcode=F0100,"Lygodium polystachyum. Flora of Thailand. Vol. 3. Part 1, 1979. Pg. 59–60. Accessed 2021-07-31",Forest Herbarium,All rights reserved
wfo-0001124448,liphao (ลิเภา)(Peninsular),ver-THA-0001124448.03,0.0,ref-THA-0001124448,TH,THA,https://botany.dnp.go.th/eflora/floraspecies.html?tdcode=F0100,"Lygodium polystachyum. Flora of Thailand. Vol. 3. Part 1, 1979. Pg. 59–60. Accessed 2021-07-31",Forest Herbarium,All rights reserved
wfo-0001124448,liphao yong (ลิเภาย่อง)(Peninsular),ver-THA-0001124448.04,0.0,ref-THA-0001124448,TH,THA,https://botany.dnp.go.th/eflora/floraspecies.html?tdcode=F0100,"Lygodium polystachyum. Flora of Thailand. Vol. 3. Part 1, 1979. Pg. 59–60. Accessed 2021-07-31",Forest Herbarium,All rights reserved
wfo-0001124449,kut khue (กูดคือ)(Northern),ver-THA-0001124449.01,0.0,ref-THA-0001124449,TH,THA,https://botany.dnp.go.th/eflora/floraspecies.html?tdcode=F0105,"Lygodium salicifolium. Flora of Thailand. Vol. 3. Part 1, 1979. Pg. 64–65. Accessed 2021-07-31",Forest Herbarium,All rights reserved
wfo-0001124449,saiphan phi (สายพานผี)(Northern),ver-THA-0001124449.02,0.0,ref-THA-0001124449,TH,THA,https://botany.dnp.go.th/eflora/floraspecies.html?tdcode=F0105,"Lygodium salicifolium. Flora of Thailand. Vol. 3. Part 1, 1979. Pg. 64–65. Accessed 2021-07-31",Forest Herbarium,All rights reserved
wfo-0001124449,u taphao (อู่ตะเภา)(Northern),ver-THA-0001124449.03,0.0,ref-THA-0001124449,TH,THA,https://botany.dnp.go.th/eflora/floraspecies.html?tdcode=F0105,"Lygodium salicifolium. Flora of Thailand. Vol. 3. Part 1, 1979. Pg. 64–65. Accessed 2021-07-31",Forest Herbarium,All rights reserved
wfo-0001124449,kachot (กะฉอด)(Southeastern),ver-THA-0001124449.04,0.0,ref-THA-0001124449,TH,THA,https://botany.dnp.go.th/eflora/floraspecies.html?tdcode=F0105,"Lygodium salicifolium. Flora of Thailand. Vol. 3. Part 1, 1979. Pg. 64–65. Accessed 2021-07-31",Forest Herbarium,All rights reserved
wfo-0001124449,kachot nu (กะฉอดหนู)(Southeastern),ver-THA-0001124449.05,0.0,ref-THA-0001124449,TH,THA,https://botany.dnp.go.th/eflora/floraspecies.html?tdcode=F0105,"Lygodium salicifolium. Flora of Thailand. Vol. 3. Part 1, 1979. Pg. 64–65. Accessed 2021-07-31",Forest Herbarium,All rights reserved
wfo-0001124449,yan i-phao (ย่านอีเภา)(Peninsular),ver-THA-0001124449.06,0.0,ref-THA-0001124449,TH,THA,https://botany.dnp.go.th/eflora/floraspecies.html?tdcode=F0105,"Lygodium salicifolium. Flora of Thailand. Vol. 3. Part 1, 1979. Pg. 64–65. Accessed 2021-07-31",Forest Herbarium,All rights reserved
wfo-0001124449,yan yai phao (ย่านยายเภา)(Peninsular),ver-THA-0001124449.07,0.0,ref-THA-0001124449,TH,THA,https://botany.dnp.go.th/eflora/floraspecies.html?tdcode=F0105,"Lygodium salicifolium. Flora of Thailand. Vol. 3. Part 1, 1979. Pg. 64–65. Accessed 2021-07-31",Forest Herbarium,All rights reserved
wfo-0001124449,li-bu (ลีบู)(Malay-Peninsular),ver-THA-0001124449.08,0.0,ref-THA-0001124449,TH,THA,https://botany.dnp.go.th/eflora/floraspecies.html?tdcode=F0105,"Lygodium salicifolium. Flora of Thailand. Vol. 3. Part 1, 1979. Pg. 64–65. Accessed 2021-07-31",Forest Herbarium,All rights reserved
wfo-0001115299,hora khao nua (โหราเขาเนื้อ)(Central),ver-THA-0001115299.01,0.0,ref-THA-0001115299,TH,THA,https://botany.dnp.go.th/eflora/floraspecies.html?tdcode=F0189,"Microlepia platyphylla. Flora of Thailand. Vol. 3. Part 1, 1979. Pg. 121–123. Accessed 2021-07-31",Forest Herbarium,All rights reserved
wfo-0001115299,hora phak kut (โหราผักกูด)(Central),ver-THA-0001115299.02,0.0,ref-THA-0001115299,TH,THA,https://botany.dnp.go.th/eflora/floraspecies.html?tdcode=F0189,"Microlepia platyphylla. Flora of Thailand. Vol. 3. Part 1, 1979. Pg. 121–123. Accessed 2021-07-31",Forest Herbarium,All rights reserved
wfo-0001115299,hora khao krabu (โหราเขากระบือ)(Southwestern),ver-THA-0001115299.03,0.0,ref-THA-0001115299,TH,THA,https://botany.dnp.go.th/eflora/floraspecies.html?tdcode=F0189,"Microlepia platyphylla. Flora of Thailand. Vol. 3. Part 1, 1979. Pg. 121–123. Accessed 2021-07-31",Forest Herbarium,All rights reserved
wfo-0001107361,kut phi (กูดผี)(Central),ver-THA-0001107361.01,0.0,ref-THA-0001107361,TH,THA,https://botany.dnp.go.th/eflora/floraspecies.html?tdcode=F0186,"Microlepia speluncae. Flora of Thailand. Vol. 3. Part 1, 1979. Pg. 118–120. Accessed 2021-07-31",Forest Herbarium,All rights reserved
wfo-0001107361,kut yi (กูดยี)(Central),ver-THA-0001107361.02,0.0,ref-THA-0001107361,TH,THA,https://botany.dnp.go.th/eflora/floraspecies.html?tdcode=F0186,"Microlepia speluncae. Flora of Thailand. Vol. 3. Part 1, 1979. Pg. 118–120. Accessed 2021-07-31",Forest Herbarium,All rights reserved
wfo-0001107361,hora phak kut (โหราผักกูด)(Central),ver-THA-0001107361.03,0.0,ref-THA-0001107361,TH,THA,https://botany.dnp.go.th/eflora/floraspecies.html?tdcode=F0186,"Microlepia speluncae. Flora of Thailand. Vol. 3. Part 1, 1979. Pg. 118–120. Accessed 2021-07-31",Forest Herbarium,All rights reserved
wfo-0001107361,chon (โชน)(Southwestern),ver-THA-0001107361.04,0.0,ref-THA-0001107361,TH,THA,https://botany.dnp.go.th/eflora/floraspecies.html?tdcode=F0186,"Microlepia speluncae. Flora of Thailand. Vol. 3. Part 1, 1979. Pg. 118–120. Accessed 2021-07-31",Forest Herbarium,All rights reserved
wfo-0001107361,neraphusi (เนระพูสี)(Peninsular),ver-THA-0001107361.05,0.0,ref-THA-0001107361,TH,THA,https://botany.dnp.go.th/eflora/floraspecies.html?tdcode=F0186,"Microlepia speluncae. Flora of Thailand. Vol. 3. Part 1, 1979. Pg. 118–120. Accessed 2021-07-31",Forest Herbarium,All rights reserved
wfo-0001118110,hatsadam (หัสดำ)(Northeastern),ver-THA-0001118110.01,0.0,ref-THA-0001118110,TH,THA,https://botany.dnp.go.th/eflora/floraspecies.html?tdcode=F0074,"Osmunda angustifolia. Flora of Thailand. Vol. 3. Part 1, 1979. Pg. 45–46. Accessed 2021-07-31",Forest Herbarium,All rights reserved
wfo-0001109065,hatsadaeng (หัสแดง)(Northeastern),ver-THA-0001109065.01,0.0,ref-THA-0001109065,TH,THA,https://botany.dnp.go.th/eflora/floraspecies.html?tdcode=F0073,"Osmunda cinnamomea. Flora of Thailand. Vol. 3. Part 1, 1979. Pg. 45. Accessed 2021-07-31",Forest Herbarium,All rights reserved
wfo-0001115307,hatsadam (หัสดำ)(Northeastern),ver-THA-0001115307.01,0.0,ref-THA-0001115307,TH,THA,https://botany.dnp.go.th/eflora/floraspecies.html?tdcode=F0075,"Osmunda vachellii. Flora of Thailand. Vol. 3. Part 1, 1979. Pg. 46. Accessed 2021-07-31",Forest Herbarium,All rights reserved
wfo-0001115307,kasodu (กาซอดึ)(Karen-Northern),ver-THA-0001115307.02,0.0,ref-THA-0001115307,TH,THA,https://botany.dnp.go.th/eflora/floraspecies.html?tdcode=F0075,"Osmunda vachellii. Flora of Thailand. Vol. 3. Part 1, 1979. Pg. 46. Accessed 2021-07-31",Forest Herbarium,All rights reserved
wfo-0001117771,kut kia (กูดเกี๊ยะ)(Northern),ver-THA-0001117771.01,0.0,ref-THA-0001117771,TH,THA,https://botany.dnp.go.th/eflora/florainfra.html?tdcode=F0195,"Pteridium aquilinum wightianum. Flora of Thailand. Vol. 3. Part 1, 1979. Pg. 126. Accessed 2021-07-31",Forest Herbarium,All rights reserved
wfo-0001117771,chon (โชน)(Peninsular),ver-THA-0001117771.02,0.0,ref-THA-0001117771,TH,THA,https://botany.dnp.go.th/eflora/florainfra.html?tdcode=F0195,"Pteridium aquilinum wightianum. Flora of Thailand. Vol. 3. Part 1, 1979. Pg. 126. Accessed 2021-07-31",Forest Herbarium,All rights reserved
wfo-0001117771,chon yai (โชนใหญ่)(Peninsular),ver-THA-0001117771.03,0.0,ref-THA-0001117771,TH,THA,https://botany.dnp.go.th/eflora/florainfra.html?tdcode=F0195,"Pteridium aquilinum wightianum. Flora of Thailand. Vol. 3. Part 1, 1979. Pg. 126. Accessed 2021-07-31",Forest Herbarium,All rights reserved
wfo-0001117771,lue-san (ลือซัน)(Malay-Peninsular),ver-THA-0001117771.04,0.0,ref-THA-0001117771,TH,THA,https://botany.dnp.go.th/eflora/florainfra.html?tdcode=F0195,"Pteridium aquilinum wightianum. Flora of Thailand. Vol. 3. Part 1, 1979. Pg. 126. Accessed 2021-07-31",Forest Herbarium,All rights reserved
wfo-0001107476,tan klom (ตานกล่อม)(Peninsular),ver-THA-0001107476.01,0.0,ref-THA-0001107476,TH,THA,https://botany.dnp.go.th/eflora/floraspecies.html?tdcode=F0097,"Schizaea dichotoma. Flora of Thailand. Vol. 3. Part 1, 1979. Pg. 57–58. Accessed 2021-07-31",Forest Herbarium,All rights reserved
wfo-0001107476,tan phrao (ตานพร้าว)(Peninsular),ver-THA-0001107476.02,0.0,ref-THA-0001107476,TH,THA,https://botany.dnp.go.th/eflora/floraspecies.html?tdcode=F0097,"Schizaea dichotoma. Flora of Thailand. Vol. 3. Part 1, 1979. Pg. 57–58. Accessed 2021-07-31",Forest Herbarium,All rights reserved
wfo-0001107476,tan san (ตานส้าน)(Peninsular),ver-THA-0001107476.03,0.0,ref-THA-0001107476,TH,THA,https://botany.dnp.go.th/eflora/floraspecies.html?tdcode=F0097,"Schizaea dichotoma. Flora of Thailand. Vol. 3. Part 1, 1979. Pg. 57–58. Accessed 2021-07-31",Forest Herbarium,All rights reserved
wfo-0001107476,wan dok din (ว่านดอกดิน)(Peninsular),ver-THA-0001107476.04,0.0,ref-THA-0001107476,TH,THA,https://botany.dnp.go.th/eflora/floraspecies.html?tdcode=F0097,"Schizaea dichotoma. Flora of Thailand. Vol. 3. Part 1, 1979. Pg. 57–58. Accessed 2021-07-31",Forest Herbarium,All rights reserved
wfo-0001107476,ya hang ma ba (หญ้าหางหมาบ้า)(Southeastern),ver-THA-0001107476.05,0.0,ref-THA-0001107476,TH,THA,https://botany.dnp.go.th/eflora/floraspecies.html?tdcode=F0097,"Schizaea dichotoma. Flora of Thailand. Vol. 3. Part 1, 1979. Pg. 57–58. Accessed 2021-07-31",Forest Herbarium,All rights reserved
wfo-0001107476,misa rima (มีซารีมา)(Malay-Peninsular),ver-THA-0001107476.06,0.0,ref-THA-0001107476,TH,THA,https://botany.dnp.go.th/eflora/floraspecies.html?tdcode=F0097,"Schizaea dichotoma. Flora of Thailand. Vol. 3. Part 1, 1979. Pg. 57–58. Accessed 2021-07-31",Forest Herbarium,All rights reserved
wfo-0001107476,purasae (ปูราเซ)(Malay-Peninsular),ver-THA-0001107476.07,0.0,ref-THA-0001107476,TH,THA,https://botany.dnp.go.th/eflora/floraspecies.html?tdcode=F0097,"Schizaea dichotoma. Flora of Thailand. Vol. 3. Part 1, 1979. Pg. 57–58. Accessed 2021-07-31",Forest Herbarium,All rights reserved
wfo-0001116503,tan bit (ตานบิด)(Peninsular),ver-THA-0001116503.01,0.0,ref-THA-0001116503,TH,THA,https://botany.dnp.go.th/eflora/floraspecies.html?tdcode=F0098,"Schizaea digitata. Flora of Thailand. Vol. 3. Part 1, 1979. Pg. 58. Accessed 2021-07-31",Forest Herbarium,All rights reserved
wfo-0001116503,tan sai (ตานทราย)(Peninsular),ver-THA-0001116503.02,0.0,ref-THA-0001116503,TH,THA,https://botany.dnp.go.th/eflora/floraspecies.html?tdcode=F0098,"Schizaea digitata. Flora of Thailand. Vol. 3. Part 1, 1979. Pg. 58. Accessed 2021-07-31",Forest Herbarium,All rights reserved
wfo-0001330095,kapkae (กับแก้)(Northern),ver-THA-0001330095.01,0.0,ref-THA-0001330095,TH,THA,https://botany.dnp.go.th/eflora/floraspecies.html?tdcode=F0035,"Selaginella argentea. Flora of Thailand. Vol. 3. Part 1, 1979. Pg. 25. Accessed 2021-07-31",Forest Herbarium,All rights reserved
wfo-0001330095,phokha ti mia (พ่อค้าตีเมีย)(Northern),ver-THA-0001330095.02,0.0,ref-THA-0001330095,TH,THA,https://botany.dnp.go.th/eflora/floraspecies.html?tdcode=F0035,"Selaginella argentea. Flora of Thailand. Vol. 3. Part 1, 1979. Pg. 25. Accessed 2021-07-31",Forest Herbarium,All rights reserved
wfo-0001125302,foen phaeng (เฟินแผง)(Northeastern),ver-THA-0001125302.01,0.0,ref-THA-0001125302,TH,THA,https://botany.dnp.go.th/eflora/floraspecies.html?tdcode=F0021,"Selaginella biformis. Flora of Thailand. Vol. 3. Part 1, 1979. Pg. 17–18. Accessed 2021-07-31",Forest Herbarium,All rights reserved
wfo-0001107423,kut pha (กูดผา)(Northern),ver-THA-0001107423.01,0.0,ref-THA-0001107423,TH,THA,https://botany.dnp.go.th/eflora/floraspecies.html?tdcode=F0030,"Selaginella delicatula. Flora of Thailand. Vol. 3. Part 1, 1979. Pg. 22. Accessed 2021-07-31",Forest Herbarium,All rights reserved
wfo-0001107423,phak kut hin (ผักกูดหิน)(Southeastern),ver-THA-0001107423.02,0.0,ref-THA-0001107423,TH,THA,https://botany.dnp.go.th/eflora/floraspecies.html?tdcode=F0030,"Selaginella delicatula. Flora of Thailand. Vol. 3. Part 1, 1979. Pg. 22. Accessed 2021-07-31",Forest Herbarium,All rights reserved
wfo-0001268311,ya rang kai tua mia (หญ้ารังไก่ตัวเมีย)(Peninsular),ver-THA-0001268311.01,0.0,ref-THA-0001268311,TH,THA,https://botany.dnp.go.th/eflora/floraspecies.html?tdcode=F0025,"Selaginella griffithii. Flora of Thailand. Vol. 3. Part 1, 1979. Pg. 19–20. Accessed 2021-07-31",Forest Herbarium,All rights reserved
wfo-0001125306,ya rong hai (หญ้าร้องไห้)(Peninsular),ver-THA-0001125306.01,0.0,ref-THA-0001125306,TH,THA,https://botany.dnp.go.th/eflora/floraspecies.html?tdcode=F0023,"Selaginella helferi. Flora of Thailand. Vol. 3. Part 1, 1979. Pg. 18–19. Accessed 2021-07-31",Forest Herbarium,All rights reserved
wfo-0001276729,hi moi sao kae (หีมอยสาวแก่)(Northeastern),ver-THA-0001276729.01,0.0,ref-THA-0001276729,TH,THA,https://botany.dnp.go.th/eflora/floraspecies.html?tdcode=F0028,"Selaginella intermedia. Flora of Thailand. Vol. 3. Part 1, 1979. Pg. 21. Accessed 2021-07-31",Forest Herbarium,All rights reserved
wfo-0000748166,foen phaeng (เฟินเเผง)(Northeastern),ver-THA-0000748166.01,0.0,ref-THA-0000748166,TH,THA,https://botany.dnp.go.th/eflora/floraspecies.html?tdcode=F0034,"Selaginella involvens. Flora of Thailand. Vol. 3. Part 1, 1979. Pg. 24. Accessed 2021-07-31",Forest Herbarium,All rights reserved
wfo-0001276496,ya non bua (หญ้าหนอนเบื่อ)(Northern),ver-THA-0001276496.01,0.0,ref-THA-0001276496,TH,THA,https://botany.dnp.go.th/eflora/floraspecies.html?tdcode=F0038,"Selaginella pennata. Flora of Thailand. Vol. 3. Part 1, 1979. Pg. 26–27. Accessed 2021-07-31",Forest Herbarium,All rights reserved
wfo-0001276496,kut hom (กูดหอม)(Northern),ver-THA-0001276496.02,0.0,ref-THA-0001276496,TH,THA,https://botany.dnp.go.th/eflora/floraspecies.html?tdcode=F0038,"Selaginella pennata. Flora of Thailand. Vol. 3. Part 1, 1979. Pg. 26–27. Accessed 2021-07-31",Forest Herbarium,All rights reserved
wfo-0001274950,fuai nok (เฟือยนก)(Central),ver-THA-0001274950.01,0.0,ref-THA-0001274950,TH,THA,https://botany.dnp.go.th/eflora/floraspecies.html?tdcode=F0020,"Selaginella pubescens. Flora of Thailand. Vol. 3. Part 1, 1979. Pg. 17. Accessed 2021-07-31",Forest Herbarium,All rights reserved
wfo-0001276492,phak nok yung (ผักนกยูง)(Northeastern),ver-THA-0001276492.01,0.0,ref-THA-0001276492,TH,THA,https://botany.dnp.go.th/eflora/floraspecies.html?tdcode=F0022,"Selaginella siamensis. Flora of Thailand. Vol. 3. Part 1, 1979. Pg. 18. Accessed 2021-07-31",Forest Herbarium,All rights reserved
wfo-0000748162,dok hin (ดอกหิน)(Northern),ver-THA-0000748162.01,0.0,ref-THA-0000748162,TH,THA,https://botany.dnp.go.th/eflora/floraspecies.html?tdcode=F0033,"Selaginella tamariscina. Flora of Thailand. Vol. 3. Part 1, 1979. Pg. 23–24. Accessed 2021-07-31",Forest Herbarium,All rights reserved
wfo-0001109675,rang kai (รังไก่)(Peninsular),ver-THA-0001109675.01,0.0,ref-THA-0001109675,TH,THA,https://botany.dnp.go.th/eflora/floraspecies.html?tdcode=F0024,"Selaginella willdenowii. Flora of Thailand. Vol. 3. Part 1, 1979. Pg. 19. Accessed 2021-07-31",Forest Herbarium,All rights reserved
