WFOID,description,type,language,contributor,audience,rightsHolder,created,creator,source,Volume,Part,bibliographicCitation,license,rights,URI
wfo-0000262620,"Status unknown, but probably not threatened.",conservation,EN,A.S. Barfod & J. Dransfield,,Forest Herbarium,2022-04-21,Rachun Pooma & Sawita Yooprasert,ref-THA-0000262620,11,3,"Areca laosensis . Flora of Thailand. Vol. 11. Part 3, 2013. Pg. 330. Accessed 2022-04-21",All rights reserved,Forest Herbarium,https://www.dnp.go.th/botany/eflora/floraspecies.html?tdcode=05092
wfo-0000262825,"Rare in Thailand, but probably not threatened throughout its distributional range.",conservation,EN,A.S. Barfod & J. Dransfield,,Forest Herbarium,2022-04-21,Rachun Pooma & Sawita Yooprasert,ref-THA-0000262825,11,3,"Areca montana . Flora of Thailand. Vol. 11. Part 3, 2013. Pg. 330. Accessed 2022-04-21",All rights reserved,Forest Herbarium,https://www.dnp.go.th/botany/eflora/floraspecies.html?tdcode=05093
wfo-0000263352,Not threatened.,conservation,EN,A.S. Barfod & J. Dransfield,,Forest Herbarium,2022-04-21,Rachun Pooma & Sawita Yooprasert,ref-THA-0000263352,11,3,"Areca triandra . Flora of Thailand. Vol. 11. Part 3, 2013. Pg. 331. Accessed 2022-04-21",All rights reserved,Forest Herbarium,https://www.dnp.go.th/botany/eflora/floraspecies.html?tdcode=05094
wfo-0000263373,A rare palm that is probably particularly vulnerable to forest disturbance.,conservation,EN,A.S. Barfod & J. Dransfield,,Forest Herbarium,2022-04-21,Rachun Pooma & Sawita Yooprasert,ref-THA-0000263373,11,3,"Areca tunku . Flora of Thailand. Vol. 11. Part 3, 2013. Pg. 331. Accessed 2022-04-21",All rights reserved,Forest Herbarium,https://www.dnp.go.th/botany/eflora/floraspecies.html?tdcode=05095
wfo-0000263554,Widespread and of little concern.,conservation,EN,A.S. Barfod & J. Dransfield,,Forest Herbarium,2022-04-21,Rachun Pooma & Sawita Yooprasert,ref-THA-0000263554,11,3,"Arenga caudata . Flora of Thailand. Vol. 11. Part 3, 2013. Pg. 334. Accessed 2022-04-21",All rights reserved,Forest Herbarium,https://www.dnp.go.th/botany/eflora/floraspecies.html?tdcode=05097
wfo-0000263620,"Although locally common, the restricted overall distribution of this species is of concern. Local people speculate that most of the large specimens have been removed from the forest to adorn homes and gardens. Habitat destruction also represents a possible threat.",conservation,EN,A.S. Barfod & J. Dransfield,,Forest Herbarium,2022-04-21,Rachun Pooma & Sawita Yooprasert,ref-THA-0000263620,11,3,"Arenga hookeriana . Flora of Thailand. Vol. 11. Part 3, 2013. Pg. 334. Accessed 2022-04-21",All rights reserved,Forest Herbarium,https://www.dnp.go.th/botany/eflora/floraspecies.html?tdcode=05098
wfo-0000263720,This rare species is of considerable concern being threatened in Thailand mainly by habitat destruction.,conservation,EN,A.S. Barfod & J. Dransfield,,Forest Herbarium,2022-04-21,Rachun Pooma & Sawita Yooprasert,ref-THA-0000263720,11,3,"Arenga obtusifolia . Flora of Thailand. Vol. 11. Part 3, 2013. Pg. 335. Accessed 2022-04-21",All rights reserved,Forest Herbarium,https://www.dnp.go.th/botany/eflora/floraspecies.html?tdcode=05099
wfo-0000263799,"This widespread, common species is probably of little concern. Over-exploitation and habitat destruction represent possible threats.",conservation,EN,A.S. Barfod & J. Dransfield,,Forest Herbarium,2022-04-21,Rachun Pooma & Sawita Yooprasert,ref-THA-0000263799,11,3,"Arenga westerhoutii . Flora of Thailand. Vol. 11. Part 3, 2013. Pg. 337. Accessed 2022-04-21",All rights reserved,Forest Herbarium,https://www.dnp.go.th/botany/eflora/floraspecies.html?tdcode=05101
wfo-0000350280,This rare tree is seriously threatened in Thailand by habitat destruction.,conservation,EN,A.S. Barfod & J. Dransfield,,Forest Herbarium,2022-04-21,Rachun Pooma & Sawita Yooprasert,ref-THA-0000350280,11,3,"Borassodendron machadonis . Flora of Thailand. Vol. 11. Part 3, 2013. Pg. 339. Accessed 2022-04-21",All rights reserved,Forest Herbarium,https://www.dnp.go.th/botany/eflora/floraspecies.html?tdcode=05103
wfo-0000350367,Of no concern as long as breeding programmes do not narrow the genetic variation.,conservation,EN,A.S. Barfod & J. Dransfield,,Forest Herbarium,2022-04-21,Rachun Pooma & Sawita Yooprasert,ref-THA-0000350367,11,3,"Borassus flabellifer . Flora of Thailand. Vol. 11. Part 3, 2013. Pg. 341. Accessed 2022-04-21",All rights reserved,Forest Herbarium,https://www.dnp.go.th/botany/eflora/floraspecies.html?tdcode=05105
wfo-0000753883,Unlikely to be threatened as it is rarely utilized and is tolerant to fire.,conservation,EN,A.S. Barfod & J. Dransfield,,Forest Herbarium,2022-04-21,Rachun Pooma & Sawita Yooprasert,ref-THA-0000753883,11,3,"Calamus acanthophyllus . Flora of Thailand. Vol. 11. Part 3, 2013. Pg. 346. Accessed 2022-04-21",All rights reserved,Forest Herbarium,https://www.dnp.go.th/botany/eflora/floraspecies.html?tdcode=05107
wfo-0000753905,Not known; elsewhere in the region this rattan is harvested for its cane and thus is likely to be under considerable pressure wherever it occurs.,conservation,EN,A.S. Barfod & J. Dransfield,,Forest Herbarium,2022-04-21,Rachun Pooma & Sawita Yooprasert,ref-THA-0000753905,11,3,"Calamus acanthospathus . Flora of Thailand. Vol. 11. Part 3, 2013. Pg. 347. Accessed 2022-04-21",All rights reserved,Forest Herbarium,https://www.dnp.go.th/botany/eflora/floraspecies.html?tdcode=05108
wfo-0000754099,"Not known, but likely to be threatened by forest clearance.",conservation,EN,A.S. Barfod & J. Dransfield,,Forest Herbarium,2022-04-21,Rachun Pooma & Sawita Yooprasert,ref-THA-0000754099,11,3,"Calamus arborescens . Flora of Thailand. Vol. 11. Part 3, 2013. Pg. 349. Accessed 2022-04-21",All rights reserved,Forest Herbarium,https://www.dnp.go.th/botany/eflora/floraspecies.html?tdcode=05109
wfo-0000754207,Globally not threatened.,conservation,EN,A.S. Barfod & J. Dransfield,,Forest Herbarium,2022-04-21,Rachun Pooma & Sawita Yooprasert,ref-THA-0000754207,11,3,"Calamus axillaris . Flora of Thailand. Vol. 11. Part 3, 2013. Pg. 349. Accessed 2022-04-21",All rights reserved,Forest Herbarium,https://www.dnp.go.th/botany/eflora/floraspecies.html?tdcode=05110
wfo-0000754262,Probably not threatened.,conservation,EN,A.S. Barfod & J. Dransfield,,Forest Herbarium,2022-04-21,Rachun Pooma & Sawita Yooprasert,ref-THA-0000754262,11,3,"Calamus balingensis . Flora of Thailand. Vol. 11. Part 3, 2013. Pg. 350. Accessed 2022-04-21",All rights reserved,Forest Herbarium,https://www.dnp.go.th/botany/eflora/floraspecies.html?tdcode=05111
wfo-0000754480,Not known.,conservation,EN,A.S. Barfod & J. Dransfield,,Forest Herbarium,2022-04-21,Rachun Pooma & Sawita Yooprasert,ref-THA-0000754480,11,3,"Calamus bousigonii bousigonii. Flora of Thailand. Vol. 11. Part 3, 2013. Pg. 351. Accessed 2022-04-21",All rights reserved,Forest Herbarium,https://www.dnp.go.th/botany/eflora/florainfra.html?tdcode=05114
wfo-0001316910,Probably not threatened.,conservation,EN,A.S. Barfod & J. Dransfield,,Forest Herbarium,2022-04-21,Rachun Pooma & Sawita Yooprasert,ref-THA-0001316910,11,3,"Calamus bousigonii smitinandii. Flora of Thailand. Vol. 11. Part 3, 2013. Pg. 352. Accessed 2022-04-21",All rights reserved,Forest Herbarium,https://www.dnp.go.th/botany/eflora/florainfra.html?tdcode=05115
wfo-0000754589,The main threats to this rattan are probably cane exploitation and forest clearance.,conservation,EN,A.S. Barfod & J. Dransfield,,Forest Herbarium,2022-04-21,Rachun Pooma & Sawita Yooprasert,ref-THA-0000754589,11,3,"Calamus burkillianus . Flora of Thailand. Vol. 11. Part 3, 2013. Pg. 352. Accessed 2022-04-21",All rights reserved,Forest Herbarium,https://www.dnp.go.th/botany/eflora/floraspecies.html?tdcode=05116
wfo-0000754622,Globally not threatened.,conservation,EN,A.S. Barfod & J. Dransfield,,Forest Herbarium,2022-04-21,Rachun Pooma & Sawita Yooprasert,ref-THA-0000754622,11,3,"Calamus caesius . Flora of Thailand. Vol. 11. Part 3, 2013. Pg. 353. Accessed 2022-04-21",All rights reserved,Forest Herbarium,https://www.dnp.go.th/botany/eflora/floraspecies.html?tdcode=05117
wfo-0000754686,The main threat is probably forest clearance.,conservation,EN,A.S. Barfod & J. Dransfield,,Forest Herbarium,2022-04-21,Rachun Pooma & Sawita Yooprasert,ref-THA-0000754686,11,3,"Calamus castaneus . Flora of Thailand. Vol. 11. Part 3, 2013. Pg. 354. Accessed 2022-04-21",All rights reserved,Forest Herbarium,https://www.dnp.go.th/botany/eflora/floraspecies.html?tdcode=05118
wfo-0000754826,Not threatened.,conservation,EN,A.S. Barfod & J. Dransfield,,Forest Herbarium,2022-04-21,Rachun Pooma & Sawita Yooprasert,ref-THA-0000754826,11,3,"Calamus concinnus . Flora of Thailand. Vol. 11. Part 3, 2013. Pg. 355. Accessed 2022-04-21",All rights reserved,Forest Herbarium,https://www.dnp.go.th/botany/eflora/floraspecies.html?tdcode=05119
wfo-0000755027,The main threats to this rattan are probably cane exploitation and forest clearance.,conservation,EN,A.S. Barfod & J. Dransfield,,Forest Herbarium,2022-04-21,Rachun Pooma & Sawita Yooprasert,ref-THA-0000755027,11,3,"Calamus densiflorus . Flora of Thailand. Vol. 11. Part 3, 2013. Pg. 355. Accessed 2022-04-21",All rights reserved,Forest Herbarium,https://www.dnp.go.th/botany/eflora/floraspecies.html?tdcode=05120
wfo-0000755089,The main threats to this rattan are probably cane exploitation and forest clearance.,conservation,EN,A.S. Barfod & J. Dransfield,,Forest Herbarium,2022-04-21,Rachun Pooma & Sawita Yooprasert,ref-THA-0000755089,11,3,"Calamus diepenhorstii . Flora of Thailand. Vol. 11. Part 3, 2013. Pg. 356. Accessed 2022-04-21",All rights reserved,Forest Herbarium,https://www.dnp.go.th/botany/eflora/floraspecies.html?tdcode=05121
wfo-0000755551,The main threat to this widespread species is probably forest clearance.,conservation,EN,A.S. Barfod & J. Dransfield,,Forest Herbarium,2022-04-21,Rachun Pooma & Sawita Yooprasert,ref-THA-0000755551,11,3,"Calamus erectus . Flora of Thailand. Vol. 11. Part 3, 2013. Pg. 357. Accessed 2022-04-21",All rights reserved,Forest Herbarium,https://www.dnp.go.th/botany/eflora/floraspecies.html?tdcode=05122
wfo-0000755604,Globally not threatened.,conservation,EN,A.S. Barfod & J. Dransfield,,Forest Herbarium,2022-04-21,Rachun Pooma & Sawita Yooprasert,ref-THA-0000755604,11,3,"Calamus erinaceus . Flora of Thailand. Vol. 11. Part 3, 2013. Pg. 357. Accessed 2022-04-21",All rights reserved,Forest Herbarium,https://www.dnp.go.th/botany/eflora/floraspecies.html?tdcode=05123
wfo-0000755625,Not threatened.,conservation,EN,A.S. Barfod & J. Dransfield,,Forest Herbarium,2022-04-21,Rachun Pooma & Sawita Yooprasert,ref-THA-0000755625,11,3,"Calamus exilis . Flora of Thailand. Vol. 11. Part 3, 2013. Pg. 358. Accessed 2022-04-21",All rights reserved,Forest Herbarium,https://www.dnp.go.th/botany/eflora/floraspecies.html?tdcode=05124
wfo-0000755864,Probably not threatened although it has declined in parts of it range due to over-exploitation.,conservation,EN,A.S. Barfod & J. Dransfield,,Forest Herbarium,2022-04-21,Rachun Pooma & Sawita Yooprasert,ref-THA-0000755864,11,3,"Calamus flagellum . Flora of Thailand. Vol. 11. Part 3, 2013. Pg. 359. Accessed 2022-04-21",All rights reserved,Forest Herbarium,https://www.dnp.go.th/botany/eflora/floraspecies.html?tdcode=05125
wfo-0000756063,Likely to be threatened by land clearance.,conservation,EN,A.S. Barfod & J. Dransfield,,Forest Herbarium,2022-04-21,Rachun Pooma & Sawita Yooprasert,ref-THA-0000756063,11,3,"Calamus godefroyi . Flora of Thailand. Vol. 11. Part 3, 2013. Pg. 360. Accessed 2022-04-21",All rights reserved,Forest Herbarium,https://www.dnp.go.th/botany/eflora/floraspecies.html?tdcode=05126
wfo-0000756193,Not known.,conservation,EN,A.S. Barfod & J. Dransfield,,Forest Herbarium,2022-04-21,Rachun Pooma & Sawita Yooprasert,ref-THA-0000756193,11,3,"Calamus griseus . Flora of Thailand. Vol. 11. Part 3, 2013. Pg. 360. Accessed 2022-04-21",All rights reserved,Forest Herbarium,https://www.dnp.go.th/botany/eflora/floraspecies.html?tdcode=05127
wfo-0000756214,Probably not threatened.,conservation,EN,A.S. Barfod & J. Dransfield,,Forest Herbarium,2022-04-21,Rachun Pooma & Sawita Yooprasert,ref-THA-0000756214,11,3,"Calamus guruba . Flora of Thailand. Vol. 11. Part 3, 2013. Pg. 361. Accessed 2022-04-21",All rights reserved,Forest Herbarium,https://www.dnp.go.th/botany/eflora/floraspecies.html?tdcode=05128
wfo-0000756324,Probably not threatened as it is widespread and also survives well in degraded forest.,conservation,EN,A.S. Barfod & J. Dransfield,,Forest Herbarium,2022-04-21,Rachun Pooma & Sawita Yooprasert,ref-THA-0000756324,11,3,"Calamus henryanus . Flora of Thailand. Vol. 11. Part 3, 2013. Pg. 362. Accessed 2022-04-21",All rights reserved,Forest Herbarium,https://www.dnp.go.th/botany/eflora/floraspecies.html?tdcode=05129
wfo-0001317000,The main threats to this rattan are probably cane exploitation and forest clearance.,conservation,EN,A.S. Barfod & J. Dransfield,,Forest Herbarium,2022-04-21,Rachun Pooma & Sawita Yooprasert,ref-THA-0001317000,11,3,"Calamus insignis longispinosus. Flora of Thailand. Vol. 11. Part 3, 2013. Pg. 363. Accessed 2022-04-21",All rights reserved,Forest Herbarium,https://www.dnp.go.th/botany/eflora/florainfra.html?tdcode=05131
wfo-0000756737,Globally not threatened.,conservation,EN,A.S. Barfod & J. Dransfield,,Forest Herbarium,2022-04-21,Rachun Pooma & Sawita Yooprasert,ref-THA-0000756737,11,3,"Calamus javensis . Flora of Thailand. Vol. 11. Part 3, 2013. Pg. 364. Accessed 2022-04-21",All rights reserved,Forest Herbarium,https://www.dnp.go.th/botany/eflora/floraspecies.html?tdcode=05133
wfo-0000757035,The main threats to this rattan are probably cane exploitation and forest clearance.,conservation,EN,A.S. Barfod & J. Dransfield,,Forest Herbarium,2022-04-21,Rachun Pooma & Sawita Yooprasert,ref-THA-0000757035,11,3,"Calamus laevigatus . Flora of Thailand. Vol. 11. Part 3, 2013. Pg. 365. Accessed 2022-04-21",All rights reserved,Forest Herbarium,https://www.dnp.go.th/botany/eflora/floraspecies.html?tdcode=05134
wfo-0000757412,Not threatened.,conservation,EN,A.S. Barfod & J. Dransfield,,Forest Herbarium,2022-04-21,Rachun Pooma & Sawita Yooprasert,ref-THA-0000757412,11,3,"Calamus longisetus . Flora of Thailand. Vol. 11. Part 3, 2013. Pg. 366. Accessed 2022-04-21",All rights reserved,Forest Herbarium,https://www.dnp.go.th/botany/eflora/floraspecies.html?tdcode=05135
wfo-0000757564,Seriously over-exploited and likely to be endangered throughout its range.,conservation,EN,A.S. Barfod & J. Dransfield,,Forest Herbarium,2022-04-21,Rachun Pooma & Sawita Yooprasert,ref-THA-0000757564,11,3,"Calamus manan . Flora of Thailand. Vol. 11. Part 3, 2013. Pg. 367. Accessed 2022-04-21",All rights reserved,Forest Herbarium,https://www.dnp.go.th/botany/eflora/floraspecies.html?tdcode=05137
wfo-0000758656,Globally not threatened.,conservation,EN,A.S. Barfod & J. Dransfield,,Forest Herbarium,2022-04-21,Rachun Pooma & Sawita Yooprasert,ref-THA-0000758656,11,3,"Calamus ornatus . Flora of Thailand. Vol. 11. Part 3, 2013. Pg. 370. Accessed 2022-04-21",All rights reserved,Forest Herbarium,https://www.dnp.go.th/botany/eflora/floraspecies.html?tdcode=05140
wfo-0000758754,Not threatened.,conservation,EN,A.S. Barfod & J. Dransfield,,Forest Herbarium,2022-04-21,Rachun Pooma & Sawita Yooprasert,ref-THA-0000758754,11,3,"Calamus oxleyanus . Flora of Thailand. Vol. 11. Part 3, 2013. Pg. 370. Accessed 2022-04-21",All rights reserved,Forest Herbarium,https://www.dnp.go.th/botany/eflora/floraspecies.html?tdcode=05141
wfo-0000758896,Not threatened.,conservation,EN,A.S. Barfod & J. Dransfield,,Forest Herbarium,2022-04-21,Rachun Pooma & Sawita Yooprasert,ref-THA-0000758896,11,3,"Calamus palustris . Flora of Thailand. Vol. 11. Part 3, 2013. Pg. 371. Accessed 2022-04-21",All rights reserved,Forest Herbarium,https://www.dnp.go.th/botany/eflora/floraspecies.html?tdcode=05142
wfo-0000758959,Not known. Always a rare palm.,conservation,EN,A.S. Barfod & J. Dransfield,,Forest Herbarium,2022-04-21,Rachun Pooma & Sawita Yooprasert,ref-THA-0000758959,11,3,"Calamus pandanosmus . Flora of Thailand. Vol. 11. Part 3, 2013. Pg. 373. Accessed 2022-04-21",All rights reserved,Forest Herbarium,https://www.dnp.go.th/botany/eflora/floraspecies.html?tdcode=05143
wfo-0000759145,Probably threatened by over-exploitation.,conservation,EN,A.S. Barfod & J. Dransfield,,Forest Herbarium,2022-04-21,Rachun Pooma & Sawita Yooprasert,ref-THA-0000759145,11,3,"Calamus peregrinus . Flora of Thailand. Vol. 11. Part 3, 2013. Pg. 373. Accessed 2022-04-21",All rights reserved,Forest Herbarium,https://www.dnp.go.th/botany/eflora/floraspecies.html?tdcode=05144
wfo-0000759276,Not known.,conservation,EN,A.S. Barfod & J. Dransfield,,Forest Herbarium,2022-04-21,Rachun Pooma & Sawita Yooprasert,ref-THA-0000759276,11,3,"Calamus platyspathus . Flora of Thailand. Vol. 11. Part 3, 2013. Pg. 374. Accessed 2022-04-21",All rights reserved,Forest Herbarium,https://www.dnp.go.th/botany/eflora/floraspecies.html?tdcode=05145
wfo-0000759317,Severely threatened by over-exploitation of canes and young shoots.,conservation,EN,A.S. Barfod & J. Dransfield,,Forest Herbarium,2022-04-21,Rachun Pooma & Sawita Yooprasert,ref-THA-0000759317,11,3,"Calamus poilanei . Flora of Thailand. Vol. 11. Part 3, 2013. Pg. 375. Accessed 2022-04-21",All rights reserved,Forest Herbarium,https://www.dnp.go.th/botany/eflora/floraspecies.html?tdcode=05146
wfo-0000759596,Not known.,conservation,EN,A.S. Barfod & J. Dransfield,,Forest Herbarium,2022-04-21,Rachun Pooma & Sawita Yooprasert,ref-THA-0000759596,11,3,"Calamus radulosus . Flora of Thailand. Vol. 11. Part 3, 2013. Pg. 375. Accessed 2022-04-21",All rights reserved,Forest Herbarium,https://www.dnp.go.th/botany/eflora/floraspecies.html?tdcode=05147
wfo-0000759895,Not threatened.,conservation,EN,A.S. Barfod & J. Dransfield,,Forest Herbarium,2022-04-21,Rachun Pooma & Sawita Yooprasert,ref-THA-0000759895,11,3,"Calamus rudentum . Flora of Thailand. Vol. 11. Part 3, 2013. Pg. 376. Accessed 2022-04-21",All rights reserved,Forest Herbarium,https://www.dnp.go.th/botany/eflora/floraspecies.html?tdcode=05148
wfo-0000760097,Probably not threatened despite its being an important cane source. It is very widespread and tolerates disturbance.,conservation,EN,A.S. Barfod & J. Dransfield,,Forest Herbarium,2022-04-21,Rachun Pooma & Sawita Yooprasert,ref-THA-0000760097,11,3,"Calamus scipionum . Flora of Thailand. Vol. 11. Part 3, 2013. Pg. 376. Accessed 2022-04-21",All rights reserved,Forest Herbarium,https://www.dnp.go.th/botany/eflora/floraspecies.html?tdcode=05149
wfo-0000760138,Probably not threatened.,conservation,EN,A.S. Barfod & J. Dransfield,,Forest Herbarium,2022-04-21,Rachun Pooma & Sawita Yooprasert,ref-THA-0000760138,11,3,"Calamus sedens . Flora of Thailand. Vol. 11. Part 3, 2013. Pg. 377. Accessed 2022-04-21",All rights reserved,Forest Herbarium,https://www.dnp.go.th/botany/eflora/floraspecies.html?tdcode=05150
wfo-0000760452,Not known.,conservation,EN,A.S. Barfod & J. Dransfield,,Forest Herbarium,2022-04-21,Rachun Pooma & Sawita Yooprasert,ref-THA-0000760452,11,3,"Calamus spectatissimus . Flora of Thailand. Vol. 11. Part 3, 2013. Pg. 380. Accessed 2022-04-21",All rights reserved,Forest Herbarium,https://www.dnp.go.th/botany/eflora/floraspecies.html?tdcode=05155
wfo-0000342751,"Unknown, but its only locality is within a wildlife sanctuary.",conservation,EN,A.S. Barfod & J. Dransfield,,Forest Herbarium,2022-04-21,Rachun Pooma & Sawita Yooprasert,ref-THA-0000342751,11,3,"Calamus temii . Flora of Thailand. Vol. 11. Part 3, 2013. Pg. 381. Accessed 2022-04-21",All rights reserved,Forest Herbarium,https://www.dnp.go.th/botany/eflora/floraspecies.html?tdcode=05156
wfo-0000760674,Not threatened.,conservation,EN,A.S. Barfod & J. Dransfield,,Forest Herbarium,2022-04-21,Rachun Pooma & Sawita Yooprasert,ref-THA-0000760674,11,3,"Calamus tenuis . Flora of Thailand. Vol. 11. Part 3, 2013. Pg. 382. Accessed 2022-04-21",All rights reserved,Forest Herbarium,https://www.dnp.go.th/botany/eflora/floraspecies.html?tdcode=05157
wfo-0000760696,Not threatened.,conservation,EN,A.S. Barfod & J. Dransfield,,Forest Herbarium,2022-04-21,Rachun Pooma & Sawita Yooprasert,ref-THA-0000760696,11,3,"Calamus tetradactylus . Flora of Thailand. Vol. 11. Part 3, 2013. Pg. 383. Accessed 2022-04-21",All rights reserved,Forest Herbarium,https://www.dnp.go.th/botany/eflora/floraspecies.html?tdcode=05158
wfo-0000761041,Not threatened.,conservation,EN,A.S. Barfod & J. Dransfield,,Forest Herbarium,2022-04-21,Rachun Pooma & Sawita Yooprasert,ref-THA-0000761041,11,3,"Calamus viminalis . Flora of Thailand. Vol. 11. Part 3, 2013. Pg. 383. Accessed 2022-04-21",All rights reserved,Forest Herbarium,https://www.dnp.go.th/botany/eflora/floraspecies.html?tdcode=05159
wfo-0000761133,Not threatened.,conservation,EN,A.S. Barfod & J. Dransfield,,Forest Herbarium,2022-04-21,Rachun Pooma & Sawita Yooprasert,ref-THA-0000761133,11,3,"Calamus viridispinus . Flora of Thailand. Vol. 11. Part 3, 2013. Pg. 385. Accessed 2022-04-21",All rights reserved,Forest Herbarium,https://www.dnp.go.th/botany/eflora/floraspecies.html?tdcode=05160
wfo-0000761185,"Not known, but likely to be threatened by exploitation at least in Thailand.",conservation,EN,A.S. Barfod & J. Dransfield,,Forest Herbarium,2022-04-21,Rachun Pooma & Sawita Yooprasert,ref-THA-0000761185,11,3,"Calamus wailong . Flora of Thailand. Vol. 11. Part 3, 2013. Pg. 386. Accessed 2022-04-21",All rights reserved,Forest Herbarium,https://www.dnp.go.th/botany/eflora/floraspecies.html?tdcode=05161
wfo-0000809498,"Only one population comprising c. 50 palms has been recorded, with little regeneration (Hodel 2009). Data deficient and should be inventoried further since it may be endangered.",conservation,EN,A.S. Barfod & J. Dransfield,,Forest Herbarium,2022-04-21,Rachun Pooma & Sawita Yooprasert,ref-THA-0000809498,11,3,"Caryota kiriwongensis . Flora of Thailand. Vol. 11. Part 3, 2013. Pg. 387. Accessed 2022-04-21",All rights reserved,Forest Herbarium,https://www.dnp.go.th/botany/eflora/floraspecies.html?tdcode=05163
wfo-0000809531,This species is widespread but locally rare. It is threatened by habitat destruction.,conservation,EN,A.S. Barfod & J. Dransfield,,Forest Herbarium,2022-04-21,Rachun Pooma & Sawita Yooprasert,ref-THA-0000809531,11,3,"Caryota maxima . Flora of Thailand. Vol. 11. Part 3, 2013. Pg. 388. Accessed 2022-04-21",All rights reserved,Forest Herbarium,https://www.dnp.go.th/botany/eflora/floraspecies.html?tdcode=05164
wfo-0000809552,Least concern.,conservation,EN,A.S. Barfod & J. Dransfield,,Forest Herbarium,2022-04-21,Rachun Pooma & Sawita Yooprasert,ref-THA-0000809552,11,3,"Caryota mitis . Flora of Thailand. Vol. 11. Part 3, 2013. Pg. 389. Accessed 2022-04-21",All rights reserved,Forest Herbarium,https://www.dnp.go.th/botany/eflora/floraspecies.html?tdcode=05165
wfo-0000925821,Probably not threatened.,conservation,EN,A.S. Barfod & J. Dransfield,,Forest Herbarium,2022-04-21,Rachun Pooma & Sawita Yooprasert,ref-THA-0000925821,11,3,"Corypha lecomtei . Flora of Thailand. Vol. 11. Part 3, 2013. Pg. 393. Accessed 2022-04-21",All rights reserved,Forest Herbarium,https://www.dnp.go.th/botany/eflora/floraspecies.html?tdcode=05170
wfo-0000925853,Probably threatened in Thailand. It is nowhere common and its habitat is disappearing fast.,conservation,EN,A.S. Barfod & J. Dransfield,,Forest Herbarium,2022-04-21,Rachun Pooma & Sawita Yooprasert,ref-THA-0000925853,11,3,"Corypha utan . Flora of Thailand. Vol. 11. Part 3, 2013. Pg. 393. Accessed 2022-04-21",All rights reserved,Forest Herbarium,https://www.dnp.go.th/botany/eflora/floraspecies.html?tdcode=05171
wfo-0000936248,This species has become increasingly rare in Thailand due to collection of palms from the wild for cultivation.,conservation,EN,A.S. Barfod & J. Dransfield,,Forest Herbarium,2022-04-21,Rachun Pooma & Sawita Yooprasert,ref-THA-0000936248,11,3,"Cyrtostachys renda . Flora of Thailand. Vol. 11. Part 3, 2013. Pg. 396. Accessed 2022-04-21",All rights reserved,Forest Herbarium,https://www.dnp.go.th/botany/eflora/floraspecies.html?tdcode=05173
wfo-0000937022,Globally not threatened.,conservation,EN,A.S. Barfod & J. Dransfield,,Forest Herbarium,2022-04-21,Rachun Pooma & Sawita Yooprasert,ref-THA-0000937022,11,3,"Daemonorops didymophylla . Flora of Thailand. Vol. 11. Part 3, 2013. Pg. 400. Accessed 2022-04-21",All rights reserved,Forest Herbarium,https://www.dnp.go.th/botany/eflora/floraspecies.html?tdcode=05176
wfo-0000937025,Possibly extinct due to habitat destruction.,conservation,EN,A.S. Barfod & J. Dransfield,,Forest Herbarium,2022-04-21,Rachun Pooma & Sawita Yooprasert,ref-THA-0000937025,11,3,"Daemonorops draco . Flora of Thailand. Vol. 11. Part 3, 2013. Pg. 400. Accessed 2022-04-21",All rights reserved,Forest Herbarium,https://www.dnp.go.th/botany/eflora/floraspecies.html?tdcode=05177
wfo-0000937038,Globally not threatened.,conservation,EN,A.S. Barfod & J. Dransfield,,Forest Herbarium,2022-04-21,Rachun Pooma & Sawita Yooprasert,ref-THA-0000937038,11,3,"Daemonorops geniculata . Flora of Thailand. Vol. 11. Part 3, 2013. Pg. 401. Accessed 2022-04-21",All rights reserved,Forest Herbarium,https://www.dnp.go.th/botany/eflora/floraspecies.html?tdcode=05178
wfo-0000937042,Not threatened.,conservation,EN,A.S. Barfod & J. Dransfield,,Forest Herbarium,2022-04-21,Rachun Pooma & Sawita Yooprasert,ref-THA-0000937042,11,3,"Daemonorops grandis . Flora of Thailand. Vol. 11. Part 3, 2013. Pg. 402. Accessed 2022-04-21",All rights reserved,Forest Herbarium,https://www.dnp.go.th/botany/eflora/floraspecies.html?tdcode=05179
wfo-0000937060,Not threatened.,conservation,EN,A.S. Barfod & J. Dransfield,,Forest Herbarium,2022-04-21,Rachun Pooma & Sawita Yooprasert,ref-THA-0000937060,11,3,"Daemonorops jenkinsiana . Flora of Thailand. Vol. 11. Part 3, 2013. Pg. 402. Accessed 2022-04-21",All rights reserved,Forest Herbarium,https://www.dnp.go.th/botany/eflora/floraspecies.html?tdcode=05180
wfo-0000937066,Not threatened.,conservation,EN,A.S. Barfod & J. Dransfield,,Forest Herbarium,2022-04-21,Rachun Pooma & Sawita Yooprasert,ref-THA-0000937066,11,3,"Daemonorops kunstleri . Flora of Thailand. Vol. 11. Part 3, 2013. Pg. 403. Accessed 2022-04-21",All rights reserved,Forest Herbarium,https://www.dnp.go.th/botany/eflora/floraspecies.html?tdcode=05181
wfo-0000937147,Possibly threatened by habitat destruction and over-exploitation of canes.,conservation,EN,A.S. Barfod & J. Dransfield,,Forest Herbarium,2022-04-21,Rachun Pooma & Sawita Yooprasert,ref-THA-0000937147,11,3,"Daemonorops sabut . Flora of Thailand. Vol. 11. Part 3, 2013. Pg. 409. Accessed 2022-04-21",All rights reserved,Forest Herbarium,https://www.dnp.go.th/botany/eflora/floraspecies.html?tdcode=05187
wfo-0000937153,Not threatened.,conservation,EN,A.S. Barfod & J. Dransfield,,Forest Herbarium,2022-04-21,Rachun Pooma & Sawita Yooprasert,ref-THA-0000937153,11,3,"Daemonorops sepal . Flora of Thailand. Vol. 11. Part 3, 2013. Pg. 410. Accessed 2022-04-21",All rights reserved,Forest Herbarium,https://www.dnp.go.th/botany/eflora/floraspecies.html?tdcode=05188
wfo-0000937172,Not threatened.,conservation,EN,A.S. Barfod & J. Dransfield,,Forest Herbarium,2022-04-21,Rachun Pooma & Sawita Yooprasert,ref-THA-0000937172,11,3,"Daemonorops verticillaris . Flora of Thailand. Vol. 11. Part 3, 2013. Pg. 410. Accessed 2022-04-21",All rights reserved,Forest Herbarium,https://www.dnp.go.th/botany/eflora/floraspecies.html?tdcode=05189
wfo-0000948032,"Although locally very common, the restricted overall distribution of this species is of concern. Habitat destruction represents a possible threat.",conservation,EN,A.S. Barfod & J. Dransfield,,Forest Herbarium,2022-04-21,Rachun Pooma & Sawita Yooprasert,ref-THA-0000948032,11,3,"Eleiodoxa conferta . Flora of Thailand. Vol. 11. Part 3, 2013. Pg. 412. Accessed 2022-04-21",All rights reserved,Forest Herbarium,https://www.dnp.go.th/botany/eflora/floraspecies.html?tdcode=05191
wfo-0000956214,Not threatened.,conservation,EN,A.S. Barfod & J. Dransfield,,Forest Herbarium,2022-04-21,Rachun Pooma & Sawita Yooprasert,ref-THA-0000956214,11,3,"Eugeissona tristis . Flora of Thailand. Vol. 11. Part 3, 2013. Pg. 414. Accessed 2022-04-21",All rights reserved,Forest Herbarium,https://www.dnp.go.th/botany/eflora/floraspecies.html?tdcode=05193
wfo-0000217349,"Because of its very localized distribution, this species should be considered rare and of moderate concern in Thailand.",conservation,EN,A.S. Barfod & J. Dransfield,,Forest Herbarium,2022-04-21,Rachun Pooma & Sawita Yooprasert,ref-THA-0000217349,11,3,"Iguanura bicornis . Flora of Thailand. Vol. 11. Part 3, 2013. Pg. 416. Accessed 2022-04-21",All rights reserved,Forest Herbarium,https://www.dnp.go.th/botany/eflora/floraspecies.html?tdcode=05195
wfo-0000217358,"Because of its very localized distribution, this species should be considered rare and of moderate to high concern.",conservation,EN,A.S. Barfod & J. Dransfield,,Forest Herbarium,2022-04-21,Rachun Pooma & Sawita Yooprasert,ref-THA-0000217358,11,3,"Iguanura divergens . Flora of Thailand. Vol. 11. Part 3, 2013. Pg. 416. Accessed 2022-04-21",All rights reserved,Forest Herbarium,https://www.dnp.go.th/botany/eflora/floraspecies.html?tdcode=05196
wfo-0000217382,"Because of its rather wide distribution, this species is of low to moderate concern.",conservation,EN,A.S. Barfod & J. Dransfield,,Forest Herbarium,2022-04-21,Rachun Pooma & Sawita Yooprasert,ref-THA-0000217382,11,3,"Iguanura polymorpha . Flora of Thailand. Vol. 11. Part 3, 2013. Pg. 417. Accessed 2022-04-21",All rights reserved,Forest Herbarium,https://www.dnp.go.th/botany/eflora/floraspecies.html?tdcode=05197
wfo-0000217390,"Habitat destruction and collecting for ornamental use threaten this rare, very localized species and thus it should be considered of high concern.",conservation,EN,A.S. Barfod & J. Dransfield,,Forest Herbarium,2022-04-21,Rachun Pooma & Sawita Yooprasert,ref-THA-0000217390,11,3,"Iguanura speciosa . Flora of Thailand. Vol. 11. Part 3, 2013. Pg. 417. Accessed 2022-04-21",All rights reserved,Forest Herbarium,https://www.dnp.go.th/botany/eflora/floraspecies.html?tdcode=05198
wfo-0001317008,"Despite its range occurring partly within Khao Sok National Park where it is presumably protected, Lim (1998b) noted that its numbers had been dramatically reduced there, by as much as a quarter, from 1994 to 1997. Habitat destruction outside the park is a constant threat. Thus, this variety should probably be considered of moderate to high concern.",conservation,EN,A.S. Barfod & J. Dransfield,,Forest Herbarium,2022-04-21,Rachun Pooma & Sawita Yooprasert,ref-THA-0001317008,11,3,"Iguanura tenuis khaosokensis. Flora of Thailand. Vol. 11. Part 3, 2013. Pg. 418. Accessed 2022-04-21",All rights reserved,Forest Herbarium,https://www.dnp.go.th/botany/eflora/florainfra.html?tdcode=05201
wfo-0000217396,"Although locally rare, this species is rather widespread and should probably be considered of moderate concern. In Phuket it occurs within Khao Phra Thaeo non-hunting area where it is presumably protected although habitat destruction might threaten it in other areas.",conservation,EN,A.S. Barfod & J. Dransfield,,Forest Herbarium,2022-04-21,Rachun Pooma & Sawita Yooprasert,ref-THA-0000217396,11,3,"Iguanura thalangensis . Flora of Thailand. Vol. 11. Part 3, 2013. Pg. 419. Accessed 2022-04-21",All rights reserved,Forest Herbarium,https://www.dnp.go.th/botany/eflora/floraspecies.html?tdcode=05202
wfo-0000217397,"Because of its rather wide distribution, this species is of low to moderate concern.",conservation,EN,A.S. Barfod & J. Dransfield,,Forest Herbarium,2022-04-21,Rachun Pooma & Sawita Yooprasert,ref-THA-0000217397,11,3,"Iguanura wallichiana . Flora of Thailand. Vol. 11. Part 3, 2013. Pg. 420. Accessed 2022-04-21",All rights reserved,Forest Herbarium,https://www.dnp.go.th/botany/eflora/floraspecies.html?tdcode=05203
wfo-0000220130,Of some concern since seeds and live palms are collected in the wild for cultivation.,conservation,EN,A.S. Barfod & J. Dransfield,,Forest Herbarium,2022-04-21,Rachun Pooma & Sawita Yooprasert,ref-THA-0000220130,11,3,"Johannesteijsmannia altifrons . Flora of Thailand. Vol. 11. Part 3, 2013. Pg. 422. Accessed 2022-04-21",All rights reserved,Forest Herbarium,https://www.dnp.go.th/botany/eflora/floraspecies.html?tdcode=05205
wfo-0000220954,This palm is currently well preserved within the boundaries of two National Parks. In Khao Phra Thaeo non-hunting area it constitutes the dominant element in the forest undergrowth.,conservation,EN,A.S. Barfod & J. Dransfield,,Forest Herbarium,2022-04-21,Rachun Pooma & Sawita Yooprasert,ref-THA-0000220954,11,3,"Kerriodoxa elegans . Flora of Thailand. Vol. 11. Part 3, 2013. Pg. 424. Accessed 2022-04-21",All rights reserved,Forest Herbarium,https://www.dnp.go.th/botany/eflora/floraspecies.html?tdcode=05207
wfo-0000221418,"Although a very widespread species, this rattan is threatened in Thailand by destruction of the very restricted habitat.",conservation,EN,A.S. Barfod & J. Dransfield,,Forest Herbarium,2022-04-21,Rachun Pooma & Sawita Yooprasert,ref-THA-0000221418,11,3,"Korthalsia flagellaris . Flora of Thailand. Vol. 11. Part 3, 2013. Pg. 426. Accessed 2022-04-21",All rights reserved,Forest Herbarium,https://www.dnp.go.th/botany/eflora/floraspecies.html?tdcode=05209
wfo-0000221427,Not threatened.,conservation,EN,A.S. Barfod & J. Dransfield,,Forest Herbarium,2022-04-21,Rachun Pooma & Sawita Yooprasert,ref-THA-0000221427,11,3,"Korthalsia laciniosa . Flora of Thailand. Vol. 11. Part 3, 2013. Pg. 427. Accessed 2022-04-21",All rights reserved,Forest Herbarium,https://www.dnp.go.th/botany/eflora/floraspecies.html?tdcode=05210
wfo-0000221437,Not threatened.,conservation,EN,A.S. Barfod & J. Dransfield,,Forest Herbarium,2022-04-21,Rachun Pooma & Sawita Yooprasert,ref-THA-0000221437,11,3,"Korthalsia rigida . Flora of Thailand. Vol. 11. Part 3, 2013. Pg. 429. Accessed 2022-04-21",All rights reserved,Forest Herbarium,https://www.dnp.go.th/botany/eflora/floraspecies.html?tdcode=05211
wfo-0000221442,Not threatened.,conservation,EN,A.S. Barfod & J. Dransfield,,Forest Herbarium,2022-04-21,Rachun Pooma & Sawita Yooprasert,ref-THA-0000221442,11,3,"Korthalsia rostrata . Flora of Thailand. Vol. 11. Part 3, 2013. Pg. 429. Accessed 2022-04-21",All rights reserved,Forest Herbarium,https://www.dnp.go.th/botany/eflora/floraspecies.html?tdcode=05212
wfo-0000221447,Not threatened.,conservation,EN,A.S. Barfod & J. Dransfield,,Forest Herbarium,2022-04-21,Rachun Pooma & Sawita Yooprasert,ref-THA-0000221447,11,3,"Korthalsia scortechinii . Flora of Thailand. Vol. 11. Part 3, 2013. Pg. 430. Accessed 2022-04-21",All rights reserved,Forest Herbarium,https://www.dnp.go.th/botany/eflora/floraspecies.html?tdcode=05213
wfo-0000227428,"Although locally very common, the restricted overall distribution of this species is of concern. Habitat destruction represents a possible threat.",conservation,EN,A.S. Barfod & J. Dransfield,,Forest Herbarium,2022-04-21,Rachun Pooma & Sawita Yooprasert,ref-THA-0000227428,11,3,"Licuala distans . Flora of Thailand. Vol. 11. Part 3, 2013. Pg. 431. Accessed 2022-04-21",All rights reserved,Forest Herbarium,https://www.dnp.go.th/botany/eflora/floraspecies.html?tdcode=05215
wfo-0000227446,Probably of little concern in Thailand since it is common locally and recorded from several localities.,conservation,EN,A.S. Barfod & J. Dransfield,,Forest Herbarium,2022-04-21,Rachun Pooma & Sawita Yooprasert,ref-THA-0000227446,11,3,"Licuala glabra . Flora of Thailand. Vol. 11. Part 3, 2013. Pg. 432. Accessed 2022-04-21",All rights reserved,Forest Herbarium,https://www.dnp.go.th/botany/eflora/floraspecies.html?tdcode=05216
wfo-0000227467,Widespread and quite common.,conservation,EN,A.S. Barfod & J. Dransfield,,Forest Herbarium,2022-04-21,Rachun Pooma & Sawita Yooprasert,ref-THA-0000227467,11,3,"Licuala kunstleri . Flora of Thailand. Vol. 11. Part 3, 2013. Pg. 433. Accessed 2022-04-21",All rights reserved,Forest Herbarium,https://www.dnp.go.th/botany/eflora/floraspecies.html?tdcode=05217
wfo-0000227482,No immediate concern but further research is required.,conservation,EN,A.S. Barfod & J. Dransfield,,Forest Herbarium,2022-04-21,Rachun Pooma & Sawita Yooprasert,ref-THA-0000227482,11,3,"Licuala malajana . Flora of Thailand. Vol. 11. Part 3, 2013. Pg. 434. Accessed 2022-04-21",All rights reserved,Forest Herbarium,https://www.dnp.go.th/botany/eflora/floraspecies.html?tdcode=05218
wfo-0000227489,Unknown. Occurs only marginally in Thailand where it has been recorded twice. Possibly of high concern.,conservation,EN,A.S. Barfod & J. Dransfield,,Forest Herbarium,2022-04-21,Rachun Pooma & Sawita Yooprasert,ref-THA-0000227489,11,3,"Licuala modesta . Flora of Thailand. Vol. 11. Part 3, 2013. Pg. 435. Accessed 2022-04-21",All rights reserved,Forest Herbarium,https://www.dnp.go.th/botany/eflora/floraspecies.html?tdcode=05220
wfo-0001317018,Probably not threatened in Thailand.,conservation,EN,A.S. Barfod & J. Dransfield,,Forest Herbarium,2022-04-21,Rachun Pooma & Sawita Yooprasert,ref-THA-0001317018,11,3,"Licuala peltata peltata. Flora of Thailand. Vol. 11. Part 3, 2013. Pg. 437. Accessed 2022-04-21",All rights reserved,Forest Herbarium,https://www.dnp.go.th/botany/eflora/florainfra.html?tdcode=05223
wfo-0000913196,"Licuala pitta is similar to the widespread L. spinosa in its caespitose habit and its overall leaf morphology. It differs from that species, however, by the inflorescences being presented among the leaves, the leaf segments converging basally in a funnel-like manner, the fewer and shorter flowering rachillae and the flowers being almost twice as long. Licuala pitta is reminiscent of L. taynguyensis Barfod & Borchs. (Barfod & Borchsenius 2000) from Vietnam but that species is solitary, and has much larger inflorescences, with zig-zag rachillae that bear fewer, rather large and densely long-haired flowers.",conservation,EN,A.S. Barfod & J. Dransfield,,Forest Herbarium,2022-04-21,Rachun Pooma & Sawita Yooprasert,ref-THA-0000913196,11,3,"Licuala pitta . Flora of Thailand. Vol. 11. Part 3, 2013. Pg. 439. Accessed 2022-04-21",All rights reserved,Forest Herbarium,https://www.dnp.go.th/botany/eflora/floraspecies.html?tdcode=05225
wfo-0000227521,Although limited in its distribution range probably of little concern until further information becomes available.,conservation,EN,A.S. Barfod & J. Dransfield,,Forest Herbarium,2022-04-21,Rachun Pooma & Sawita Yooprasert,ref-THA-0000227521,11,3,"Licuala poonsakii . Flora of Thailand. Vol. 11. Part 3, 2013. Pg. 441. Accessed 2022-04-21",All rights reserved,Forest Herbarium,https://www.dnp.go.th/botany/eflora/floraspecies.html?tdcode=05226
wfo-0000227526,Unknown. Occurs only marginally in Thailand where it is rare. Probably of moderately to high concern.,conservation,EN,A.S. Barfod & J. Dransfield,,Forest Herbarium,2022-04-21,Rachun Pooma & Sawita Yooprasert,ref-THA-0000227526,11,3,"Licuala pusilla . Flora of Thailand. Vol. 11. Part 3, 2013. Pg. 441. Accessed 2022-04-21",All rights reserved,Forest Herbarium,https://www.dnp.go.th/botany/eflora/floraspecies.html?tdcode=05227
wfo-0000227544,Unknown. Occurs marginally in Thailand where it has been recorded only once. Possibly of high concern.,conservation,EN,A.S. Barfod & J. Dransfield,,Forest Herbarium,2022-04-21,Rachun Pooma & Sawita Yooprasert,ref-THA-0000227544,11,3,"Licuala scortechinii . Flora of Thailand. Vol. 11. Part 3, 2013. Pg. 442. Accessed 2022-04-21",All rights reserved,Forest Herbarium,https://www.dnp.go.th/botany/eflora/floraspecies.html?tdcode=05228
wfo-0000227549,"This widespread, common species is unlikely to be under threat.",conservation,EN,A.S. Barfod & J. Dransfield,,Forest Herbarium,2022-04-21,Rachun Pooma & Sawita Yooprasert,ref-THA-0000227549,11,3,"Licuala spinosa . Flora of Thailand. Vol. 11. Part 3, 2013. Pg. 443. Accessed 2022-04-21",All rights reserved,Forest Herbarium,https://www.dnp.go.th/botany/eflora/floraspecies.html?tdcode=05229
wfo-0000227568,"Quite widespread but locally scattered, of little concern.",conservation,EN,A.S. Barfod & J. Dransfield,,Forest Herbarium,2022-04-21,Rachun Pooma & Sawita Yooprasert,ref-THA-0000227568,11,3,"Licuala triphylla . Flora of Thailand. Vol. 11. Part 3, 2013. Pg. 444. Accessed 2022-04-21",All rights reserved,Forest Herbarium,https://www.dnp.go.th/botany/eflora/floraspecies.html?tdcode=05230
wfo-0000230418,A species of some concern since it is rather scattered in its distribution (see discussion in Barfod et al. 2010).,conservation,EN,A.S. Barfod & J. Dransfield,,Forest Herbarium,2022-04-21,Rachun Pooma & Sawita Yooprasert,ref-THA-0000230418,11,3,"Livistona jenkinsiana . Flora of Thailand. Vol. 11. Part 3, 2013. Pg. 446. Accessed 2022-04-21",All rights reserved,Forest Herbarium,https://www.dnp.go.th/botany/eflora/floraspecies.html?tdcode=05232
wfo-0000230452,Of no immediate concern. Although L. saribus has a limited distribution in Thailand it grows gregariously locally e.g. at Ban Muang in Sakon Nakhon.,conservation,EN,A.S. Barfod & J. Dransfield,,Forest Herbarium,2022-04-21,Rachun Pooma & Sawita Yooprasert,ref-THA-0000230452,11,3,"Livistona saribus . Flora of Thailand. Vol. 11. Part 3, 2013. Pg. 448. Accessed 2022-04-21",All rights reserved,Forest Herbarium,https://www.dnp.go.th/botany/eflora/floraspecies.html?tdcode=05233
wfo-0000230454,Of no concern.,conservation,EN,A.S. Barfod & J. Dransfield,,Forest Herbarium,2022-04-21,Rachun Pooma & Sawita Yooprasert,ref-THA-0000230454,11,3,"Livistona speciosa . Flora of Thailand. Vol. 11. Part 3, 2013. Pg. 448. Accessed 2022-04-21",All rights reserved,Forest Herbarium,https://www.dnp.go.th/botany/eflora/floraspecies.html?tdcode=05234
wfo-0000238118,"Despite being restricted to inaccessible limestone crags, the palm has been over-collected, by removal of whole plants from the wild; fire started by man or by lightning can affect such limestone hills and the palm is thus vulnerable.",conservation,EN,A.S. Barfod & J. Dransfield,,Forest Herbarium,2022-04-21,Rachun Pooma & Sawita Yooprasert,ref-THA-0000238118,11,3,"Maxburretia furtadoana . Flora of Thailand. Vol. 11. Part 3, 2013. Pg. 450. Accessed 2022-04-21",All rights reserved,Forest Herbarium,https://www.dnp.go.th/botany/eflora/floraspecies.html?tdcode=05236
wfo-0000238119,This species is newly recorded for Thailand and remains data deficient until further fieldwork has been conducted.,conservation,EN,A.S. Barfod & J. Dransfield,,Forest Herbarium,2022-04-21,Rachun Pooma & Sawita Yooprasert,ref-THA-0000238119,11,3,"Maxburretia gracilis . Flora of Thailand. Vol. 11. Part 3, 2013. Pg. 450. Accessed 2022-04-21",All rights reserved,Forest Herbarium,https://www.dnp.go.th/botany/eflora/floraspecies.html?tdcode=05237
wfo-0000248194,Not threatened.,conservation,EN,A.S. Barfod & J. Dransfield,,Forest Herbarium,2022-04-21,Rachun Pooma & Sawita Yooprasert,ref-THA-0000248194,11,3,"Myrialepis paradoxa . Flora of Thailand. Vol. 11. Part 3, 2013. Pg. 451. Accessed 2022-04-21",All rights reserved,Forest Herbarium,https://www.dnp.go.th/botany/eflora/floraspecies.html?tdcode=05239
wfo-0000249904,Although occurring scattered throughout the forest this species is quite common and of little concern.,conservation,EN,A.S. Barfod & J. Dransfield,,Forest Herbarium,2022-04-21,Rachun Pooma & Sawita Yooprasert,ref-THA-0000249904,11,3,"Nenga macrocarpa . Flora of Thailand. Vol. 11. Part 3, 2013. Pg. 453. Accessed 2022-04-21",All rights reserved,Forest Herbarium,https://www.dnp.go.th/botany/eflora/floraspecies.html?tdcode=05241
wfo-0000249910,Although occurring scattered throughout the forest this species is quite common and of little concern.,conservation,EN,A.S. Barfod & J. Dransfield,,Forest Herbarium,2022-04-21,Rachun Pooma & Sawita Yooprasert,ref-THA-0000249910,11,3,"Nenga pumila pachystachya. Flora of Thailand. Vol. 11. Part 3, 2013. Pg. 455. Accessed 2022-04-21",All rights reserved,Forest Herbarium,https://www.dnp.go.th/botany/eflora/florainfra.html?tdcode=05243
wfo-0000252566,Of little immediate concern. However the ecosystems services rendered by the extended Nypa forests in Peninsular Thailand are under threat from habitat destruction.,conservation,EN,A.S. Barfod & J. Dransfield,,Forest Herbarium,2022-04-21,Rachun Pooma & Sawita Yooprasert,ref-THA-0000252566,11,3,"Nypa fruticans . Flora of Thailand. Vol. 11. Part 3, 2013. Pg. 456. Accessed 2022-04-21",All rights reserved,Forest Herbarium,https://www.dnp.go.th/botany/eflora/floraspecies.html?tdcode=05245
wfo-0000256781,Rather common and of little concern.,conservation,EN,A.S. Barfod & J. Dransfield,,Forest Herbarium,2022-04-21,Rachun Pooma & Sawita Yooprasert,ref-THA-0000256781,11,3,"Oncosperma horridum . Flora of Thailand. Vol. 11. Part 3, 2013. Pg. 458. Accessed 2022-04-21",All rights reserved,Forest Herbarium,https://www.dnp.go.th/botany/eflora/floraspecies.html?tdcode=05247
wfo-0000256784,Of concern in Thailand where many swampy habitats are threatened by drainage and rice cultivation.,conservation,EN,A.S. Barfod & J. Dransfield,,Forest Herbarium,2022-04-21,Rachun Pooma & Sawita Yooprasert,ref-THA-0000256784,11,3,"Oncosperma tigillarium . Flora of Thailand. Vol. 11. Part 3, 2013. Pg. 459. Accessed 2022-04-21",All rights reserved,Forest Herbarium,https://www.dnp.go.th/botany/eflora/floraspecies.html?tdcode=05248
wfo-0000258670,Most likely threatened by habitat degradation.,conservation,EN,A.S. Barfod & J. Dransfield,,Forest Herbarium,2022-04-21,Rachun Pooma & Sawita Yooprasert,ref-THA-0000258670,11,3,"Orania sylvicola . Flora of Thailand. Vol. 11. Part 3, 2013. Pg. 461. Accessed 2022-04-21",All rights reserved,Forest Herbarium,https://www.dnp.go.th/botany/eflora/floraspecies.html?tdcode=05250
wfo-0000269784,Not threatened.,conservation,EN,A.S. Barfod & J. Dransfield,,Forest Herbarium,2022-04-21,Rachun Pooma & Sawita Yooprasert,ref-THA-0000269784,11,3,"Phoenix loureiroi . Flora of Thailand. Vol. 11. Part 3, 2013. Pg. 462. Accessed 2022-04-21",All rights reserved,Forest Herbarium,https://www.dnp.go.th/botany/eflora/floraspecies.html?tdcode=05252
wfo-0000269791,"Probably globally not threatened even though the habitat, at least near major cities such as Bangkok, is subject to intensive degradation.",conservation,EN,A.S. Barfod & J. Dransfield,,Forest Herbarium,2022-04-21,Rachun Pooma & Sawita Yooprasert,ref-THA-0000269791,11,3,"Phoenix paludosa . Flora of Thailand. Vol. 11. Part 3, 2013. Pg. 463. Accessed 2022-04-21",All rights reserved,Forest Herbarium,https://www.dnp.go.th/botany/eflora/floraspecies.html?tdcode=05253
wfo-0000269803,Little is known of the occurrence of this palm in Thailand.,conservation,EN,A.S. Barfod & J. Dransfield,,Forest Herbarium,2022-04-21,Rachun Pooma & Sawita Yooprasert,ref-THA-0000269803,11,3,"Phoenix roebelenii . Flora of Thailand. Vol. 11. Part 3, 2013. Pg. 463. Accessed 2022-04-21",All rights reserved,Forest Herbarium,https://www.dnp.go.th/botany/eflora/floraspecies.html?tdcode=05254
wfo-0000269816,"Listed as vulnerable in the IUCN red list of endangered species (assessed by Saw, L.G. in 1998).",conservation,EN,A.S. Barfod & J. Dransfield,,Forest Herbarium,2022-04-21,Rachun Pooma & Sawita Yooprasert,ref-THA-0000269816,11,3,"Pholidocarpus macrocarpus . Flora of Thailand. Vol. 11. Part 3, 2013. Pg. 465. Accessed 2022-04-21",All rights reserved,Forest Herbarium,https://www.dnp.go.th/botany/eflora/floraspecies.html?tdcode=05256
wfo-0000273614,Probably not threatened.,conservation,EN,A.S. Barfod & J. Dransfield,,Forest Herbarium,2022-04-21,Rachun Pooma & Sawita Yooprasert,ref-THA-0000273614,11,3,"Pinanga adangensis . Flora of Thailand. Vol. 11. Part 3, 2013. Pg. 467. Accessed 2022-04-21",All rights reserved,Forest Herbarium,https://www.dnp.go.th/botany/eflora/floraspecies.html?tdcode=05258
wfo-0000273625,Likely to be severely threatened by habitat degradation.,conservation,EN,A.S. Barfod & J. Dransfield,,Forest Herbarium,2022-04-21,Rachun Pooma & Sawita Yooprasert,ref-THA-0000273625,11,3,"Pinanga auriculata leucocarpa. Flora of Thailand. Vol. 11. Part 3, 2013. Pg. 468. Accessed 2022-04-21",All rights reserved,Forest Herbarium,https://www.dnp.go.th/botany/eflora/florainfra.html?tdcode=05260
wfo-0000273626,Likely to be severely threatened by habitat degradation.,conservation,EN,A.S. Barfod & J. Dransfield,,Forest Herbarium,2022-04-21,Rachun Pooma & Sawita Yooprasert,ref-THA-0000273626,11,3,"Pinanga auriculata merguiensis. Flora of Thailand. Vol. 11. Part 3, 2013. Pg. 468. Accessed 2022-04-21",All rights reserved,Forest Herbarium,https://www.dnp.go.th/botany/eflora/florainfra.html?tdcode=05261
wfo-0000273627,An infrequent species that is of some concern.,conservation,EN,A.S. Barfod & J. Dransfield,,Forest Herbarium,2022-04-21,Rachun Pooma & Sawita Yooprasert,ref-THA-0000273627,11,3,"Pinanga badia . Flora of Thailand. Vol. 11. Part 3, 2013. Pg. 468. Accessed 2022-04-21",All rights reserved,Forest Herbarium,https://www.dnp.go.th/botany/eflora/floraspecies.html?tdcode=05262
wfo-0000273688,Likely to be threatened by habitat degradation.,conservation,EN,A.S. Barfod & J. Dransfield,,Forest Herbarium,2022-04-21,Rachun Pooma & Sawita Yooprasert,ref-THA-0000273688,11,3,"Pinanga fractiflexa . Flora of Thailand. Vol. 11. Part 3, 2013. Pg. 469. Accessed 2022-04-21",All rights reserved,Forest Herbarium,https://www.dnp.go.th/botany/eflora/floraspecies.html?tdcode=05264
wfo-0000273735,Not threatened.,conservation,EN,A.S. Barfod & J. Dransfield,,Forest Herbarium,2022-04-21,Rachun Pooma & Sawita Yooprasert,ref-THA-0000273735,11,3,"Pinanga malaiana . Flora of Thailand. Vol. 11. Part 3, 2013. Pg. 470. Accessed 2022-04-21",All rights reserved,Forest Herbarium,https://www.dnp.go.th/botany/eflora/floraspecies.html?tdcode=05265
wfo-0000273758,Probably not threatened.,conservation,EN,A.S. Barfod & J. Dransfield,,Forest Herbarium,2022-04-21,Rachun Pooma & Sawita Yooprasert,ref-THA-0000273758,11,3,"Pinanga paradoxa paradoxa. Flora of Thailand. Vol. 11. Part 3, 2013. Pg. 471. Accessed 2022-04-21",All rights reserved,Forest Herbarium,https://www.dnp.go.th/botany/eflora/florainfra.html?tdcode=05267
wfo-0000273767,Not threatened.,conservation,EN,A.S. Barfod & J. Dransfield,,Forest Herbarium,2022-04-21,Rachun Pooma & Sawita Yooprasert,ref-THA-0000273767,11,3,"Pinanga perakensis . Flora of Thailand. Vol. 11. Part 3, 2013. Pg. 471. Accessed 2022-04-21",All rights reserved,Forest Herbarium,https://www.dnp.go.th/botany/eflora/floraspecies.html?tdcode=05268
wfo-0000273771,Not known.,conservation,EN,A.S. Barfod & J. Dransfield,,Forest Herbarium,2022-04-21,Rachun Pooma & Sawita Yooprasert,ref-THA-0000273771,11,3,"Pinanga polymorpha . Flora of Thailand. Vol. 11. Part 3, 2013. Pg. 471. Accessed 2022-04-21",All rights reserved,Forest Herbarium,https://www.dnp.go.th/botany/eflora/floraspecies.html?tdcode=05269
wfo-0000273781,Likely to be threatened by habitat degradation.,conservation,EN,A.S. Barfod & J. Dransfield,,Forest Herbarium,2022-04-21,Rachun Pooma & Sawita Yooprasert,ref-THA-0000273781,11,3,"Pinanga riparia . Flora of Thailand. Vol. 11. Part 3, 2013. Pg. 472. Accessed 2022-04-21",All rights reserved,Forest Herbarium,https://www.dnp.go.th/botany/eflora/floraspecies.html?tdcode=05270
wfo-0000273793,Globally not threatened.,conservation,EN,A.S. Barfod & J. Dransfield,,Forest Herbarium,2022-04-21,Rachun Pooma & Sawita Yooprasert,ref-THA-0000273793,11,3,"Pinanga scortechinii . Flora of Thailand. Vol. 11. Part 3, 2013. Pg. 472. Accessed 2022-04-21",All rights reserved,Forest Herbarium,https://www.dnp.go.th/botany/eflora/floraspecies.html?tdcode=05271
wfo-0000273799,Unknown,conservation,EN,A.S. Barfod & J. Dransfield,,Forest Herbarium,2022-04-21,Rachun Pooma & Sawita Yooprasert,ref-THA-0000273799,11,3,"Pinanga simplicifrons simplicifrons. Flora of Thailand. Vol. 11. Part 3, 2013. Pg. 473. Accessed 2022-04-21",All rights reserved,Forest Herbarium,https://www.dnp.go.th/botany/eflora/florainfra.html?tdcode=05273
wfo-0001317027,Globally not threatened.,conservation,EN,A.S. Barfod & J. Dransfield,,Forest Herbarium,2022-04-21,Rachun Pooma & Sawita Yooprasert,ref-THA-0001317027,11,3,"Pinanga subintegra intermedia. Flora of Thailand. Vol. 11. Part 3, 2013. Pg. 474. Accessed 2022-04-21",All rights reserved,Forest Herbarium,https://www.dnp.go.th/botany/eflora/florainfra.html?tdcode=05275
wfo-0000273812,Not threatened.,conservation,EN,A.S. Barfod & J. Dransfield,,Forest Herbarium,2022-04-21,Rachun Pooma & Sawita Yooprasert,ref-THA-0000273812,11,3,"Pinanga sylvestris . Flora of Thailand. Vol. 11. Part 3, 2013. Pg. 474. Accessed 2022-04-21",All rights reserved,Forest Herbarium,https://www.dnp.go.th/botany/eflora/floraspecies.html?tdcode=05276
wfo-0000273833,Very restricted distribution but occurs within a protected area.,conservation,EN,A.S. Barfod & J. Dransfield,,Forest Herbarium,2022-04-21,Rachun Pooma & Sawita Yooprasert,ref-THA-0000273833,11,3,"Pinanga watanaiana . Flora of Thailand. Vol. 11. Part 3, 2013. Pg. 475. Accessed 2022-04-21",All rights reserved,Forest Herbarium,https://www.dnp.go.th/botany/eflora/floraspecies.html?tdcode=05277
wfo-0000275155,Not threatened.,conservation,EN,A.S. Barfod & J. Dransfield,,Forest Herbarium,2022-04-21,Rachun Pooma & Sawita Yooprasert,ref-THA-0000275155,11,3,"Plectocomia elongata . Flora of Thailand. Vol. 11. Part 3, 2013. Pg. 476. Accessed 2022-04-21",All rights reserved,Forest Herbarium,https://www.dnp.go.th/botany/eflora/floraspecies.html?tdcode=05279
wfo-0000275161,Not known.,conservation,EN,A.S. Barfod & J. Dransfield,,Forest Herbarium,2022-04-21,Rachun Pooma & Sawita Yooprasert,ref-THA-0000275161,11,3,"Plectocomia himalayana . Flora of Thailand. Vol. 11. Part 3, 2013. Pg. 477. Accessed 2022-04-21",All rights reserved,Forest Herbarium,https://www.dnp.go.th/botany/eflora/floraspecies.html?tdcode=05280
wfo-0000275175,Not threatened.,conservation,EN,A.S. Barfod & J. Dransfield,,Forest Herbarium,2022-04-21,Rachun Pooma & Sawita Yooprasert,ref-THA-0000275175,11,3,"Plectocomia pierreana . Flora of Thailand. Vol. 11. Part 3, 2013. Pg. 477. Accessed 2022-04-21",All rights reserved,Forest Herbarium,https://www.dnp.go.th/botany/eflora/floraspecies.html?tdcode=05281
wfo-0000275185,Not threatened.,conservation,EN,A.S. Barfod & J. Dransfield,,Forest Herbarium,2022-04-21,Rachun Pooma & Sawita Yooprasert,ref-THA-0000275185,11,3,"Plectocomiopsis geminiflora . Flora of Thailand. Vol. 11. Part 3, 2013. Pg. 480. Accessed 2022-04-21",All rights reserved,Forest Herbarium,https://www.dnp.go.th/botany/eflora/floraspecies.html?tdcode=05283
wfo-0000275193,Almost certainly seriously threatened by destruction of the very narrowly circumscribed lowland habitat of this palm.,conservation,EN,A.S. Barfod & J. Dransfield,,Forest Herbarium,2022-04-21,Rachun Pooma & Sawita Yooprasert,ref-THA-0000275193,11,3,"Plectocomiopsis wrayi . Flora of Thailand. Vol. 11. Part 3, 2013. Pg. 482. Accessed 2022-04-21",All rights reserved,Forest Herbarium,https://www.dnp.go.th/botany/eflora/floraspecies.html?tdcode=05284
wfo-0000296176,Although extremely common locally this species is vulnerable to unsustainable land development.,conservation,EN,A.S. Barfod & J. Dransfield,,Forest Herbarium,2022-04-21,Rachun Pooma & Sawita Yooprasert,ref-THA-0000296176,11,3,"Rhapis laosensis . Flora of Thailand. Vol. 11. Part 3, 2013. Pg. 483. Accessed 2022-04-21",All rights reserved,Forest Herbarium,https://www.dnp.go.th/botany/eflora/floraspecies.html?tdcode=05286
wfo-0000296185,Widespread in Thailand but often locally scattered. Of little concern.,conservation,EN,A.S. Barfod & J. Dransfield,,Forest Herbarium,2022-04-21,Rachun Pooma & Sawita Yooprasert,ref-THA-0000296185,11,3,"Rhapis subtilis . Flora of Thailand. Vol. 11. Part 3, 2013. Pg. 484. Accessed 2022-04-21",All rights reserved,Forest Herbarium,https://www.dnp.go.th/botany/eflora/floraspecies.html?tdcode=05287
wfo-0000300092,The restricted overall distribution of this species is of concern. Habitat destruction represents a possible threat.,conservation,EN,A.S. Barfod & J. Dransfield,,Forest Herbarium,2022-04-21,Rachun Pooma & Sawita Yooprasert,ref-THA-0000300092,11,3,"Salacca glabrescens . Flora of Thailand. Vol. 11. Part 3, 2013. Pg. 486. Accessed 2022-04-21",All rights reserved,Forest Herbarium,https://www.dnp.go.th/botany/eflora/floraspecies.html?tdcode=05289
wfo-0000916638,The restricted overall distribution of this species is of concern. Habitat destruction represents a possible threat.,conservation,EN,A.S. Barfod & J. Dransfield,,Forest Herbarium,2022-04-21,Rachun Pooma & Sawita Yooprasert,ref-THA-0000916638,11,3,"Salacca griffithii . Flora of Thailand. Vol. 11. Part 3, 2013. Pg. 487. Accessed 2022-04-21",All rights reserved,Forest Herbarium,https://www.dnp.go.th/botany/eflora/floraspecies.html?tdcode=05290
wfo-0000300107,Unknown. The restricted overall distribution of this species is of concern. Habitat destruction represents a possible threat.,conservation,EN,A.S. Barfod & J. Dransfield,,Forest Herbarium,2022-04-21,Rachun Pooma & Sawita Yooprasert,ref-THA-0000300107,11,3,"Salacca stolonifera . Flora of Thailand. Vol. 11. Part 3, 2013. Pg. 487. Accessed 2022-04-21",All rights reserved,Forest Herbarium,https://www.dnp.go.th/botany/eflora/floraspecies.html?tdcode=05291
wfo-0000300110,"This widespread, common species is unlikely to be under threat.",conservation,EN,A.S. Barfod & J. Dransfield,,Forest Herbarium,2022-04-21,Rachun Pooma & Sawita Yooprasert,ref-THA-0000300110,11,3,"Salacca wallichiana . Flora of Thailand. Vol. 11. Part 3, 2013. Pg. 488. Accessed 2022-04-21",All rights reserved,Forest Herbarium,https://www.dnp.go.th/botany/eflora/floraspecies.html?tdcode=05292
wfo-0000326536,Critical. Restricted to a few limestone mountains ranges where populations have been severely reduced by wild fires probably caused by illegal cultivation of opium poppies.,conservation,EN,A.S. Barfod & J. Dransfield,,Forest Herbarium,2022-04-21,Rachun Pooma & Sawita Yooprasert,ref-THA-0000326536,11,3,"Trachycarpus oreophilus . Flora of Thailand. Vol. 11. Part 3, 2013. Pg. 490. Accessed 2022-04-21",All rights reserved,Forest Herbarium,https://www.dnp.go.th/botany/eflora/floraspecies.html?tdcode=05294
wfo-0000333786,Not known with certainty but probably not threatended due its wide range and ability to grow in disturbed habitats.,conservation,EN,A.S. Barfod & J. Dransfield,,Forest Herbarium,2022-04-21,Rachun Pooma & Sawita Yooprasert,ref-THA-0000333786,11,3,"Wallichia caryotoides . Flora of Thailand. Vol. 11. Part 3, 2013. Pg. 492. Accessed 2022-04-21",All rights reserved,Forest Herbarium,https://www.dnp.go.th/botany/eflora/floraspecies.html?tdcode=05296
wfo-0000333791,"Likely to be threatened. It is a rare palm, sensitive to habitat destruction.",conservation,EN,A.S. Barfod & J. Dransfield,,Forest Herbarium,2022-04-21,Rachun Pooma & Sawita Yooprasert,ref-THA-0000333791,11,3,"Wallichia disticha . Flora of Thailand. Vol. 11. Part 3, 2013. Pg. 492. Accessed 2022-04-21",All rights reserved,Forest Herbarium,https://www.dnp.go.th/botany/eflora/floraspecies.html?tdcode=05297
wfo-0000333794,"Not known, but likely to be very sensitive to forest clearance.",conservation,EN,A.S. Barfod & J. Dransfield,,Forest Herbarium,2022-04-21,Rachun Pooma & Sawita Yooprasert,ref-THA-0000333794,11,3,"Wallichia marianneae . Flora of Thailand. Vol. 11. Part 3, 2013. Pg. 493. Accessed 2022-04-21",All rights reserved,Forest Herbarium,https://www.dnp.go.th/botany/eflora/floraspecies.html?tdcode=05298
