taxonID,vernacularName,language,countryCode,rights,license,bibliographicCitation,url
wfo-0000678057,Cuileann trá,ga,ie,CC BY-ND,https://creativecommons.org/licenses/by-nd/4.0/,"Parnell J., Curtis T. & Cullen E. 2012. Webb’s an Irish Flora. [8th ed.] Cork: Cork University Press.",https://www.corkuniversitypress.com/9781859184783/webbs-an-irish-flora/
wfo-0000619241,Cúlarán,ga,ie,CC BY-ND,https://creativecommons.org/licenses/by-nd/4.0/,"Parnell J., Curtis T. & Cullen E. 2012. Webb’s an Irish Flora. [8th ed.] Cork: Cork University Press.",https://www.corkuniversitypress.com/9781859184783/webbs-an-irish-flora/
wfo-0000385433,Dathabha bán,ga,ie,CC BY-ND,https://creativecommons.org/licenses/by-nd/4.0/,"Parnell J., Curtis T. & Cullen E. 2012. Webb’s an Irish Flora. [8th ed.] Cork: Cork University Press.",https://www.corkuniversitypress.com/9781859184783/webbs-an-irish-flora/
wfo-0000617964,Moing mhear,ga,ie,CC BY-ND,https://creativecommons.org/licenses/by-nd/4.0/,"Parnell J., Curtis T. & Cullen E. 2012. Webb’s an Irish Flora. [8th ed.] Cork: Cork University Press.",https://www.corkuniversitypress.com/9781859184783/webbs-an-irish-flora/
wfo-0000540680,Gunna uisce,ga,ie,CC BY-ND,https://creativecommons.org/licenses/by-nd/4.0/,"Parnell J., Curtis T. & Cullen E. 2012. Webb’s an Irish Flora. [8th ed.] Cork: Cork University Press.",https://www.corkuniversitypress.com/9781859184783/webbs-an-irish-flora/
wfo-0000979730,Eidhneán,ga,ie,CC BY-ND,https://creativecommons.org/licenses/by-nd/4.0/,"Parnell J., Curtis T. & Cullen E. 2012. Webb’s an Irish Flora. [8th ed.] Cork: Cork University Press.",https://www.corkuniversitypress.com/9781859184783/webbs-an-irish-flora/
wfo-0000439308,Trom,ga,ie,CC BY-ND,https://creativecommons.org/licenses/by-nd/4.0/,"Parnell J., Curtis T. & Cullen E. 2012. Webb’s an Irish Flora. [8th ed.] Cork: Cork University Press.",https://www.corkuniversitypress.com/9781859184783/webbs-an-irish-flora/
wfo-0000367818,Fhéithleann,ga,ie,CC BY-ND,https://creativecommons.org/licenses/by-nd/4.0/,"Parnell J., Curtis T. & Cullen E. 2012. Webb’s an Irish Flora. [8th ed.] Cork: Cork University Press.",https://www.corkuniversitypress.com/9781859184783/webbs-an-irish-flora/
wfo-0000500443,Odhrach bhallach.,ga,ie,CC BY-ND,https://creativecommons.org/licenses/by-nd/4.0/,"Parnell J., Curtis T. & Cullen E. 2012. Webb’s an Irish Flora. [8th ed.] Cork: Cork University Press.",https://www.corkuniversitypress.com/9781859184783/webbs-an-irish-flora/
wfo-0000426953,Caorthann corraigh,ga,ie,CC BY-ND,https://creativecommons.org/licenses/by-nd/4.0/,"Parnell J., Curtis T. & Cullen E. 2012. Webb’s an Irish Flora. [8th ed.] Cork: Cork University Press.",https://www.corkuniversitypress.com/9781859184783/webbs-an-irish-flora/
wfo-0000450682,Báchrán,ga,ie,CC BY-ND,https://creativecommons.org/licenses/by-nd/4.0/,"Parnell J., Curtis T. & Cullen E. 2012. Webb’s an Irish Flora. [8th ed.] Cork: Cork University Press.",https://www.corkuniversitypress.com/9781859184783/webbs-an-irish-flora/
wfo-0000828550,Méaracán gorm,ga,ie,CC BY-ND,https://creativecommons.org/licenses/by-nd/4.0/,"Parnell J., Curtis T. & Cullen E. 2012. Webb’s an Irish Flora. [8th ed.] Cork: Cork University Press.",https://www.corkuniversitypress.com/9781859184783/webbs-an-irish-flora/
wfo-0000729203,Cuileann,ga,ie,CC BY-ND,https://creativecommons.org/licenses/by-nd/4.0/,"Parnell J., Curtis T. & Cullen E. 2012. Webb’s an Irish Flora. [8th ed.] Cork: Cork University Press.",https://www.corkuniversitypress.com/9781859184783/webbs-an-irish-flora/
wfo-0000072578,Nóinín,ga,ie,CC BY-ND,https://creativecommons.org/licenses/by-nd/4.0/,"Parnell J., Curtis T. & Cullen E. 2012. Webb’s an Irish Flora. [8th ed.] Cork: Cork University Press.",https://www.corkuniversitypress.com/9781859184783/webbs-an-irish-flora/
wfo-0000117694,Cáithluibh bheag,ga,ie,CC BY-ND,https://creativecommons.org/licenses/by-nd/4.0/,"Parnell J., Curtis T. & Cullen E. 2012. Webb’s an Irish Flora. [8th ed.] Cork: Cork University Press.",https://www.corkuniversitypress.com/9781859184783/webbs-an-irish-flora/
wfo-0000018897,Gnamhlus móna,ga,ie,CC BY-ND,https://creativecommons.org/licenses/by-nd/4.0/,"Parnell J., Curtis T. & Cullen E. 2012. Webb’s an Irish Flora. [8th ed.] Cork: Cork University Press.",https://www.corkuniversitypress.com/9781859184783/webbs-an-irish-flora/
wfo-0000381440,Bacán bán,ga,ie,CC BY-ND,https://creativecommons.org/licenses/by-nd/4.0/,"Parnell J., Curtis T. & Cullen E. 2012. Webb’s an Irish Flora. [8th ed.] Cork: Cork University Press.",https://www.corkuniversitypress.com/9781859184783/webbs-an-irish-flora/
wfo-0000224440,Ros lachan,ga,ie,CC BY-ND,https://creativecommons.org/licenses/by-nd/4.0/,"Parnell J., Curtis T. & Cullen E. 2012. Webb’s an Irish Flora. [8th ed.] Cork: Cork University Press.",https://www.corkuniversitypress.com/9781859184783/webbs-an-irish-flora/
wfo-0000279961,Cluas chaoin,ga,ie,CC BY-ND,https://creativecommons.org/licenses/by-nd/4.0/,"Parnell J., Curtis T. & Cullen E. 2012. Webb’s an Irish Flora. [8th ed.] Cork: Cork University Press.",https://www.corkuniversitypress.com/9781859184783/webbs-an-irish-flora/
wfo-0000769366,Ilphéistín fáinneach,ga,ie,CC BY-ND,https://creativecommons.org/licenses/by-nd/4.0/,"Parnell J., Curtis T. & Cullen E. 2012. Webb’s an Irish Flora. [8th ed.] Cork: Cork University Press.",https://www.corkuniversitypress.com/9781859184783/webbs-an-irish-flora/
wfo-0000769481,Síofróg uisce,ga,ie,CC BY-ND,https://creativecommons.org/licenses/by-nd/4.0/,"Parnell J., Curtis T. & Cullen E. 2012. Webb’s an Irish Flora. [8th ed.] Cork: Cork University Press.",https://www.corkuniversitypress.com/9781859184783/webbs-an-irish-flora/
wfo-0001111177,Garbhógach chorraih,ga,ie,CC BY-ND,https://creativecommons.org/licenses/by-nd/4.0/,"Parnell J., Curtis T. & Cullen E. 2012. Webb’s an Irish Flora. [8th ed.] Cork: Cork University Press.",https://www.corkuniversitypress.com/9781859184783/webbs-an-irish-flora/
wfo-0001110254,Aiteann Muire,ga,ie,CC BY-ND,https://creativecommons.org/licenses/by-nd/4.0/,"Parnell J., Curtis T. & Cullen E. 2012. Webb’s an Irish Flora. [8th ed.] Cork: Cork University Press.",https://www.corkuniversitypress.com/9781859184783/webbs-an-irish-flora/
wfo-0001117161,Scuab eich an Mhóraigh,ga,ie,CC BY-ND,https://creativecommons.org/licenses/by-nd/4.0/,"Parnell J., Curtis T. & Cullen E. 2012. Webb’s an Irish Flora. [8th ed.] Cork: Cork University Press.",https://www.corkuniversitypress.com/9781859184783/webbs-an-irish-flora/
wfo-0001116379,Raithneach Chill Airne,ga,ie,CC BY-ND,https://creativecommons.org/licenses/by-nd/4.0/,"Parnell J., Curtis T. & Cullen E. 2012. Webb’s an Irish Flora. [8th ed.] Cork: Cork University Press.",https://www.corkuniversitypress.com/9781859184783/webbs-an-irish-flora/
wfo-0001118473,Lus an phiollaire,ga,ie,CC BY-ND,https://creativecommons.org/licenses/by-nd/4.0/,"Parnell J., Curtis T. & Cullen E. 2012. Webb’s an Irish Flora. [8th ed.] Cork: Cork University Press.",https://www.corkuniversitypress.com/9781859184783/webbs-an-irish-flora/
wfo-0001107402,Raithneach mhór,ga,ie,CC BY-ND,https://creativecommons.org/licenses/by-nd/4.0/,"Parnell J., Curtis T. & Cullen E. 2012. Webb’s an Irish Flora. [8th ed.] Cork: Cork University Press.",https://www.corkuniversitypress.com/9781859184783/webbs-an-irish-flora/
wfo-0001107261,Raithneach chas,ga,ie,CC BY-ND,https://creativecommons.org/licenses/by-nd/4.0/,"Parnell J., Curtis T. & Cullen E. 2012. Webb’s an Irish Flora. [8th ed.] Cork: Cork University Press.",https://www.corkuniversitypress.com/9781859184783/webbs-an-irish-flora/
wfo-0001109469,Dúchosach,ga,ie,CC BY-ND,https://creativecommons.org/licenses/by-nd/4.0/,"Parnell J., Curtis T. & Cullen E. 2012. Webb’s an Irish Flora. [8th ed.] Cork: Cork University Press.",https://www.corkuniversitypress.com/9781859184783/webbs-an-irish-flora/
wfo-0001110391,Creamh na muice fia,ga,ie,CC BY-ND,https://creativecommons.org/licenses/by-nd/4.0/,"Parnell J., Curtis T. & Cullen E. 2012. Webb’s an Irish Flora. [8th ed.] Cork: Cork University Press.",https://www.corkuniversitypress.com/9781859184783/webbs-an-irish-flora/
wfo-0001225452,Fionnacha lansach,ga,ie,CC BY-ND,https://creativecommons.org/licenses/by-nd/4.0/,"Parnell J., Curtis T. & Cullen E. 2012. Webb’s an Irish Flora. [8th ed.] Cork: Cork University Press.",https://www.corkuniversitypress.com/9781859184783/webbs-an-irish-flora/
wfo-0000701352,Sciollam na móna,ga,ie,CC BY-ND,https://creativecommons.org/licenses/by-nd/4.0/,"Parnell J., Curtis T. & Cullen E. 2012. Webb’s an Irish Flora. [8th ed.] Cork: Cork University Press.",https://www.corkuniversitypress.com/9781859184783/webbs-an-irish-flora/
wfo-0000763824,Cróch an fhómhair,ga,ie,CC BY-ND,https://creativecommons.org/licenses/by-nd/4.0/,"Parnell J., Curtis T. & Cullen E. 2012. Webb’s an Irish Flora. [8th ed.] Cork: Cork University Press.",https://www.corkuniversitypress.com/9781859184783/webbs-an-irish-flora/
wfo-0000740466,Lile Fhíonáin,ga,ie,CC BY-ND,https://creativecommons.org/licenses/by-nd/4.0/,"Parnell J., Curtis T. & Cullen E. 2012. Webb’s an Irish Flora. [8th ed.] Cork: Cork University Press.",https://www.corkuniversitypress.com/9781859184783/webbs-an-irish-flora/
wfo-4000039672,Coigeal na mban sí,ga,ie,CC BY-ND,https://creativecommons.org/licenses/by-nd/4.0/,"Parnell J., Curtis T. & Cullen E. 2012. Webb’s an Irish Flora. [8th ed.] Cork: Cork University Press.",https://www.corkuniversitypress.com/9781859184783/webbs-an-irish-flora/
wfo-0000480384,Bláth na mbodach,ga,ie,CC BY-ND,https://creativecommons.org/licenses/by-nd/4.0/,"Parnell J., Curtis T. & Cullen E. 2012. Webb’s an Irish Flora. [8th ed.] Cork: Cork University Press.",https://www.corkuniversitypress.com/9781859184783/webbs-an-irish-flora/
wfo-0000481006,Cailleach dearg,ga,ie,CC BY-ND,https://creativecommons.org/licenses/by-nd/4.0/,"Parnell J., Curtis T. & Cullen E. 2012. Webb’s an Irish Flora. [8th ed.] Cork: Cork University Press.",https://www.corkuniversitypress.com/9781859184783/webbs-an-irish-flora/
wfo-0000480963,Codlaidín,ga,ie,CC BY-ND,https://creativecommons.org/licenses/by-nd/4.0/,"Parnell J., Curtis T. & Cullen E. 2012. Webb’s an Irish Flora. [8th ed.] Cork: Cork University Press.",https://www.corkuniversitypress.com/9781859184783/webbs-an-irish-flora/
wfo-4000027914,Poipin,ga,ie,CC BY-ND,https://creativecommons.org/licenses/by-nd/4.0/,"Parnell J., Curtis T. & Cullen E. 2012. Webb’s an Irish Flora. [8th ed.] Cork: Cork University Press.",https://www.corkuniversitypress.com/9781859184783/webbs-an-irish-flora/
wfo-0000455242,Leolach,ga,ie,CC BY-ND,https://creativecommons.org/licenses/by-nd/4.0/,"Parnell J., Curtis T. & Cullen E. 2012. Webb’s an Irish Flora. [8th ed.] Cork: Cork University Press.",https://www.corkuniversitypress.com/9781859184783/webbs-an-irish-flora/
wfo-0000581660,Lus buí Bealtaine,ga,ie,CC BY-ND,https://creativecommons.org/licenses/by-nd/4.0/,"Parnell J., Curtis T. & Cullen E. 2012. Webb’s an Irish Flora. [8th ed.] Cork: Cork University Press.",https://www.corkuniversitypress.com/9781859184783/webbs-an-irish-flora/
wfo-0000535569,Lus na gaoithe,ga,ie,CC BY-ND,https://creativecommons.org/licenses/by-nd/4.0/,"Parnell J., Curtis T. & Cullen E. 2012. Webb’s an Irish Flora. [8th ed.] Cork: Cork University Press.",https://www.corkuniversitypress.com/9781859184783/webbs-an-irish-flora/
wfo-0000463198,Reatha,ga,ie,CC BY-ND,https://creativecommons.org/licenses/by-nd/4.0/,"Parnell J., Curtis T. & Cullen E. 2012. Webb’s an Irish Flora. [8th ed.] Cork: Cork University Press.",https://www.corkuniversitypress.com/9781859184783/webbs-an-irish-flora/
wfo-0000463300,Toircheas fiáin,ga,ie,CC BY-ND,https://creativecommons.org/licenses/by-nd/4.0/,"Parnell J., Curtis T. & Cullen E. 2012. Webb’s an Irish Flora. [8th ed.] Cork: Cork University Press.",https://www.corkuniversitypress.com/9781859184783/webbs-an-irish-flora/
wfo-0000450682,Báchrán,ga,ie,CC BY-ND,https://creativecommons.org/licenses/by-nd/4.0/,"Parnell J., Curtis T. & Cullen E. 2012. Webb’s an Irish Flora. [8th ed.] Cork: Cork University Press.",https://www.corkuniversitypress.com/9781859184783/webbs-an-irish-flora/
wfo-0000828550,Harebell,ga,ie,CC BY-ND,https://creativecommons.org/licenses/by-nd/4.0/,"Parnell J., Curtis T. & Cullen E. 2012. Webb’s an Irish Flora. [8th ed.] Cork: Cork University Press.",https://www.corkuniversitypress.com/9781859184783/webbs-an-irish-flora/
wfo-0000819828,Ivy-leaved bellflower,ga,ie,CC BY-ND,https://creativecommons.org/licenses/by-nd/4.0/,"Parnell J., Curtis T. & Cullen E. 2012. Webb’s an Irish Flora. [8th ed.] Cork: Cork University Press.",https://www.corkuniversitypress.com/9781859184783/webbs-an-irish-flora/
wfo-0000729203,Cuileann,ga,ie,CC BY-ND,https://creativecommons.org/licenses/by-nd/4.0/,"Parnell J., Curtis T. & Cullen E. 2012. Webb’s an Irish Flora. [8th ed.] Cork: Cork University Press.",https://www.corkuniversitypress.com/9781859184783/webbs-an-irish-flora/
wfo-0000469205,Liath uisce,ga,ie,CC BY-ND,https://creativecommons.org/licenses/by-nd/4.0/,"Parnell J., Curtis T. & Cullen E. 2012. Webb’s an Irish Flora. [8th ed.] Cork: Cork University Press.",https://www.corkuniversitypress.com/9781859184783/webbs-an-irish-flora/
wfo-0000240328,Mismín mionsach,ga,ie,CC BY-ND,https://creativecommons.org/licenses/by-nd/4.0/,"Parnell J., Curtis T. & Cullen E. 2012. Webb’s an Irish Flora. [8th ed.] Cork: Cork University Press.",https://www.corkuniversitypress.com/9781859184783/webbs-an-irish-flora/
wfo-0000241235,Borógach,ga,ie,CC BY-ND,https://creativecommons.org/licenses/by-nd/4.0/,"Parnell J., Curtis T. & Cullen E. 2012. Webb’s an Irish Flora. [8th ed.] Cork: Cork University Press.",https://www.corkuniversitypress.com/9781859184783/webbs-an-irish-flora/
wfo-0000890516,Lus mhic rí,ga,ie,CC BY-ND,https://creativecommons.org/licenses/by-nd/4.0/,"Parnell J., Curtis T. & Cullen E. 2012. Webb’s an Irish Flora. [8th ed.] Cork: Cork University Press.",https://www.corkuniversitypress.com/9781859184783/webbs-an-irish-flora/
wfo-0000283746,Dúan ceannchosach,ga,ie,CC BY-ND,https://creativecommons.org/licenses/by-nd/4.0/,"Parnell J., Curtis T. & Cullen E. 2012. Webb’s an Irish Flora. [8th ed.] Cork: Cork University Press.",https://www.corkuniversitypress.com/9781859184783/webbs-an-irish-flora/
wfo-0000972872,Athair lusa,ga,ie,CC BY-ND,https://creativecommons.org/licenses/by-nd/4.0/,"Parnell J., Curtis T. & Cullen E. 2012. Webb’s an Irish Flora. [8th ed.] Cork: Cork University Press.",https://www.corkuniversitypress.com/9781859184783/webbs-an-irish-flora/
wfo-0000313721,Lus beatha,ga,ie,CC BY-ND,https://creativecommons.org/licenses/by-nd/4.0/,"Parnell J., Curtis T. & Cullen E. 2012. Webb’s an Irish Flora. [8th ed.] Cork: Cork University Press.",https://www.corkuniversitypress.com/9781859184783/webbs-an-irish-flora/
wfo-0000222642,Caochneantóg dhearg,ga,ie,CC BY-ND,https://creativecommons.org/licenses/by-nd/4.0/,"Parnell J., Curtis T. & Cullen E. 2012. Webb’s an Irish Flora. [8th ed.] Cork: Cork University Press.",https://www.corkuniversitypress.com/9781859184783/webbs-an-irish-flora/
wfo-0000967942,Ga corca,ga,ie,CC BY-ND,https://creativecommons.org/licenses/by-nd/4.0/,"Parnell J., Curtis T. & Cullen E. 2012. Webb’s an Irish Flora. [8th ed.] Cork: Cork University Press.",https://www.corkuniversitypress.com/9781859184783/webbs-an-irish-flora/
wfo-0000322618,Iúr sléibhe,ga,ie,CC BY-ND,https://creativecommons.org/licenses/by-nd/4.0/,"Parnell J., Curtis T. & Cullen E. 2012. Webb’s an Irish Flora. [8th ed.] Cork: Cork University Press.",https://www.corkuniversitypress.com/9781859184783/webbs-an-irish-flora/
wfo-0000934953,Pyramidal bugle,ga,ie,CC BY-ND,https://creativecommons.org/licenses/by-nd/4.0/,"Parnell J., Curtis T. & Cullen E. 2012. Webb’s an Irish Flora. [8th ed.] Cork: Cork University Press.",https://www.corkuniversitypress.com/9781859184783/webbs-an-irish-flora/
wfo-0001021850,Gafann,ga,ie,CC BY-ND,https://creativecommons.org/licenses/by-nd/4.0/,"Parnell J., Curtis T. & Cullen E. 2012. Webb’s an Irish Flora. [8th ed.] Cork: Cork University Press.",https://www.corkuniversitypress.com/9781859184783/webbs-an-irish-flora/
wfo-0001027661,Fuath gorm,ga,ie,CC BY-ND,https://creativecommons.org/licenses/by-nd/4.0/,"Parnell J., Curtis T. & Cullen E. 2012. Webb’s an Irish Flora. [8th ed.] Cork: Cork University Press.",https://www.corkuniversitypress.com/9781859184783/webbs-an-irish-flora/
wfo-0001027661,Fuath gorm,ga,ie,CC BY-ND,https://creativecommons.org/licenses/by-nd/4.0/,"Parnell J., Curtis T. & Cullen E. 2012. Webb’s an Irish Flora. [8th ed.] Cork: Cork University Press.",https://www.corkuniversitypress.com/9781859184783/webbs-an-irish-flora/
wfo-0000832453,Fuinseog,ga,ie,CC BY-ND,https://creativecommons.org/licenses/by-nd/4.0/,"Parnell J., Curtis T. & Cullen E. 2012. Webb’s an Irish Flora. [8th ed.] Cork: Cork University Press.",https://www.corkuniversitypress.com/9781859184783/webbs-an-irish-flora/
wfo-0000432219,Lus na gcnámh mbriste,ga,ie,CC BY-ND,https://creativecommons.org/licenses/by-nd/4.0/,"Parnell J., Curtis T. & Cullen E. 2012. Webb’s an Irish Flora. [8th ed.] Cork: Cork University Press.",https://www.corkuniversitypress.com/9781859184783/webbs-an-irish-flora/
wfo-0000368197,Lus na sceallaí,ga,ie,CC BY-ND,https://creativecommons.org/licenses/by-nd/4.0/,"Parnell J., Curtis T. & Cullen E. 2012. Webb’s an Irish Flora. [8th ed.] Cork: Cork University Press.",https://www.corkuniversitypress.com/9781859184783/webbs-an-irish-flora/
wfo-0000634152,Teanga chon,ga,ie,CC BY-ND,https://creativecommons.org/licenses/by-nd/4.0/,"Parnell J., Curtis T. & Cullen E. 2012. Webb’s an Irish Flora. [8th ed.] Cork: Cork University Press.",https://www.corkuniversitypress.com/9781859184783/webbs-an-irish-flora/
wfo-0000566247,Dréimire bui,ga,ie,CC BY-ND,https://creativecommons.org/licenses/by-nd/4.0/,"Parnell J., Curtis T. & Cullen E. 2012. Webb’s an Irish Flora. [8th ed.] Cork: Cork University Press.",https://www.corkuniversitypress.com/9781859184783/webbs-an-irish-flora/
wfo-0000593916,Dréimire Mhuire,ga,ie,CC BY-ND,https://creativecommons.org/licenses/by-nd/4.0/,"Parnell J., Curtis T. & Cullen E. 2012. Webb’s an Irish Flora. [8th ed.] Cork: Cork University Press.",https://www.corkuniversitypress.com/9781859184783/webbs-an-irish-flora/
wfo-0000594018,Dréimire beag,ga,ie,CC BY-ND,https://creativecommons.org/licenses/by-nd/4.0/,"Parnell J., Curtis T. & Cullen E. 2012. Webb’s an Irish Flora. [8th ed.] Cork: Cork University Press.",https://www.corkuniversitypress.com/9781859184783/webbs-an-irish-flora/
wfo-0000970562,Boladh cnis,ga,ie,CC BY-ND,https://creativecommons.org/licenses/by-nd/4.0/,"Parnell J., Curtis T. & Cullen E. 2012. Webb’s an Irish Flora. [8th ed.] Cork: Cork University Press.",https://www.corkuniversitypress.com/9781859184783/webbs-an-irish-flora/
wfo-0000968296,Garbhlus,ga,ie,CC BY-ND,https://creativecommons.org/licenses/by-nd/4.0/,"Parnell J., Curtis T. & Cullen E. 2012. Webb’s an Irish Flora. [8th ed.] Cork: Cork University Press.",https://www.corkuniversitypress.com/9781859184783/webbs-an-irish-flora/
wfo-0000482762,Sabhaircín,ga,ie,CC BY-ND,https://creativecommons.org/licenses/by-nd/4.0/,"Parnell J., Curtis T. & Cullen E. 2012. Webb’s an Irish Flora. [8th ed.] Cork: Cork University Press.",https://www.corkuniversitypress.com/9781859184783/webbs-an-irish-flora/
wfo-0000482741,Bainne bó bleachtáin,ga,ie,CC BY-ND,https://creativecommons.org/licenses/by-nd/4.0/,"Parnell J., Curtis T. & Cullen E. 2012. Webb’s an Irish Flora. [8th ed.] Cork: Cork University Press.",https://www.corkuniversitypress.com/9781859184783/webbs-an-irish-flora/
wfo-0000533162,Falcaire fiáin,ga,ie,CC BY-ND,https://creativecommons.org/licenses/by-nd/4.0/,"Parnell J., Curtis T. & Cullen E. 2012. Webb’s an Irish Flora. [8th ed.] Cork: Cork University Press.",https://www.corkuniversitypress.com/9781859184783/webbs-an-irish-flora/
wfo-0000396288,Glasluibh chruinn,ga,ie,CC BY-ND,https://creativecommons.org/licenses/by-nd/4.0/,"Parnell J., Curtis T. & Cullen E. 2012. Webb’s an Irish Flora. [8th ed.] Cork: Cork University Press.",https://www.corkuniversitypress.com/9781859184783/webbs-an-irish-flora/
wfo-0000580837,Fraoch mór,ga,ie,CC BY-ND,https://creativecommons.org/licenses/by-nd/4.0/,"Parnell J., Curtis T. & Cullen E. 2012. Webb’s an Irish Flora. [8th ed.] Cork: Cork University Press.",https://www.corkuniversitypress.com/9781859184783/webbs-an-irish-flora/
wfo-0000636619,Fraoch na haon chois,ga,ie,CC BY-ND,https://creativecommons.org/licenses/by-nd/4.0/,"Parnell J., Curtis T. & Cullen E. 2012. Webb’s an Irish Flora. [8th ed.] Cork: Cork University Press.",https://www.corkuniversitypress.com/9781859184783/webbs-an-irish-flora/
wfo-0000543204,Caithne,ga,ie,CC BY-ND,https://creativecommons.org/licenses/by-nd/4.0/,"Parnell J., Curtis T. & Cullen E. 2012. Webb’s an Irish Flora. [8th ed.] Cork: Cork University Press.",https://www.corkuniversitypress.com/9781859184783/webbs-an-irish-flora/
wfo-0000422209,Fraochán,ga,ie,CC BY-ND,https://creativecommons.org/licenses/by-nd/4.0/,"Parnell J., Curtis T. & Cullen E. 2012. Webb’s an Irish Flora. [8th ed.] Cork: Cork University Press.",https://www.corkuniversitypress.com/9781859184783/webbs-an-irish-flora/
wfo-0000447393,Raideog,ga,ie,CC BY-ND,https://creativecommons.org/licenses/by-nd/4.0/,"Parnell J., Curtis T. & Cullen E. 2012. Webb’s an Irish Flora. [8th ed.] Cork: Cork University Press.",https://www.corkuniversitypress.com/9781859184783/webbs-an-irish-flora/
wfo-0000564998,Laíon na trá,ga,ie,CC BY-ND,https://creativecommons.org/licenses/by-nd/4.0/,"Parnell J., Curtis T. & Cullen E. 2012. Webb’s an Irish Flora. [8th ed.] Cork: Cork University Press.",https://www.corkuniversitypress.com/9781859184783/webbs-an-irish-flora/
wfo-0000946157,Drúchtín móna,ga,ie,CC BY-ND,https://creativecommons.org/licenses/by-nd/4.0/,"Parnell J., Curtis T. & Cullen E. 2012. Webb’s an Irish Flora. [8th ed.] Cork: Cork University Press.",https://www.corkuniversitypress.com/9781859184783/webbs-an-irish-flora/
wfo-0000783754,Feileastram,ga,ie,CC BY-ND,https://creativecommons.org/licenses/by-nd/4.0/,"Parnell J., Curtis T. & Cullen E. 2012. Webb’s an Irish Flora. [8th ed.] Cork: Cork University Press.",https://www.corkuniversitypress.com/9781859184783/webbs-an-irish-flora/
wfo-0000355532,Aiteal,ga,ie,CC BY-ND,https://creativecommons.org/licenses/by-nd/4.0/,"Parnell J., Curtis T. & Cullen E. 2012. Webb’s an Irish Flora. [8th ed.] Cork: Cork University Press.",https://www.corkuniversitypress.com/9781859184783/webbs-an-irish-flora/
wfo-0000408637,Iúr,ga,ie,CC BY-ND,https://creativecommons.org/licenses/by-nd/4.0/,"Parnell J., Curtis T. & Cullen E. 2012. Webb’s an Irish Flora. [8th ed.] Cork: Cork University Press.",https://www.corkuniversitypress.com/9781859184783/webbs-an-irish-flora/
wfo-0001109358,Fionnacha ladhrach,ga,ie,CC BY-ND,https://creativecommons.org/licenses/by-nd/4.0/,"Parnell J., Curtis T. & Cullen E. 2012. Webb’s an Irish Flora. [8th ed.] Cork: Cork University Press.",https://www.corkuniversitypress.com/9781859184783/webbs-an-irish-flora/
wfo-0001225452,Fionnacha lansac,ga,ie,CC BY-ND,https://creativecommons.org/licenses/by-nd/4.0/,"Parnell J., Curtis T. & Cullen E. 2012. Webb’s an Irish Flora. [8th ed.] Cork: Cork University Press.",https://www.corkuniversitypress.com/9781859184783/webbs-an-irish-flora/
wfo-0001110391,Creamh na muice fia,ga,ie,CC BY-ND,https://creativecommons.org/licenses/by-nd/4.0/,"Parnell J., Curtis T. & Cullen E. 2012. Webb’s an Irish Flora. [8th ed.] Cork: Cork University Press.",https://www.corkuniversitypress.com/9781859184783/webbs-an-irish-flora/
wfo-0001109141,Raithneach aolchloiche,ga,ie,CC BY-ND,https://creativecommons.org/licenses/by-nd/4.0/,"Parnell J., Curtis T. & Cullen E. 2012. Webb’s an Irish Flora. [8th ed.] Cork: Cork University Press.",https://www.corkuniversitypress.com/9781859184783/webbs-an-irish-flora/
wfo-0000769953,Liach mhóna,ga,ie,CC BY-ND,https://creativecommons.org/licenses/by-nd/4.0/,"Parnell J., Curtis T. & Cullen E. 2012. Webb’s an Irish Flora. [8th ed.] Cork: Cork University Press.",https://www.corkuniversitypress.com/9781859184783/webbs-an-irish-flora/
wfo-0000771226,Líobhógach dlúth,ga,ie,CC BY-ND,https://creativecommons.org/licenses/by-nd/4.0/,"Parnell J., Curtis T. & Cullen E. 2012. Webb’s an Irish Flora. [8th ed.] Cork: Cork University Press.",https://www.corkuniversitypress.com/9781859184783/webbs-an-irish-flora/
wfo-0000441933,Cabhair Mhuire,ga,ie,CC BY-ND,https://creativecommons.org/licenses/by-nd/4.0/,"Parnell J., Curtis T. & Cullen E. 2012. Webb’s an Irish Flora. [8th ed.] Cork: Cork University Press.",https://www.corkuniversitypress.com/9781859184783/webbs-an-irish-flora/
wfo-0000440478,Coireán coilleach,ga,ie,CC BY-ND,https://creativecommons.org/licenses/by-nd/4.0/,"Parnell J., Curtis T. & Cullen E. 2012. Webb’s an Irish Flora. [8th ed.] Cork: Cork University Press.",https://www.corkuniversitypress.com/9781859184783/webbs-an-irish-flora/
wfo-0000436325,Fliodh,ga,ie,CC BY-ND,https://creativecommons.org/licenses/by-nd/4.0/,"Parnell J., Curtis T. & Cullen E. 2012. Webb’s an Irish Flora. [8th ed.] Cork: Cork University Press.",https://www.corkuniversitypress.com/9781859184783/webbs-an-irish-flora/
wfo-0000436323,Tusarraing mhór,ga,ie,CC BY-ND,https://creativecommons.org/licenses/by-nd/4.0/,"Parnell J., Curtis T. & Cullen E. 2012. Webb’s an Irish Flora. [8th ed.] Cork: Cork University Press.",https://www.corkuniversitypress.com/9781859184783/webbs-an-irish-flora/
wfo-0000545685,Gaineamhlus gaelach,ga,ie,CC BY-ND,https://creativecommons.org/licenses/by-nd/4.0/,"Parnell J., Curtis T. & Cullen E. 2012. Webb’s an Irish Flora. [8th ed.] Cork: Cork University Press.",https://www.corkuniversitypress.com/9781859184783/webbs-an-irish-flora/
wfo-4000018759,Luibh Eoin Bhaiste,ga,ie,CC BY-ND,https://creativecommons.org/licenses/by-nd/4.0/,"Parnell J., Curtis T. & Cullen E. 2012. Webb’s an Irish Flora. [8th ed.] Cork: Cork University Press.",https://www.corkuniversitypress.com/9781859184783/webbs-an-irish-flora/
wfo-0001295682,Beathnua gaelach,ga,ie,CC BY-ND,https://creativecommons.org/licenses/by-nd/4.0/,"Parnell J., Curtis T. & Cullen E. 2012. Webb’s an Irish Flora. [8th ed.] Cork: Cork University Press.",https://www.corkuniversitypress.com/9781859184783/webbs-an-irish-flora/
wfo-0000727741,Lus an fhógra,ga,ie,CC BY-ND,https://creativecommons.org/licenses/by-nd/4.0/,"Parnell J., Curtis T. & Cullen E. 2012. Webb’s an Irish Flora. [8th ed.] Cork: Cork University Press.",https://www.corkuniversitypress.com/9781859184783/webbs-an-irish-flora/
wfo-0000727341,Meas torc alta,ga,ie,CC BY-ND,https://creativecommons.org/licenses/by-nd/4.0/,"Parnell J., Curtis T. & Cullen E. 2012. Webb’s an Irish Flora. [8th ed.] Cork: Cork University Press.",https://www.corkuniversitypress.com/9781859184783/webbs-an-irish-flora/
wfo-0000829212,Cuaichín caol,ga,ie,CC BY-ND,https://creativecommons.org/licenses/by-nd/4.0/,"Parnell J., Curtis T. & Cullen E. 2012. Webb’s an Irish Flora. [8th ed.] Cork: Cork University Press.",https://www.corkuniversitypress.com/9781859184783/webbs-an-irish-flora/
wfo-0000313409,Cúilín gaelach,ga,ie,CC BY-ND,https://creativecommons.org/licenses/by-nd/4.0/,"Parnell J., Curtis T. & Cullen E. 2012. Webb’s an Irish Flora. [8th ed.] Cork: Cork University Press.",https://www.corkuniversitypress.com/9781859184783/webbs-an-irish-flora/
wfo-0000284199,Magairlín bán,ga,ie,CC BY-ND,https://creativecommons.org/licenses/by-nd/4.0/,"Parnell J., Curtis T. & Cullen E. 2012. Webb’s an Irish Flora. [8th ed.] Cork: Cork University Press.",https://www.corkuniversitypress.com/9781859184783/webbs-an-irish-flora/
wfo-0000979153,Magairlín na móna,ga,ie,CC BY-ND,https://creativecommons.org/licenses/by-nd/4.0/,"Parnell J., Curtis T. & Cullen E. 2012. Webb’s an Irish Flora. [8th ed.] Cork: Cork University Press.",https://www.corkuniversitypress.com/9781859184783/webbs-an-irish-flora/
wfo-0000489910,Biorphiobar,ga,ie,CC BY-ND,https://creativecommons.org/licenses/by-nd/4.0/,"Parnell J., Curtis T. & Cullen E. 2012. Webb’s an Irish Flora. [8th ed.] Cork: Cork University Press.",https://www.corkuniversitypress.com/9781859184783/webbs-an-irish-flora/
wfo-0000489142,Glúineach dhearg,ga,ie,CC BY-ND,https://creativecommons.org/licenses/by-nd/4.0/,"Parnell J., Curtis T. & Cullen E. 2012. Webb’s an Irish Flora. [8th ed.] Cork: Cork University Press.",https://www.corkuniversitypress.com/9781859184783/webbs-an-irish-flora/
wfo-0000489398,Glúineach shléibhe,ga,ie,CC BY-ND,https://creativecommons.org/licenses/by-nd/4.0/,"Parnell J., Curtis T. & Cullen E. 2012. Webb’s an Irish Flora. [8th ed.] Cork: Cork University Press.",https://www.corkuniversitypress.com/9781859184783/webbs-an-irish-flora/
wfo-0000403586,Samhadh caorach,ga,ie,CC BY-ND,https://creativecommons.org/licenses/by-nd/4.0/,"Parnell J., Curtis T. & Cullen E. 2012. Webb’s an Irish Flora. [8th ed.] Cork: Cork University Press.",https://www.corkuniversitypress.com/9781859184783/webbs-an-irish-flora/
wfo-0000403595,Samhadh,ga,ie,CC BY-ND,https://creativecommons.org/licenses/by-nd/4.0/,"Parnell J., Curtis T. & Cullen E. 2012. Webb’s an Irish Flora. [8th ed.] Cork: Cork University Press.",https://www.corkuniversitypress.com/9781859184783/webbs-an-irish-flora/
wfo-0000403904,Copóg shráide,ga,ie,CC BY-ND,https://creativecommons.org/licenses/by-nd/4.0/,"Parnell J., Curtis T. & Cullen E. 2012. Webb’s an Irish Flora. [8th ed.] Cork: Cork University Press.",https://www.corkuniversitypress.com/9781859184783/webbs-an-irish-flora/
wfo-0000549005,Rabhán,ga,ie,CC BY-ND,https://creativecommons.org/licenses/by-nd/4.0/,"Parnell J., Curtis T. & Cullen E. 2012. Webb’s an Irish Flora. [8th ed.] Cork: Cork University Press.",https://www.corkuniversitypress.com/9781859184783/webbs-an-irish-flora/
wfo-0000380295,Biolar mion,ga,ie,CC BY-ND,https://creativecommons.org/licenses/by-nd/4.0/,"Parnell J., Curtis T. & Cullen E. 2012. Webb’s an Irish Flora. [8th ed.] Cork: Cork University Press.",https://www.corkuniversitypress.com/9781859184783/webbs-an-irish-flora/
wfo-0000587355,Biolar gréagáin,ga,ie,CC BY-ND,https://creativecommons.org/licenses/by-nd/4.0/,"Parnell J., Curtis T. & Cullen E. 2012. Webb’s an Irish Flora. [8th ed.] Cork: Cork University Press.",https://www.corkuniversitypress.com/9781859184783/webbs-an-irish-flora/
wfo-0000586999,Searbh-biolar caol,ga,ie,CC BY-ND,https://creativecommons.org/licenses/by-nd/4.0/,"Parnell J., Curtis T. & Cullen E. 2012. Webb’s an Irish Flora. [8th ed.] Cork: Cork University Press.",https://www.corkuniversitypress.com/9781859184783/webbs-an-irish-flora/
wfo-0000542657,Gas caillí Artach,ga,ie,CC BY-ND,https://creativecommons.org/licenses/by-nd/4.0/,"Parnell J., Curtis T. & Cullen E. 2012. Webb’s an Irish Flora. [8th ed.] Cork: Cork University Press.",https://www.corkuniversitypress.com/9781859184783/webbs-an-irish-flora/
wfo-0000432651,Praiseach bhuí,ga,ie,CC BY-ND,https://creativecommons.org/licenses/by-nd/4.0/,"Parnell J., Curtis T. & Cullen E. 2012. Webb’s an Irish Flora. [8th ed.] Cork: Cork University Press.",https://www.corkuniversitypress.com/9781859184783/webbs-an-irish-flora/
wfo-0000717621,Grianrós,ga,ie,CC BY-ND,https://creativecommons.org/licenses/by-nd/4.0/,"Parnell J., Curtis T. & Cullen E. 2012. Webb’s an Irish Flora. [8th ed.] Cork: Cork University Press.",https://www.corkuniversitypress.com/9781859184783/webbs-an-irish-flora/
wfo-0000443684,Hocas ard,ga,ie,CC BY-ND,https://creativecommons.org/licenses/by-nd/4.0/,"Parnell J., Curtis T. & Cullen E. 2012. Webb’s an Irish Flora. [8th ed.] Cork: Cork University Press.",https://www.corkuniversitypress.com/9781859184783/webbs-an-irish-flora/
wfo-0000462704,Buí mór,ga,ie,CC BY-ND,https://creativecommons.org/licenses/by-nd/4.0/,"Parnell J., Curtis T. & Cullen E. 2012. Webb’s an Irish Flora. [8th ed.] Cork: Cork University Press.",https://www.corkuniversitypress.com/9781859184783/webbs-an-irish-flora/
wfo-0000514908,Seiceamóir,ga,ie,CC BY-ND,https://creativecommons.org/licenses/by-nd/4.0/,"Parnell J., Curtis T. & Cullen E. 2012. Webb’s an Irish Flora. [8th ed.] Cork: Cork University Press.",https://www.corkuniversitypress.com/9781859184783/webbs-an-irish-flora/
wfo-0000605657,Fuinseagach,ga,ie,CC BY-ND,https://creativecommons.org/licenses/by-nd/4.0/,"Parnell J., Curtis T. & Cullen E. 2012. Webb’s an Irish Flora. [8th ed.] Cork: Cork University Press.",https://www.corkuniversitypress.com/9781859184783/webbs-an-irish-flora/
wfo-0000668718,Saileachán sléibhe,ga,ie,CC BY-ND,https://creativecommons.org/licenses/by-nd/4.0/,"Parnell J., Curtis T. & Cullen E. 2012. Webb’s an Irish Flora. [8th ed.] Cork: Cork University Press.",https://www.corkuniversitypress.com/9781859184783/webbs-an-irish-flora/
wfo-0000366878,Créachtach,ga,ie,CC BY-ND,https://creativecommons.org/licenses/by-nd/4.0/,"Parnell J., Curtis T. & Cullen E. 2012. Webb’s an Irish Flora. [8th ed.] Cork: Cork University Press.",https://www.corkuniversitypress.com/9781859184783/webbs-an-irish-flora/
wfo-0000387238,Seamsóg,ga,ie,CC BY-ND,https://creativecommons.org/licenses/by-nd/4.0/,"Parnell J., Curtis T. & Cullen E. 2012. Webb’s an Irish Flora. [8th ed.] Cork: Cork University Press.",https://www.corkuniversitypress.com/9781859184783/webbs-an-irish-flora/
