taxonID,vernacularName,identifier,,,,,,,,,,,,,,,,,
wfo-0000268927,Azota-cabeza Chalde,057c743f-a31d-4296-b0a9-4057884ff72b,,,,,,,,,,,,,,2012-10-31,Bob Magill,,2012-10-31
wfo-0000269101,Bejuco Deshinchador,7c60fbd1-43e7-4934-ae96-3274d4ae09b1,,,,,,,,,,,,,,2012-10-31,Bob Magill,,2012-10-31
wfo-0000268671,Cinchadora,f6e3792e-b09b-44c4-87bc-97bf95c33cba,,,,,,,,,,,,,,2012-10-31,Bob Magill,,2012-10-31
wfo-0000586340,Spanish Moss,da960c60-3fef-4c28-a994-6449b277f5e8,,,,,,,,,,,,,,2012-10-31,Bob Magill,,2012-10-31
wfo-0000341882,Piro,d5dbe184-8f34-4894-842e-aaf513ecd943,,,,,,,,,,,,,,2012-10-31,Bob Magill,,2012-10-31
wfo-0000337762,Pita Pinuela,6b4b5cda-c837-4837-8ccc-e5324291498e,,,,,,,,,,,,,,2012-10-31,Bob Magill,,2012-10-31
wfo-0000339432,Pifia Pine,7a84e038-5f63-48d6-a014-555380252574,,,,,,,,,,,,,,2012-10-31,Bob Magill,,2012-10-31
wfo-0000339432,Pineapple,a604b0e9-a554-4115-96a8-9be20ff57cd5,,,,,,,,,,,,,,2012-10-31,Bob Magill,,2012-10-31
wfo-0000358770,Codillo,bfa2fd32-15fb-4cc6-b32e-e95a58693d55,,,,,,,,,,,,,,2012-10-31,Bob Magill,,2012-10-31
wfo-0000343653,Conyotura Cafa de Cristo,2cd629e6-1a5d-41df-bb5a-20814949d95a,,,,,,,,,,,,,,2012-10-31,Bob Magill,,2012-10-31
wfo-0000343653,Cafiutillo,ec4174c1-a172-42e2-ae1e-40660dce9306,,,,,,,,,,,,,,2012-10-31,Bob Magill,,2012-10-31
wfo-0000615515,Wandering Jew Hoja de milagro,78bed89e-0a22-4844-914b-4b2412f37c2a,,,,,,,,,,,,,,2012-11-01,Bob Magill,,2012-11-01
wfo-0000615515,Cafiutillo,8abb503d-6015-450e-927e-0ab18c1546dd,,,,,,,,,,,,,,2012-11-01,Bob Magill,,2012-11-01
wfo-0000500933,Pickerel-weed,7ed35079-c088-45f5-b95f-0e32183d92a1,,,,,,,,,,,,,,2012-11-01,Bob Magill,,2012-11-01
wfo-0000465160,Aguacate Avocado,a9fa2b0e-bf7c-4f30-ae91-8c2c2ffda070,,,,,,,,,,,,,,2012-11-12,Bob Magill,,2012-11-12
wfo-0000465160,Alligator Pear,c7451479-d515-4a97-beca-f87c21a6f362,,,,,,,,,,,,,,2012-11-12,Bob Magill,,2012-11-12
wfo-0000465851,Guatemala Avocado,65a01204-4054-4363-b8de-5a1c27884feb,,,,,,,,,,,,,,2012-11-12,Bob Magill,,2012-11-12
wfo-0000465836,Timber Sweetwood Pizarrad,2157bac5-79a0-48a0-97c2-247af91f9ddc,,,,,,,,,,,,,,2012-11-12,Bob Magill,,2012-11-12
wfo-0001070879,Sweetwood Yaya,2213ce18-f88e-4fdd-acb4-7e9ef5f1dd6e,,,,,,,,,,,,,,2012-11-12,Bob Magill,,2012-11-12
wfo-0001070885,Sigua amarilla,a9263d3e-8b7b-4abb-b076-d507b34f49c0,,,,,,,,,,,,,,2012-11-12,Bob Magill,,2012-11-12
wfo-0001070594,Aguacaton,04a6a78b-4725-411c-93a9-bca041101f43,,,,,,,,,,,,,,2012-11-12,Bob Magill,,2012-11-12
wfo-0001070890,Sigi,010c1251-841f-46bc-a0ea-bce47a29e70d,,,,,,,,,,,,,,2012-11-12,Bob Magill,,2012-11-12
wfo-0000382985,Quizarra,b762db14-015d-4244-b206-b2d81fe16938,,,,,,,,,,,,,,2012-11-12,Bob Magill,,2012-11-12
wfo-0000382934,Sigua Canela,d053ef1e-c6dd-4ca4-8529-f46e157d988a,,,,,,,,,,,,,,2012-11-12,Bob Magill,,2012-11-12
wfo-0000383076,Sigua Sigma amarillo,204833cb-4575-4601-b52b-f2d18d4944cd,,,,,,,,,,,,,,2012-11-12,Bob Magill,,2012-11-12
wfo-0000379197,Sweetwood Sigua,6c5622ab-3bf0-4e59-946f-4af6808aed87,,,,,,,,,,,,,,2012-11-12,Bob Magill,,2012-11-12
wfo-0000381683,Signa blanca,7d186e52-1680-4634-93ff-b0da27c02738,,,,,,,,,,,,,,2012-11-12,Bob Magill,,2012-11-12
wfo-0000379202,Rock Sweet- wood,01f8ac54-9850-4200-93f5-878f3e6491a2,,,,,,,,,,,,,,2012-11-12,Bob Magill,,2012-11-12
wfo-0000381654,Sigua,80588122-15e2-422f-a26b-2ee0e9c1d892,,,,,,,,,,,,,,2012-11-12,Bob Magill,,2012-11-12
wfo-0000381703,Bambito,e75f1cd1-47cc-45dc-bcca-2317bc76d2eb,,,,,,,,,,,,,,2012-11-12,Bob Magill,,2012-11-12
wfo-0000381672,Sweetwood.,45e360bd-1723-4b40-b3eb-d5430901ba58,,,,,,,,,,,,,,2012-11-12,Bob Magill,,2012-11-12
wfo-0001070845,Siguaton,920abc0e-f004-4a51-b58a-ce507be5ac2d,,,,,,,,,,,,,,2012-11-12,Bob Magill,,2012-11-12
wfo-0000720600,cebo macho cebo burro,dd0ad948-e296-443c-b4e2-3c777be42823,,,,,,,,,,,,,,2012-11-12,Bob Magill,,2012-11-12
wfo-0000983565,Black Raspberry,bd6e688d-b7aa-4ca1-b053-b3a0aef928c2,,,,,,,,,,,,,,2012-11-13,Bob Magill,,2012-11-13
wfo-0000179713,rain tree,8c35b830-0735-4e27-b711-efff22bc4942,,,,,,,,,,,,,,2012-11-15,Bob Magill,,2012-11-15
wfo-0000184271,woman's tongue,031040ca-42ea-439a-93e3-d063e485bc96,,,,,,,,,,,,,,2012-11-15,Bob Magill,,2012-11-15
wfo-0000479840,guate-guate camacarlata,55eb8574-5aa0-4613-ac43-5528355607d4,,,,,,,,,,,,,,2012-11-28,Bob Magill,,2012-11-28
wfo-0000479840,calzoncillo,1b7871ed-cabd-4be9-9439-a2c070d7c1b5,,,,,,,,,,,,,,2012-11-28,Bob Magill,,2012-11-28
wfo-0000482100,guate-guate Pasionaria,d9d24d6f-f490-4b3b-8ae0-312fce0d1ccf,,,,,,,,,,,,,,2012-11-28,Bob Magill,,2012-11-28
wfo-0000355851,papaya papaya de monte,4a765d96-a4f3-4ece-8ea9-3a0636276aee,,,,,,,,,,,,,,2012-11-29,Bob Magill,,2012-11-29
wfo-0000355851,papayillo palo de barril,3bf65ca2-d34f-4bca-aedc-4d99d6ab173a,,,,,,,,,,,,,,2012-11-29,Bob Magill,,2012-11-29
wfo-4000006717,papaya,7e598dd3-bbc1-4e28-ac63-4a20844ec1d4,,,,,,,,,,,,,,2012-11-29,Bob Magill,,2012-11-29
wfo-0000825619,water begonia,1b5d8ab9-ed27-4805-b591-995c29c594e5,,,,,,,,,,,,,,2012-11-29,Bob Magill,,2012-11-29
wfo-0000519897,fruta de pavo,3b9b801b-236a-478b-80c9-91bba6bda490,,,,,,,,,,,,,,2012-12-18,Bob Magill,,2012-12-18
wfo-0000775526,palo de muerte,ee059650-43eb-4493-8319-bf787bb1d0de,,,,,,,,,,,,,,2012-12-18,Bob Magill,,2012-12-18
wfo-0000775431,jaguey membrillo,b8d061c3-d97f-4019-8bda-d944a1d6f6ba,,,,,,,,,,,,,,2012-12-18,Bob Magill,,2012-12-18
wfo-4000009512,Cannon-ball Tree,2d071ade-bc97-41cc-8c2e-71251f38d884,,,,,,,,,,,,,,2012-12-18,Bob Magill,,2012-12-18
wfo-0000775205,mata cansada,552ff877-d14b-473f-8f2e-fb5394617132,,,,,,,,,,,,,,2012-12-18,Bob Magill,,2012-12-18
wfo-0000318809,pomarosa Rose apple,ef039e4d-4238-47d9-9887-1e45aa7cf613,,,,,,,,,,,,,,2012-12-19,Bob Magill,,2012-12-19
wfo-0000318809,Malabar plum Plum rose,a38ed182-d49b-46c8-88ce-d88429e47930,,,,,,,,,,,,,,2012-12-19,Bob Magill,,2012-12-19
wfo-0000959411,Surinam Cherry,063c9989-4e56-4e56-a6e0-cff059d738e8,,,,,,,,,,,,,,2012-12-19,Bob Magill,,2012-12-19
wfo-0000956536,coralillo,d2b3c87c-dfa7-4bb0-9905-c1576ba2b00e,,,,,,,,,,,,,,2012-12-19,Bob Magill,,2012-12-19
wfo-0000958284,guayabillo,cec70a05-9763-4ac3-9db0-f8553882df53,,,,,,,,,,,,,,2012-12-19,Bob Magill,,2012-12-19
wfo-0000956874,guayabito de monte,51067d17-7b71-4d9e-9f63-e77c4861939c,,,,,,,,,,,,,,2012-12-19,Bob Magill,,2012-12-19
wfo-0000958362,sequarra,348dcc06-655a-4044-aea6-9149c19c5bd9,,,,,,,,,,,,,,2012-12-19,Bob Magill,,2012-12-19
wfo-0000956225,paico,09f16e28-2ae7-4d38-8629-046cb9c83cc5,,,,,,,,,,,,,,2012-12-19,Bob Magill,,2012-12-19
wfo-0000956814,cacique,40d3fc2a-f0a8-44c2-b5c1-f778f5a7cdae,,,,,,,,,,,,,,2012-12-19,Bob Magill,,2012-12-19
wfo-0000958400,icaquillo sortija,cb0dd3bf-443e-4940-b9e8-68977f30c71d,,,,,,,,,,,,,,2012-12-19,Bob Magill,,2012-12-19
wfo-0000284611,guayabito arrayan guayabito del Peru,37f06205-2dd3-4102-b1e6-a00c7b0920a8,,,,,,,,,,,,,,2012-12-19,Bob Magill,,2012-12-19
wfo-0000284613,arrayan guayabillo,be1078a8-5ac6-4ae3-a29c-b0a4f6cb8531,,,,,,,,,,,,,,2012-12-19,Bob Magill,,2012-12-19
wfo-0000284404,guayaba de agua,f7f1697d-e644-4b72-be55-7e9548e74f43,,,,,,,,,,,,,,2012-12-19,Bob Magill,,2012-12-19
wfo-0000284421,guava,e9ac9108-cc0f-4705-87e3-ec5a5f8aa544,,,,,,,,,,,,,,2012-12-19,Bob Magill,,2012-12-19
wfo-0000284428,guayabita guayaba arraydn,ea2d71d7-36ba-4b87-92d3-3dde220ce315,,,,,,,,,,,,,,2012-12-19,Bob Magill,,2012-12-19
wfo-0000284428,guayaba de sabana,c6214d26-35ad-48c9-8d6a-a391f1dae3f6,,,,,,,,,,,,,,2012-12-19,Bob Magill,,2012-12-19
wfo-0000536042,Anisillo dill,0027de9e-f3d5-407f-adf1-598f0d9435d1,,,,,,,,,,,,,,2013-01-11,Bob Magill,,2013-01-11
wfo-0000717132,naranjillo colorado,a7bad493-e2a0-45a8-ac84-721b5ee1c869,,,,,,,,,,,,,,2013-01-14,Bob Magill,,2013-01-14
wfo-0000403671,lengua de vaca lengua de caballo,40ca4d26-8932-44d1-a71b-d7c0a8b9f419,,,,,,,,,,,,,,2013-01-14,Bob Magill,,2013-01-14
wfo-0000488361,chilillo chilillo de clucho,21986b59-c45c-451b-afca-c27cc7770d5a,,,,,,,,,,,,,,2013-01-14,Bob Magill,,2013-01-14
wfo-0001101131,lechuga de agua chilillo,96f81c80-55c7-4dd7-b336-55f90190146f,,,,,,,,,,,,,,2013-01-14,Bob Magill,,2013-01-14
wfo-0000538920,confederate vine,2c350409-dc98-4822-86b9-495010a703e4,,,,,,,,,,,,,,2013-01-14,Bob Magill,,2013-01-14
wfo-0000613177,uvero,b03d5afc-c2c6-4602-a4a3-c50b7f9c92aa,,,,,,,,,,,,,,2013-01-14,Bob Magill,,2013-01-14
wfo-0000613271,Papaturra blanca Pefia blanca,58f6f496-0467-4815-adb6-5e8b14d3fe7c,,,,,,,,,,,,,,2013-01-14,Bob Magill,,2013-01-14
wfo-0000613437,sea grape,2042173f-9d24-4b65-ad2d-c960d379401a,,,,,,,,,,,,,,2013-01-14,Bob Magill,,2013-01-14
wfo-0000613209,Hueso,2b9ad24b-5432-47ce-853e-d86b271c2b11,,,,,,,,,,,,,,2013-01-14,Bob Magill,,2013-01-14
wfo-0000613036,ubero papaturro blanco,ba8160cf-e27c-49ec-b606-a360a0f3d6f8,,,,,,,,,,,,,,2013-01-14,Bob Magill,,2013-01-14
wfo-0001236621,Mora morillo,bb3a8c53-51c3-45de-971e-b840920b0e4f,,,,,,,,,,,,,,2013-01-17,Bob Magill,,2013-01-17
wfo-0001236621,macano fustic,1cf6c9c8-1b73-470e-b0be-44fa52cb5e15,,,,,,,,,,,,,,2013-01-17,Bob Magill,,2013-01-17
wfo-0000456065,Ojoche macho lechosa,74868541-c48b-44d8-bc09-ddc98f4cda38,,,,,,,,,,,,,,2013-01-17,Bob Magill,,2013-01-17
wfo-0000456065,ram6n gallote,77cb83af-8cee-499e-8b96-0db3f20ac4a9,,,,,,,,,,,,,,2013-01-17,Bob Magill,,2013-01-17
wfo-0000456065,morillo breadnut,c168c42c-8baa-4f8d-937f-b910256a7e8d,,,,,,,,,,,,,,2013-01-17,Bob Magill,,2013-01-17
wfo-0000572451,cow tree palo de vaca,943a2a36-0683-4334-bbb4-2bb2714694c5,,,,,,,,,,,,,,2013-01-22,Bob Magill,,2013-01-22
wfo-0000589992,Ule-ule hule,d0818f7e-3d08-4ce2-8307-97e6406928a0,,,,,,,,,,,,,,2013-01-22,Bob Magill,,2013-01-22
wfo-0000589992,caucho mastate blanco,79ee4278-d71d-49b0-b0bc-bd775e518b67,,,,,,,,,,,,,,2013-01-22,Bob Magill,,2013-01-22
wfo-0000689689,Mata palo,73f32f91-acf7-43bd-a8ac-cebc22f5769a,,,,,,,,,,,,,,2013-01-22,Bob Magill,,2013-01-22
wfo-0000689703,Mata palo higuito,739e5941-adab-4df2-94f0-3f5eafddb93f,,,,,,,,,,,,,,2013-01-22,Bob Magill,,2013-01-22
wfo-0000483167,aguacatia,a488da46-440f-461d-9df8-ded31e869e37,,,,,,,,,,,,,,2013-01-22,Bob Magill,,2013-01-22
wfo-0000593019,mnoio san jose,e7988585-bf3c-4a1f-9b61-9c9b05fe191e,,,,,,,,,,,,,,2013-01-25,Bob Magill,,2013-01-25
wfo-0000593019,cresta de gallo amor seco,3d037868-4747-47e2-976c-63d4dd390a32,,,,,,,,,,,,,,2013-01-25,Bob Magill,,2013-01-25
wfo-0000593019,mano de le'n for de mano,2020e4d3-3fb3-4d17-a309-1f86064401c8,,,,,,,,,,,,,,2013-01-25,Bob Magill,,2013-01-25
wfo-0000593019,amaranto boria,96074559-eba4-4376-bc70-943ef8f7de63,,,,,,,,,,,,,,2013-01-25,Bob Magill,,2013-01-25
wfo-0000530552,bledo calaii,26847b1a-d9a0-4797-b15a-d244bcc54b4c,,,,,,,,,,,,,,2013-01-25,Bob Magill,,2013-01-25
wfo-0000530168,abanico chino calalu,f5e8cbef-c78c-44b0-9e07-243d0f6b2453,,,,,,,,,,,,,,2013-01-25,Bob Magill,,2013-01-25
wfo-0000530192,bledo calalu,80393ba1-8b87-4717-aa2f-450662ffa492,,,,,,,,,,,,,,2013-01-25,Bob Magill,,2013-01-25
wfo-0000530251,quintoniles calete,feca4463-d197-49ea-a782-6f8e4baec7e8,,,,,,,,,,,,,,2013-01-25,Bob Magill,,2013-01-25
wfo-0000530251,ses huisquilete,882a01bb-5804-4d3d-9729-77b0d535d2d7,,,,,,,,,,,,,,2013-01-25,Bob Magill,,2013-01-25
wfo-0000530251,quiec tes bledo,4a17f844-784e-4935-9dd8-3c5f47b7306e,,,,,,,,,,,,,,2013-01-25,Bob Magill,,2013-01-25
wfo-0000530251,xtez quelite,c11c4ba9-4569-4f8a-b6b3-902d3f64c8ae,,,,,,,,,,,,,,2013-01-25,Bob Magill,,2013-01-25
wfo-0000530251,huisquelite,1bca039b-20e5-48d5-afa1-93719407f669,,,,,,,,,,,,,,2013-01-25,Bob Magill,,2013-01-25
wfo-0000530495,xtez kix-xtez,a1aa7255-707a-4319-b03b-fd92c8e54062,,,,,,,,,,,,,,2013-01-25,Bob Magill,,2013-01-25
wfo-0000530495,huisquelite bledo macho,5b394350-d8b8-43a2-bb0d-272f83241d63,,,,,,,,,,,,,,2013-01-25,Bob Magill,,2013-01-25
wfo-0000530495,ixtez tsetz,ad91b8c5-2890-4c9f-a6e7-c796886d1f34,,,,,,,,,,,,,,2013-01-25,Bob Magill,,2013-01-25
wfo-0000530495,labtzetz nigua,f12a4eb2-0e4b-45d1-8c6e-d2b029b5f674,,,,,,,,,,,,,,2013-01-25,Bob Magill,,2013-01-25
wfo-0000516177,zacpaiche zorillo blanco,945119ae-dba5-466b-9dad-d830b2abc7b6,,,,,,,,,,,,,,2013-01-28,Bob Magill,,2013-01-28
wfo-0000516177,abrojo mozote,3ef7c03b-47aa-4e5d-bf4a-35cd2ad5749a,,,,,,,,,,,,,,2013-01-28,Bob Magill,,2013-01-28
wfo-0000516177,mozotillo rabo de chanco,9513aa28-37d8-4dbb-9809-07c2aecf01b3,,,,,,,,,,,,,,2013-01-28,Bob Magill,,2013-01-28
wfo-0000516177,cola de armado penegato,817715b6-e2dd-4201-bd28-1250b863660f,,,,,,,,,,,,,,2013-01-28,Bob Magill,,2013-01-28
wfo-0000516177,pije de gato chile de perro,c03a5eb3-e517-4fcf-bcb1-f69852b3c524,,,,,,,,,,,,,,2013-01-28,Bob Magill,,2013-01-28
wfo-0000631165,cola de armado mozote,1d78cb5f-dec8-4bbc-a989-7d8744d325e0,,,,,,,,,,,,,,2013-01-28,Bob Magill,,2013-01-28
wfo-0000705933,botoncillo sangrinaria,9d7c9e5c-66eb-4a71-a8c5-64e2dab96506,,,,,,,,,,,,,,2013-01-28,Bob Magill,,2013-01-28
wfo-0000705933,sanguinaria siempreviva,5f28584d-3fc0-4ee0-b833-5127ed320d90,,,,,,,,,,,,,,2013-01-28,Bob Magill,,2013-01-28
wfo-0000705933,sienmprevliva de monte chacmol,be5ca742-3126-4e28-9215-b4d083f3d8f9,,,,,,,,,,,,,,2013-01-28,Bob Magill,,2013-01-28
wfo-0000705933,tmuutl amor seco,16e6c0b5-072d-4cc9-a986-dbb8c06ef916,,,,,,,,,,,,,,2013-01-28,Bob Magill,,2013-01-28
wfo-0000705933,secicante,dcc948d1-21bd-43e8-aeb3-2c25a4ed6f20,,,,,,,,,,,,,,2013-01-28,Bob Magill,,2013-01-28
wfo-0000481950,Garlic-weed Obeah-bush,f690bb86-35ee-44a4-9244-522952549cce,,,,,,,,,,,,,,2013-01-28,Bob Magill,,2013-01-28
wfo-0000481950,Anomu Guinea-hen weed,380fe66e-751b-4a2c-bbbf-298a1bf34317,,,,,,,,,,,,,,2013-01-28,Bob Magill,,2013-01-28
wfo-0000481925,jaboncillo,6d3c07a6-c8ff-45a6-895d-2989b3fa6888,,,,,,,,,,,,,,2013-01-28,Bob Magill,,2013-01-28
wfo-0000482093,jaboncillo,c6406494-84f1-4214-b27e-d9223a7b9621,,,,,,,,,,,,,,2013-01-28,Bob Magill,,2013-01-28
wfo-0000481924,jaboncilla,6d1d7093-961f-4fe5-a49f-6e893817f77e,,,,,,,,,,,,,,2013-01-28,Bob Magill,,2013-01-28
wfo-0000458441,pataste cu-lu-hu,2e3fb9e6-2370-4c8a-84e2-b09eb4e50391,,,,,,,,,,,,,,2013-01-29,Bob Magill,,2013-01-29
wfo-0001140700,cacao cimarro'n chocolatillo,fd42e43f-86b5-4492-953e-535c5896cee1,,,,,,,,,,,,,,2013-01-29,Bob Magill,,2013-01-29
wfo-0000577107,espino hueco zarza,7a9a703c-cef3-43c1-9da1-c10e665a5f7d,,,,,,,,,,,,,,2013-01-29,Bob Magill,,2013-01-29
wfo-0000577107,rabo de iguana ranrgay,3edf6cbb-24ae-4255-86b3-8bb8c4d2963c,,,,,,,,,,,,,,2013-01-29,Bob Magill,,2013-01-29
wfo-0000397219,barrigo'n,41394e56-b294-4f89-b5eb-aef0afc7ca46,,,,,,,,,,,,,,2013-01-29,Bob Magill,,2013-01-29
wfo-0000568317,cedro espinoso,0ec695ec-a33c-4b30-8dc1-2d32efedea86,,,,,,,,,,,,,,2013-01-29,Bob Magill,,2013-01-29
wfo-0000591270,cuipo quipo,97071d0a-4da8-43b0-a625-2ef627c710f1,,,,,,,,,,,,,,2013-01-29,Bob Magill,,2013-01-29
wfo-0000591270,bongo hamati,6866b2c9-664e-426a-ae78-4bb8b8353cd8,,,,,,,,,,,,,,2013-01-29,Bob Magill,,2013-01-29
wfo-0000733252,guayabillo,099baea6-4ecf-4159-9c51-c8dd34355f11,,,,,,,,,,,,,,2013-01-29,Bob Magill,,2013-01-29
wfo-0000733268,sapote,eee6d426-d318-4b42-ae78-7cf40b28a443,,,,,,,,,,,,,,2013-01-29,Bob Magill,,2013-01-29
wfo-0000539840,peine de mico monkey-comb,400decba-f070-40ea-a825-706def2c0028,,,,,,,,,,,,,,2013-01-30,Bob Magill,,2013-01-30
wfo-0000539840,cortezo cortez,eec7ff18-0f63-41ec-9831-b583438d34d7,,,,,,,,,,,,,,2013-01-30,Bob Magill,,2013-01-30
wfo-0000718217,majagiiillo,c300299e-afbc-4d4c-9279-9eeeda3b4af4,,,,,,,,,,,,,,2013-01-30,Bob Magill,,2013-01-30
wfo-0000457177,cadillo cepa de caballo,720d55cb-4a37-4069-8687-6e54129f4610,,,,,,,,,,,,,,2013-01-30,Bob Magill,,2013-01-30
wfo-0000381455,duckweed,aa3e4985-5ee1-4905-8a14-6b3f48d3faa1,,,,,,,,,,,,,,2013-02-07,Bob Magill,,2013-02-07
wfo-0000642812,saba bogamani verde,a9e09e5f-9479-4fc3-abb0-339a785dca30,,,,,,,,,,,,,,2013-02-07,Bob Magill,,2013-02-07
wfo-0000642812,roble miguelario,7eec8147-3a93-488a-a5f9-ae82aa0c5955,,,,,,,,,,,,,,2013-02-07,Bob Magill,,2013-02-07
wfo-0000642812,wine wood white cedar,8fe6c7a2-488a-498c-b1e8-ce05c109cea3,,,,,,,,,,,,,,2013-02-07,Bob Magill,,2013-02-07
wfo-0000642812,fruta dorado sebo,f5b7ced6-4fe5-4c53-8fb8-4917179f1f2d,,,,,,,,,,,,,,2013-02-07,Bob Magill,,2013-02-07
wfo-0000642812,otobca,b3d0230a-ea2c-4370-bfb2-06e98e11bd91,,,,,,,,,,,,,,2013-02-07,Bob Magill,,2013-02-07
wfo-0000642804,saba,77f9f6b7-4adf-4679-b5f8-a86a765f4fca,,,,,,,,,,,,,,2013-02-07,Bob Magill,,2013-02-07
wfo-0000418491,malagueta de montana mancha,264b98d3-7913-460a-a6d6-71c0741460ca,,,,,,,,,,,,,,2013-02-07,Bob Magill,,2013-02-07
wfo-0000418491,bogamani fruta dorado,76f97ada-41f1-4261-aba5-e396dad9262c,,,,,,,,,,,,,,2013-02-07,Bob Magill,,2013-02-07
wfo-0000506000,salvia cerbatanero,07b2b486-f1f1-4ffb-9446-be6340c42106,,,,,,,,,,,,,,2013-02-07,Bob Magill,,2013-02-07
wfo-0000505093,hierba de pasmo,18517264-0a5b-4930-8145-ce46907b8959,,,,,,,,,,,,,,2013-02-07,Bob Magill,,2013-02-07
wfo-0000499264,terciopelo,c60b27a0-71ce-452a-8aea-2aa56b90f9e6,,,,,,,,,,,,,,2013-03-08,Bob Magill,,2013-03-08
wfo-0000723214,mompala amarilla amapala amarilla,9b7c4603-991e-4f5b-a789-cdc0cc97bdd8,,,,,,,,,,,,,,2013-03-08,Bob Magill,,2013-03-08
wfo-0000723007,papo,cdc078db-ffd0-4e4a-91d1-8fc4c161a2af,,,,,,,,,,,,,,2013-03-08,Bob Magill,,2013-03-08
wfo-0000510862,Okra gumbo,598959cf-1487-481a-a89b-4f13880ed8cd,,,,,,,,,,,,,,2013-03-08,Bob Magill,,2013-03-08
wfo-0000510862,najut,894ba0fd-6635-4a35-83cd-37b53a7ea7e4,,,,,,,,,,,,,,2013-03-08,Bob Magill,,2013-03-08
wfo-0000510888,Musk okra,9ec518a0-73dd-444b-b6cf-e3a5ecd2e1a1,,,,,,,,,,,,,,2013-03-08,Bob Magill,,2013-03-08
wfo-4000016081,cotton,6c2c953e-ade7-4707-87bd-b35e4612d8ff,,,,,,,,,,,,,,2013-03-08,Bob Magill,,2013-03-08
wfo-0000424618,yemeri mayo,d174af86-72b3-4674-ac34-dc054dd487aa,,,,,,,,,,,,,,2013-03-13,Bob Magill,,2013-03-13
wfo-0001146152,yamery,a21c1319-9bc8-4179-884b-bbf55d4ee97d,,,,,,,,,,,,,,2013-03-13,Bob Magill,,2013-03-13
wfo-0001142167,palo de sal,fb155643-7b03-4cdb-9279-f949762aaaad,,,,,,,,,,,,,,2013-03-14,Bob Magill,,2013-03-14
wfo-0000692364,sajinillo,7eacf5d4-63b1-4fa9-91a6-ad75c70448e6,,,,,,,,,,,,,,2013-03-14,Bob Magill,,2013-03-14
wfo-0001144739,guayacillo molenillo,d35f22ba-28eb-4953-a823-bc62d8d7510e,,,,,,,,,,,,,,2013-03-15,Bob Magill,,2013-03-15
wfo-4000029389,grosella Otaheite gooseberry,2b714612-e4e8-40ae-a1b1-b5208870ef3f,,,,,,,,,,,,,,2013-03-18,Bob Magill,,2013-03-18
wfo-0000533072,maraiion jocote maraiion,1e0c9847-d408-4b65-a297-0a23855343a3,,,,,,,,,,,,,,2013-03-22,Bob Magill,,2013-03-22
wfo-0000583068,orey,4fa4e3b5-f0ae-4e67-b811-3379bb24aa44,,,,,,,,,,,,,,2013-03-22,Bob Magill,,2013-03-22
wfo-0000435489,red mombin hog plum,af6679d6-f5ad-4f64-926f-8a9087df1bb3,,,,,,,,,,,,,,2013-03-22,Bob Magill,,2013-03-22
wfo-0000435157,pepper tree,b927d2f7-d244-428e-8998-2f8132631c2a,,,,,,,,,,,,,,2013-03-22,Bob Magill,,2013-03-22
wfo-0000372346,mosquito wood,059ab676-9d8f-4bd9-b17a-a790de01581a,,,,,,,,,,,,,,2013-03-22,Bob Magill,,2013-03-22
wfo-0000421771,uva,7687895f-cf18-4056-bcc5-76f2962dec7c,,,,,,,,,,,,,,2013-03-27,Bob Magill,,2013-03-27
wfo-0001062833,uvre chopo cucullo,4c8c3c57-ad53-4fa2-9e00-ab600634b9a1,,,,,,,,,,,,,,2013-03-28,Bob Magill,,2013-03-28
wfo-0000926340,guayabillo,17d965b3-47a5-43a2-b31e-8db86cec1407,,,,,,,,,,,,,,2013-03-28,Bob Magill,,2013-03-28
wfo-0000923834,pica lengua raspa lengua,31049e5f-6476-4af4-94df-6751ff90d455,,,,,,,,,,,,,,2013-03-28,Bob Magill,,2013-03-28
wfo-0000924123,comida de loro mamar,51ad4d87-8bd9-4876-8a46-49266117c2eb,,,,,,,,,,,,,,2013-03-28,Bob Magill,,2013-03-28
wfo-0000924123,mako,17eda540-6c5f-480f-8021-50202efd78a9,,,,,,,,,,,,,,2013-03-28,Bob Magill,,2013-03-28
wfo-0000924251,corta lengua,c19333aa-a93d-4891-bd78-42bc33e07c39,,,,,,,,,,,,,,2013-03-28,Bob Magill,,2013-03-28
wfo-0001062845,cagajon caranfon,e5a87f0e-5ba4-41ba-b84a-f2ce66c474c1,,,,,,,,,,,,,,2013-03-28,Bob Magill,,2013-03-28
wfo-0001062831,raspa lengua,eeba307b-b87d-4786-bc81-1591d0d592b2,,,,,,,,,,,,,,2013-03-28,Bob Magill,,2013-03-28
wfo-0001062832,conejo,9f48273c-2516-4c64-b467-0a9b67ba21b4,,,,,,,,,,,,,,2013-03-28,Bob Magill,,2013-03-28
wfo-0000903900,canirico jobo de lagarto,a4e4cf15-d8f1-40e7-9e39-72f1d170fb87,,,,,,,,,,,,,,2013-03-28,Bob Magill,,2013-03-28
wfo-0000904045,cachito roseto,fac7202d-8257-4adc-a89c-142662ab1e56,,,,,,,,,,,,,,2013-03-28,Bob Magill,,2013-03-28
wfo-0000507501,verdolaga,2a20357f-5062-4864-87b6-c6fa556cb3cf,,,,,,,,,,,,,,2013-04-02,Bob Magill,,2013-04-02
wfo-0000407648,anime cedro macho,fa673c06-cb45-4800-94fb-eca0afa2f706,,,,,,,,,,,,,,2013-04-05,Bob Magill,,2013-04-05
wfo-0000407648,fruta de loro secuadro,8d9006fd-2f67-439b-afc8-16f833501d42,,,,,,,,,,,,,,2013-04-05,Bob Magill,,2013-04-05
wfo-0000400083,crabwood,2b5c8f20-e8f5-4328-b152-7d6d4a96fd2c,,,,,,,,,,,,,,2013-05-08,Bob Magill,,2013-05-08
wfo-0000476132,fruta pava,9aaf11a6-c89d-4c9b-a730-0f24e49d4f23,,,,,,,,,,,,,,2013-05-08,Bob Magill,,2013-05-08
wfo-0001085506,crabwood,345a5e3e-c737-4286-bf79-560a806eaf93,,,,,,,,,,,,,,2013-05-08,Bob Magill,,2013-05-08
wfo-0000506123,uvito,279f63ec-9132-43be-bb22-f408847a13b2,,,,,,,,,,,,,,2013-05-08,Bob Magill,,2013-05-08
wfo-0000545399,manglia,3c4aba8d-00a8-4672-9900-f08c72c124b7,,,,,,,,,,,,,,2013-05-08,Bob Magill,,2013-05-08
wfo-0000733354,crucete guabo amargo,bb4af3f6-b3e8-4fea-9f71-875be5777b41,,,,,,,,,,,,,,2013-05-09,Bob Magill,,2013-05-09
wfo-0000733354,guavita amarga guavito,5675fb16-fbd1-4576-bd2d-f55a672d42eb,,,,,,,,,,,,,,2013-05-09,Bob Magill,,2013-05-09
wfo-0000733354,hombre grande juavita amarga,849c0c42-ec46-421b-a430-1cf6719f210f,,,,,,,,,,,,,,2013-05-09,Bob Magill,,2013-05-09
wfo-0000733354,udut pulu,0e73afa1-0aa7-4df9-ad5e-08b9b3d64f5c,,,,,,,,,,,,,,2013-05-09,Bob Magill,,2013-05-09
wfo-0000492107,cedron,039db916-cd1c-4ea6-9892-2d28ef60c0cc,,,,,,,,,,,,,,2013-05-09,Bob Magill,,2013-05-09
wfo-0000474794,amargocito,6cbb1c63-16e9-4871-81ca-679a5cf93acd,,,,,,,,,,,,,,2013-05-09,Bob Magill,,2013-05-09
wfo-0001140369,korbugia pakaburwi,c8d77d61-f603-4905-8f93-be449fe251d2,,,,,,,,,,,,,,2013-05-09,Bob Magill,,2013-05-09
wfo-0000474800,bichichi canjura,f72056df-d18c-4bc9-9d9f-0986cb3c2fe6,,,,,,,,,,,,,,2013-05-09,Bob Magill,,2013-05-09
wfo-0001144417,malvina,3d00379c-e83b-4c75-a055-ef2b4d3bfa90,,,,,,,,,,,,,,2013-05-10,Bob Magill,,2013-05-10
wfo-0000223253,cariaquito morado maliz de zorro,f4fcdc3a-a558-4bf3-8409-300e0a1d0032,,,,,,,,,,,,,,2013-05-10,Bob Magill,,2013-05-10
wfo-0000223253,pajarito venturosa,868553e1-c983-4fc8-9646-4b240a6e0f50,,,,,,,,,,,,,,2013-05-10,Bob Magill,,2013-05-10
wfo-0000223169,nicedudo Nicetutu,76ca43dc-01eb-49e4-a9b5-7daff4efb945,,,,,,,,,,,,,,2013-05-10,Bob Magill,,2013-05-10
wfo-0000223289,cariaquito casarachico-sacha,1aca5ea1-7cf4-43f5-8c35-4535d5d9ee31,,,,,,,,,,,,,,2013-05-10,Bob Magill,,2013-05-10
wfo-0000223289,chumbinho escoba,fda0b534-618d-4838-b75d-278b0b639e60,,,,,,,,,,,,,,2013-05-10,Bob Magill,,2013-05-10
wfo-0000223289,flor de sangre murupacha,48444218-a91e-4ed4-96f4-01aebca0b3c7,,,,,,,,,,,,,,2013-05-10,Bob Magill,,2013-05-10
wfo-0000223289,ramoncillo venturosa,14db8f2b-062a-4391-9109-a41deb56f107,,,,,,,,,,,,,,2013-05-10,Bob Magill,,2013-05-10
wfo-0000223016,bandera espafiol camara,9bcb9783-7d6a-4c94-87cd-31d8a2589c41,,,,,,,,,,,,,,2013-05-10,Bob Magill,,2013-05-10
wfo-0000223016,camara vermelho cambara verdadeiro,7d7f4420-926c-41f9-b220-753a25f9cb79,,,,,,,,,,,,,,2013-05-10,Bob Magill,,2013-05-10
wfo-0000223016,"chichiquelite, cinco negritos confituria",8f4694f0-ce8c-45c3-86e0-6984b01d4ce2,,,,,,,,,,,,,,2013-05-10,Bob Magill,,2013-05-10
wfo-0000223016,coronitas dame cubre galanos,8aca2e00-4c29-44c9-966f-8e2735c5a908,,,,,,,,,,,,,,2013-05-10,Bob Magill,,2013-05-10
wfo-0000223016,English sagebush filigrana,b63024cc-8d9f-4c79-984f-297026634f1f,,,,,,,,,,,,,,2013-05-10,Bob Magill,,2013-05-10
wfo-0000223016,for de duenda flor de sangre,cf9c184c-aa0c-4daf-8148-0efc6f62ce62,,,,,,,,,,,,,,2013-05-10,Bob Magill,,2013-05-10
wfo-0000223016,guripacha herva de lagarto,4d755f79-87b6-41c6-9978-b3b482b6c65c,,,,,,,,,,,,,,2013-05-10,Bob Magill,,2013-05-10
wfo-0000223016,jaral jarilla,ca02098b-36a1-4750-8d1b-5a9165e5d56b,,,,,,,,,,,,,,2013-05-10,Bob Magill,,2013-05-10
wfo-0000223016,malmequer do campo more de caballo,8d056b4d-d32a-4749-bda4-11c279bac024,,,,,,,,,,,,,,2013-05-10,Bob Magill,,2013-05-10
wfo-0000223016,red sagebush sangre linda,47f64271-0c26-44e3-b06a-4f4b78cd05fa,,,,,,,,,,,,,,2013-05-10,Bob Magill,,2013-05-10
wfo-0000223016,senorita siete colores sotarre,5bced721-ba15-4c3f-9774-8b8d056c1644,,,,,,,,,,,,,,2013-05-10,Bob Magill,,2013-05-10
wfo-0000223016,tickberry tres colores,9e7af5f7-0c02-4daf-9a0d-d3a0eebbe225,,,,,,,,,,,,,,2013-05-10,Bob Magill,,2013-05-10
wfo-0000223016,venturosa wild sage,792f6fd9-d27f-489e-92c0-b6a40cd44677,,,,,,,,,,,,,,2013-05-10,Bob Magill,,2013-05-10
wfo-0000223016,yerba mora,08157cae-a61e-49d4-aeed-04d81516e016,,,,,,,,,,,,,,2013-05-10,Bob Magill,,2013-05-10
wfo-0000270330,filigrana herva cidreira brava,961f0347-f9f9-4388-873a-96560f9e8110,,,,,,,,,,,,,,2013-05-10,Bob Magill,,2013-05-10
wfo-0000270330,malva de laguna malva rosa do campo,695e60ad-9cf0-40f1-b999-1c662ef31824,,,,,,,,,,,,,,2013-05-10,Bob Magill,,2013-05-10
wfo-0000270330,manzanilla tambu,765e56f8-9c40-4d61-870f-f15d0de0a724,,,,,,,,,,,,,,2013-05-10,Bob Magill,,2013-05-10
wfo-0000270360,corronchocho cuacilaca,77add632-49b9-4287-a2b4-c4560377103b,,,,,,,,,,,,,,2013-05-10,Bob Magill,,2013-05-10
wfo-0000270360,dulce pungente hierba buena,1eb35fc6-d753-439d-9ccd-7b0fddbb4fb7,,,,,,,,,,,,,,2013-05-10,Bob Magill,,2013-05-10
wfo-0000270360,hierba dulce hoja dulce,34375d85-8982-4fac-8eba-20959b6716a2,,,,,,,,,,,,,,2013-05-10,Bob Magill,,2013-05-10
wfo-0000270360,injerto malba,632d6740-5e70-4e1c-9ffa-2693005d7213,,,,,,,,,,,,,,2013-05-10,Bob Magill,,2013-05-10
wfo-0000270360,orosul orosus,fc1af838-c4c3-49f2-8fe9-25dbfbe7082d,,,,,,,,,,,,,,2013-05-10,Bob Magill,,2013-05-10
wfo-0000270360,orozus de monte orozuz,e02839c1-1b9e-4261-822b-483ad97ce63f,,,,,,,,,,,,,,2013-05-10,Bob Magill,,2013-05-10
wfo-0000270360,orozuz de la tierra orozuz del pais,6368e950-ab21-42bd-a9af-752d052aeac4,,,,,,,,,,,,,,2013-05-10,Bob Magill,,2013-05-10
wfo-0000270360,salvia americana salvia santa,5c45fc47-bdce-40bb-a4d8-35c5e69d53a0,,,,,,,,,,,,,,2013-05-10,Bob Magill,,2013-05-10
wfo-0000270360,secapalo yerba dulce,73713cd3-b8d7-4958-ae7f-5816a1587536,,,,,,,,,,,,,,2013-05-10,Bob Magill,,2013-05-10
wfo-0001144297,fog fruit hierba dulce,7601f128-6e12-4d19-b5e7-2c6a3e436b60,,,,,,,,,,,,,,2013-05-10,Bob Magill,,2013-05-10
wfo-0001144297,turre hembra yerba de sapo,4ece258a-7d25-42d2-98f2-f005c5b95433,,,,,,,,,,,,,,2013-05-10,Bob Magill,,2013-05-10
wfo-0000270345,cape-weed cidron,8c774e33-31d6-49b5-a8c8-894b2cecb569,,,,,,,,,,,,,,2013-05-10,Bob Magill,,2013-05-10
wfo-0000270345,fog-fruit godet's-weed,11078fa8-57cb-4eeb-9978-0eb07d12a319,,,,,,,,,,,,,,2013-05-10,Bob Magill,,2013-05-10
wfo-0000270345,k-weed lippia-grass,be4d463a-fa40-4327-911a-75e88704f86a,,,,,,,,,,,,,,2013-05-10,Bob Magill,,2013-05-10
wfo-0000270345,sprain-bush,1a34355d-ef0b-4c87-b8ca-34687152741a,,,,,,,,,,,,,,2013-05-10,Bob Magill,,2013-05-10
wfo-0000229046,caragra,91aa258d-ed59-4f16-a307-5c071ead2260,,,,,,,,,,,,,,2013-05-10,Bob Magill,,2013-05-10
wfo-0000228752,chiligua coronchoch,e069dc5b-2e02-4cdb-97be-f3a56ca83dff,,,,,,,,,,,,,,2013-05-10,Bob Magill,,2013-05-10
wfo-0000228752,oreganillo oregano montes,0c001a65-594f-482f-8082-83175053f73d,,,,,,,,,,,,,,2013-05-10,Bob Magill,,2013-05-10
wfo-0000228675,barelago bellita,66b79aee-4d12-489e-8be3-3d586ccf5de0,,,,,,,,,,,,,,2013-05-10,Bob Magill,,2013-05-10
wfo-0000228675,mano de Dios oreganito macho,0b1fa134-3d99-49cb-ba5e-186ea9f18396,,,,,,,,,,,,,,2013-05-10,Bob Magill,,2013-05-10
wfo-0000228665,achueriala alfombrilla,122e8a88-713a-4ec2-bce4-c25da1f7ba43,,,,,,,,,,,,,,2013-05-10,Bob Magill,,2013-05-10
wfo-0000228665,"cidreira herva cidreira, oregano",6a75b91c-8143-431d-a658-48e7eecbfbba,,,,,,,,,,,,,,2013-05-10,Bob Magill,,2013-05-10
wfo-0000228665,oregano de burro palisado,cbc2b59b-17a0-4764-9eb2-13948b832f40,,,,,,,,,,,,,,2013-05-10,Bob Magill,,2013-05-10
wfo-0000228665,salsa limao salvia morada,76671e12-c319-44ce-b5c2-e201919cdd23,,,,,,,,,,,,,,2013-05-10,Bob Magill,,2013-05-10
wfo-0000228665,sauce limon toronjil de Espafia,2fb97282-3f19-4bca-a4fd-9269bde4adf9,,,,,,,,,,,,,,2013-05-10,Bob Magill,,2013-05-10
wfo-0000229191,caragra caragra negra,7d685360-84e3-432d-aff4-2c8f2c69d266,,,,,,,,,,,,,,2013-05-10,Bob Magill,,2013-05-10
wfo-0000229191,caragre,38e3cd36-e9b8-427c-aa8d-c48d36fe3624,,,,,,,,,,,,,,2013-05-10,Bob Magill,,2013-05-10
wfo-0000314894,berbena blue porter-weed,c75ee7cd-2def-4ad1-a53e-3b17560addad,,,,,,,,,,,,,,2013-05-10,Bob Magill,,2013-05-10
wfo-0000314894,gervao Jamaica vervain,25cfa779-1ee7-4e3b-be5a-99f5fa2b9828,,,,,,,,,,,,,,2013-05-10,Bob Magill,,2013-05-10
wfo-0000314894,rinchdo verbena azuil,7dde750a-b66b-4a34-a731-b285f0f8e4d3,,,,,,,,,,,,,,2013-05-10,Bob Magill,,2013-05-10
wfo-0000314894,verbena cimarrona verbena manza,d5c4fddd-fbfd-4df0-b274-76fd7c5f45cf,,,,,,,,,,,,,,2013-05-10,Bob Magill,,2013-05-10
wfo-0000314894,verbena morada,3a50bd42-0f9c-469b-988a-5b801603611b,,,,,,,,,,,,,,2013-05-10,Bob Magill,,2013-05-10
wfo-0000314872,camaq olal San Diego,3e977dd1-66b7-4ea1-8f00-7a5b6673e015,,,,,,,,,,,,,,2013-05-10,Bob Magill,,2013-05-10
wfo-0000314872,verbena vervena,7d43d09e-433f-45fb-b0d8-ca5cfcfc0d75,,,,,,,,,,,,,,2013-05-10,Bob Magill,,2013-05-10
wfo-0000314812,cola de millo gervao,4ba7cbed-949a-451a-84f6-0dc2900ea315,,,,,,,,,,,,,,2013-05-10,Bob Magill,,2013-05-10
wfo-0000314812,gervao verdadeiro verbena,491f2b1d-f469-44c4-9297-0b2291ea9266,,,,,,,,,,,,,,2013-05-10,Bob Magill,,2013-05-10
wfo-0000314812,verbena falsa verbena negra,bc9a8bfc-2150-4505-811e-b7664fe268fc,,,,,,,,,,,,,,2013-05-10,Bob Magill,,2013-05-10
wfo-0001144295,Chaparrillo Mamoncillo,dffda286-edab-4620-97f9-1687b728bb4c,,,,,,,,,,,,,,2013-05-10,Bob Magill,,2013-05-10
wfo-0000267861,Bejuco de hajo biura,a9856547-9529-4ba7-8e77-0b0ce3c4087d,,,,,,,,,,,,,,2013-05-10,Bob Magill,,2013-05-10
wfo-0000267861,flor de la cruz flor de nino,9643f85c-d149-42bf-afc4-0342bb0b4c5a,,,,,,,,,,,,,,2013-05-10,Bob Magill,,2013-05-10
wfo-0000267861,flor de mayo Santa Lucia,dee57ce1-4ded-47fe-8af8-b32c828f1e0c,,,,,,,,,,,,,,2013-05-10,Bob Magill,,2013-05-10
wfo-0000267922,Purple-wreath adelfa,6e094459-ff99-4380-b3fe-944bd040f520,,,,,,,,,,,,,,2013-05-10,Bob Magill,,2013-05-10
wfo-0000267922,adolfina choreque,e5bb9129-e117-48e9-8235-1257cc780be5,,,,,,,,,,,,,,2013-05-10,Bob Magill,,2013-05-10
wfo-0000267922,estrella azul flor de Jesus,de0efd68-d79f-46d5-a69c-3970cd1f6eba,,,,,,,,,,,,,,2013-05-10,Bob Magill,,2013-05-10
wfo-0000267922,flor de Santa Maria hoja chigile,b699755a-62ee-4cf1-aa9d-5b83e8d0e6e3,,,,,,,,,,,,,,2013-05-10,Bob Magill,,2013-05-10
wfo-0000267922,lengua de vaca raspasombrero,e5b6eb10-612c-46a4-a140-67a4c39b9a54,,,,,,,,,,,,,,2013-05-10,Bob Magill,,2013-05-10
wfo-0000267922,soltero totopostillo,a1b74d5c-3a45-4ba7-8537-dd2a4b3fd558,,,,,,,,,,,,,,2013-05-10,Bob Magill,,2013-05-10
wfo-0000946822,unia de gato,23e96d1a-80d3-4cc8-95a9-46c646ee7af6,,,,,,,,,,,,,,2013-05-13,Bob Magill,,2013-05-13
wfo-0000946869,Golden dewdrop heliotrope bush,4a495e87-cf2b-43fb-a365-05de99eb0147,,,,,,,,,,,,,,2013-05-13,Bob Magill,,2013-05-13
wfo-0000946869,pigeon-berry skyflower,31242047-8e7f-4bf8-bced-de87bcba6f67,,,,,,,,,,,,,,2013-05-13,Bob Magill,,2013-05-13
wfo-0000946869,adonis morado celosa cimarrona,76752ad3-42bc-4033-b2d8-4cddbd12f95f,,,,,,,,,,,,,,2013-05-13,Bob Magill,,2013-05-13
wfo-0000946869,cuenta de oro espina de paloma,5bacae3a-f759-46de-bc37-984628414cf6,,,,,,,,,,,,,,2013-05-13,Bob Magill,,2013-05-13
wfo-0000946869,fruta de iguana lora,424aa7fd-de9e-48c7-96f5-eb29d0992456,,,,,,,,,,,,,,2013-05-13,Bob Magill,,2013-05-13
wfo-0000794134,Adonis blanco heliotropic blanco,2e878d1d-8bd2-4311-837d-dbe13c357594,,,,,,,,,,,,,,2013-05-13,Bob Magill,,2013-05-13
wfo-0000794134,no-me-oluides varita de San Jose,06e9c8fa-3702-4546-b13b-e44742c78e5d,,,,,,,,,,,,,,2013-05-13,Bob Magill,,2013-05-13
wfo-0000794134,white skyflower,f448d6ea-51c6-4e88-bf5e-5408db269aa3,,,,,,,,,,,,,,2013-05-13,Bob Magill,,2013-05-13
wfo-0000866832,Buena noche cola de pava,44c932dc-a25e-49f3-a0d4-778a15bbff06,,,,,,,,,,,,,,2013-05-13,Bob Magill,,2013-05-13
wfo-0000866832,coral negro cordoncillo,d905cf7b-e5df-4b11-ab27-50e46eb56b9a,,,,,,,,,,,,,,2013-05-13,Bob Magill,,2013-05-13
wfo-0000866832,damas moca de pava,f579a5d6-34b6-46b2-b6d3-912003decd30,,,,,,,,,,,,,,2013-05-13,Bob Magill,,2013-05-13
wfo-0000866832,palo paloma paraiso,489ac7ee-cf1a-406a-8d3a-07f27d2c56aa,,,,,,,,,,,,,,2013-05-13,Bob Magill,,2013-05-13
wfo-0000866832,seguilla uva,d6016e3a-06a9-40ca-93b1-d9d7397b5389,,,,,,,,,,,,,,2013-05-13,Bob Magill,,2013-05-13
wfo-0000866637,Wild cherry white fiddlewood,fda22390-62a2-4828-9365-739b49edca70,,,,,,,,,,,,,,2013-05-13,Bob Magill,,2013-05-13
wfo-0000866637,fiddlewood bois carre,1fdebb38-6eff-4f1d-b72b-8c25e5c7edbf,,,,,,,,,,,,,,2013-05-13,Bob Magill,,2013-05-13
wfo-0000866637,canilla de venado coffe marron,95ddb789-5d20-4d5c-83c3-66db3fbc91b3,,,,,,,,,,,,,,2013-05-13,Bob Magill,,2013-05-13
wfo-0000866637,dama guayo blanco,1f58f125-65e5-418f-8f97-9d9f37989a86,,,,,,,,,,,,,,2013-05-13,Bob Magill,,2013-05-13
wfo-0000866637,palo de dama palo guitarre,80335ef8-a482-4247-9288-f0d7139377a3,,,,,,,,,,,,,,2013-05-13,Bob Magill,,2013-05-13
wfo-0000866637,penda pendola de sierra,cade8837-1507-4102-b06a-09fdb4bc9d85,,,,,,,,,,,,,,2013-05-13,Bob Magill,,2013-05-13
wfo-0000866637,roble amarallo roble blanco,a117a114-a012-44e5-a3b7-acfa3436d87e,,,,,,,,,,,,,,2013-05-13,Bob Magill,,2013-05-13
wfo-0000867574,Dama damas,9cb380b6-f724-408d-86e9-bb772558fe4b,,,,,,,,,,,,,,2013-05-13,Bob Magill,,2013-05-13
wfo-0000867574,danna,ff215c81-cdde-41d7-93c4-6e18a918404d,,,,,,,,,,,,,,2013-05-13,Bob Magill,,2013-05-13
wfo-0000868843,Corrimiento Wild lime,b03533cb-62ad-4f4c-8fea-8a3591b4ed8b,,,,,,,,,,,,,,2013-05-13,Bob Magill,,2013-05-13
wfo-0000796971,Tabaquilla,c32a2130-7884-429e-81a2-cc0ad30a8224,,,,,,,,,,,,,,2013-05-13,Bob Magill,,2013-05-13
wfo-0000810070,Manprasara San Juan de verdad,6e7e9255-4ce7-473e-ab32-58e88f6a109f,,,,,,,,,,,,,,2013-05-13,Bob Magill,,2013-05-13
wfo-0000809574,Carindiba lardwood,604d2754-2f16-4d20-b59f-3f5812c2bc39,,,,,,,,,,,,,,2013-05-13,Bob Magill,,2013-05-13
wfo-0000809574,tocaneiro,f7e1093a-32d0-474e-ac69-ec0a93ed40ab,,,,,,,,,,,,,,2013-05-13,Bob Magill,,2013-05-13
wfo-0000796467,Tabaquilla,3d6babd8-7b93-4153-aba4-e6a40cfc383b,,,,,,,,,,,,,,2013-05-13,Bob Magill,,2013-05-13
wfo-0000805508,Chirapa sacha,3cc024d6-dab5-460c-b817-0d0d17c64549,,,,,,,,,,,,,,2013-05-13,Bob Magill,,2013-05-13
wfo-0000813068,Wild-jasmine goatwood,10da8608-2a38-4832-ab38-05e4aa744b3c,,,,,,,,,,,,,,2013-05-13,Bob Magill,,2013-05-13
wfo-0000813068,capaillo lengua de vaca,3b568010-c5b0-4f05-acd7-0366c2b436a4,,,,,,,,,,,,,,2013-05-13,Bob Magill,,2013-05-13
wfo-0000803738,Chiploque Taco,cdb28aa1-b0d3-4f40-a4e4-064c0ddd4f14,,,,,,,,,,,,,,2013-05-13,Bob Magill,,2013-05-13
wfo-0000803738,Taquito,4b082ea1-479a-4367-a511-ffbb2471c254,,,,,,,,,,,,,,2013-05-13,Bob Magill,,2013-05-13
wfo-0000804356,Chirarapa-sacha,f4c47ae4-7463-471f-866a-2f588e39fc3e,,,,,,,,,,,,,,2013-05-13,Bob Magill,,2013-05-13
wfo-0000814999,Contraculebra totumillo,097b20fc-24c5-4ff9-82d0-ddaa0bdf17f3,,,,,,,,,,,,,,2013-05-13,Bob Magill,,2013-05-13
wfo-0000803131,Bejuco de peine mico guairo santo,6bab1a55-9616-411a-9c58-ac6714c128a9,,,,,,,,,,,,,,2013-05-13,Bob Magill,,2013-05-13
wfo-0000803131,guaro spirit-weed,155cfac3-95d8-42d4-8d65-8e664039701d,,,,,,,,,,,,,,2013-05-13,Bob Magill,,2013-05-13
wfo-0000802609,Sauco de monte sauco monte,e6150809-ae73-44d9-bcd5-72be8fb3fdaf,,,,,,,,,,,,,,2013-05-13,Bob Magill,,2013-05-13
wfo-0000321229,Teak,8eb026c2-b9bd-430d-9faa-de05ee6e9832,,,,,,,,,,,,,,2013-05-13,Bob Magill,,2013-05-13
wfo-0000333089,Taruman taruman tuira,94d882a4-2755-4334-9fa0-f225ae4b4f00,,,,,,,,,,,,,,2013-05-13,Bob Magill,,2013-05-13
wfo-0000333089,acietuno pechiche,6b272dcf-5a0b-4a7d-855c-5af23d037ca9,,,,,,,,,,,,,,2013-05-13,Bob Magill,,2013-05-13
wfo-0000333089,taruma mameira,ad7bae91-444d-41d7-be98-346155809dd5,,,,,,,,,,,,,,2013-05-13,Bob Magill,,2013-05-13
wfo-0000333089,taruma grande do campo,0e203005-d264-4df1-8068-5f93c9afa948,,,,,,,,,,,,,,2013-05-13,Bob Magill,,2013-05-13
wfo-0000333040,Azietuno canaguate,74baba2b-2b8f-4ef6-a142-86350a43153b,,,,,,,,,,,,,,2013-05-13,Bob Magill,,2013-05-13
wfo-0000333040,"cuajado taruma, taruma do igapo",2a5cad7f-85bb-447d-bef6-bda5f9e62ce9,,,,,,,,,,,,,,2013-05-13,Bob Magill,,2013-05-13
wfo-0000333040,taruma do alagado jaramantaia,6083227d-e366-43aa-85a9-c761ae6bb7e2,,,,,,,,,,,,,,2013-05-13,Bob Magill,,2013-05-13
wfo-0000333040,tarumai de varzea,74e2917c-a05c-4c2e-b604-178270ed2036,,,,,,,,,,,,,,2013-05-13,Bob Magill,,2013-05-13
wfo-0000885138,Scarlet glorybower danger-flower,4ceca6ac-8241-4849-8df2-553ce0a6657c,,,,,,,,,,,,,,2013-05-13,Bob Magill,,2013-05-13
wfo-0000885138,red pagoda-flower,e3411f3c-f699-41b8-b98b-0e356369c1e1,,,,,,,,,,,,,,2013-05-13,Bob Magill,,2013-05-13
wfo-0000887105,Ala de angel arete de la india,7bb417b9-05fa-47f3-8add-b6a6d3064b61,,,,,,,,,,,,,,2013-05-14,Bob Magill,,2013-05-14
wfo-0000887105,balao de San Jose bandera espafol,076d3671-b97b-4061-80f0-3641ca74f351,,,,,,,,,,,,,,2013-05-14,Bob Magill,,2013-05-14
wfo-0000887105,bleeding heart brinco de danea,1aa1d0df-be76-4afc-b30c-6a0a9c4cf865,,,,,,,,,,,,,,2013-05-14,Bob Magill,,2013-05-14
wfo-0000887105,clematida cornell-flower,23518389-12e2-444a-a532-dbe1bb5a3a6e,,,,,,,,,,,,,,2013-05-14,Bob Magill,,2013-05-14
wfo-0000887105,crendolindo Danish flag,678deea1-5857-419c-b576-da487bdd619d,,,,,,,,,,,,,,2013-05-14,Bob Magill,,2013-05-14
wfo-0000887105,fucsia jamaiquina,4fd17dce-ded8-4abd-b52e-dd96167d9216,,,,,,,,,,,,,,2013-05-14,Bob Magill,,2013-05-14
wfo-0000887105,higrima de Cristo lagrimas de obando,a0265cac-5338-4381-8670-1204b3be1a44,,,,,,,,,,,,,,2013-05-14,Bob Magill,,2013-05-14
wfo-0000887105,lazo de amor mata vaine,dbb5a79d-d6bb-4ff9-a78a-933f49000ab6,,,,,,,,,,,,,,2013-05-14,Bob Magill,,2013-05-14
wfo-0000887105,mil flores misteriosa,a59a859d-930f-43d4-b41d-251107e6fc21,,,,,,,,,,,,,,2013-05-14,Bob Magill,,2013-05-14
wfo-0000887105,pasion de Cristo secreto de amor,5b51a906-ebad-4cd3-bb2f-60cc03c6c65f,,,,,,,,,,,,,,2013-05-14,Bob Magill,,2013-05-14
wfo-0000887105,southern bleeding-heart Thomson glorybower,472ece78-f503-459b-b501-f227fc64c7e1,,,,,,,,,,,,,,2013-05-14,Bob Magill,,2013-05-14
wfo-0000883502,Itzimte muste,ca068017-f83f-4c1e-9bf8-6b1cd141a46b,,,,,,,,,,,,,,2013-05-14,Bob Magill,,2013-05-14
wfo-0000302902,white mangrove,67c491e3-b63a-4d20-8dfe-bf0f60a0be8c,,,,,,,,,,,,,,2013-05-14,Bob Magill,,2013-05-14
wfo-0000359579,Japanese honeysuckle madreselva,429d9026-fcc0-456c-8f89-782fa3d5c843,,,,,,,,,,,,,,2013-05-14,Bob Magill,,2013-05-14
wfo-0000442022,Elderberry sauco,6bd83e0c-c084-4ba9-9084-8ef4c0b00e90,,,,,,,,,,,,,,2013-05-14,Bob Magill,,2013-05-14
wfo-0001019757,floripondio,238876fd-8f21-477c-8fdf-78dbd73989f3,,,,,,,,,,,,,,2013-05-15,Bob Magill,,2013-05-15
wfo-0001019911,Galan de noche,7ce138e8-ae81-485c-8df9-9940d1eca83f,,,,,,,,,,,,,,2013-05-15,Bob Magill,,2013-05-15
wfo-4000006624,cirp Aji,cc90242b-0813-4f5f-96e5-83627924b82b,,,,,,,,,,,,,,2013-05-15,Bob Magill,,2013-05-15
wfo-4000006624,peppers,3cbb23cc-b1df-460c-9d58-ecf626907cca,,,,,,,,,,,,,,2013-05-15,Bob Magill,,2013-05-15
wfo-0001020728,Dama de noche,03877a43-9450-4158-9ad0-7b4393f4e4f8,,,,,,,,,,,,,,2013-05-15,Bob Magill,,2013-05-15
wfo-0001020842,Wild jasmine,8bb0af39-a67b-4ba6-931d-88af8471ac34,,,,,,,,,,,,,,2013-05-15,Bob Magill,,2013-05-15
wfo-0001021163,Wild cucumber,d1692d17-a1ad-4a84-9046-d2783d968305,,,,,,,,,,,,,,2013-05-15,Bob Magill,,2013-05-15
wfo-0001021182,contra gallinazo,0fc30fd3-5871-4b01-a10a-432b1183e8f7,,,,,,,,,,,,,,2013-05-15,Bob Magill,,2013-05-15
wfo-4000010849,Dutra,dbf97f31-e080-4d4d-a0d5-b1b31a862533,,,,,,,,,,,,,,2013-05-15,Bob Magill,,2013-05-15
wfo-4000019473,Jaltomata,e6938484-6d28-462f-aa59-7ca15c3ad2fb,,,,,,,,,,,,,,2013-05-15,Bob Magill,,2013-05-15
wfo-0001022039,Uchuba negra yerba-mora,3001632f-dba7-45bf-bd13-4ae2480bac8b,,,,,,,,,,,,,,2013-05-15,Bob Magill,,2013-05-15
wfo-4000022503,tomato tomatero,13359016-890a-4275-b2c9-9488b2002b00,,,,,,,,,,,,,,2013-05-15,Bob Magill,,2013-05-15
wfo-4000022503,tomate,cd8b5db7-f497-4100-98e3-0ab062d1769e,,,,,,,,,,,,,,2013-05-15,Bob Magill,,2013-05-15
wfo-4000029503,ground cherry sacabuche,da0670fd-702e-49f8-b783-3c27c774e64d,,,,,,,,,,,,,,2013-05-15,Bob Magill,,2013-05-15
wfo-4000029503,tope-tope suevos,f4eeccdd-9308-4301-907a-89c9ac185826,,,,,,,,,,,,,,2013-05-15,Bob Magill,,2013-05-15
wfo-4000029503,huevo de tortuga huevito,17b0e68e-0fcd-4526-8046-198e125a8992,,,,,,,,,,,,,,2013-05-15,Bob Magill,,2013-05-15
wfo-4000029503,bomba miltomate,c6b088a0-b63c-4dd2-bb26-adeee06e0568,,,,,,,,,,,,,,2013-05-15,Bob Magill,,2013-05-15
wfo-4000029503,uchuba hierba de sapo,1448a10c-dd28-45cd-bb0d-5d60f9be9e44,,,,,,,,,,,,,,2013-05-15,Bob Magill,,2013-05-15
wfo-4000029503,topeton,b8f28efe-24c6-4109-9225-69af354de5b5,,,,,,,,,,,,,,2013-05-15,Bob Magill,,2013-05-15
wfo-4000035679,Floripondio del monte copa de oro,e6d39b25-d58f-40b6-baa9-e8bce59da4b9,,,,,,,,,,,,,,2013-05-15,Bob Magill,,2013-05-15
wfo-4000035679,chalice vine cup of gold,28ebb04a-7571-4498-9525-6e0cefd827b3,,,,,,,,,,,,,,2013-05-15,Bob Magill,,2013-05-15
wfo-0001028934,arafia gato,fe017d75-2707-4dd3-8ad4-c958e8724ce8,,,,,,,,,,,,,,2013-05-15,Bob Magill,,2013-05-15
wfo-0001029464,Egg plant Berengena,93c99969-af3b-4e17-9695-1fda3dc28448,,,,,,,,,,,,,,2013-05-16,Bob Magill,,2013-05-16
wfo-0001029464,Pepino morado,2f8627a6-bb4b-44d7-bf63-232435ae037b,,,,,,,,,,,,,,2013-05-16,Bob Magill,,2013-05-16
wfo-0001029340,Nipple fruit Moza,cb483d3b-2212-4435-be15-d9d3f5758de3,,,,,,,,,,,,,,2013-05-16,Bob Magill,,2013-05-16
wfo-0001029340,Tetilla Teta de China,8a733217-dcef-48cb-90b5-429de250bfa1,,,,,,,,,,,,,,2013-05-16,Bob Magill,,2013-05-16
wfo-0001030583,Jerusalem cherry,6fd0129c-3677-42f0-9107-c7645a6b012e,,,,,,,,,,,,,,2013-05-16,Bob Magill,,2013-05-16
wfo-0000779723,African tulip tree,f8cea3b7-54ff-4101-8584-6c74aad87288,,,,,,,,,,,,,,2013-05-22,Bob Magill,,2013-05-22
wfo-4000033636,Widgeon- grass,37184948-e8b8-4a7b-8cc8-70140544d8f1,,,,,,,,,,,,,,2013-05-24,Bob Magill,,2013-05-24
wfo-0000459744,Capuchina espuela del gelan,8f7e6828-746c-420f-8e9c-93dfdf5b8c9d,,,,,,,,,,,,,,2013-05-24,Bob Magill,,2013-05-24
wfo-0000630878,clavel de San Jacinto,ecaae8ae-a327-4781-94e4-f34b0cdb86f8,,,,,,,,,,,,,,2013-05-29,Bob Magill,,2013-05-29
wfo-0000600688,arbol de mal casada,6ef98e8e-7d1b-4288-a31d-5f022a6f46ef,,,,,,,,,,,,,,2013-05-29,Bob Magill,,2013-05-29
wfo-0000628491,India rubber vine,4d57303d-8c58-4f28-b79a-44da34fe2199,,,,,,,,,,,,,,2013-05-30,Bob Magill,,2013-05-30
wfo-0000551246,Nifo Muerto,1e2db634-be1a-4fd4-bac4-d5a7b6597d69,,,,,,,,,,,,,,2013-05-30,Bob Magill,,2013-05-30
wfo-0000371803,cuingara cuinbara,f435c5d0-8836-48b5-a14f-cfea5c7c8841,,,,,,,,,,,,,,2013-05-30,Bob Magill,,2013-05-30
wfo-0000725176,wax-vine,5f079034-49e7-4ed8-a7b3-46300d4d0c5f,,,,,,,,,,,,,,2013-05-30,Bob Magill,,2013-05-30
wfo-0001297360,Batatilla,3b5c2ed9-c92a-42cd-9278-29f40165a08f,,,,,,,,,,,,,,2013-05-31,Bob Magill,,2013-05-31
wfo-0001297246,Camote,fe911050-d092-4967-af57-044f5d008a4b,,,,,,,,,,,,,,2013-05-31,Bob Magill,,2013-05-31
wfo-0001296662,Batatilla de cienaga campanilla,e6772506-88c2-40a5-b47c-d55731ab1e14,,,,,,,,,,,,,,2013-05-31,Bob Magill,,2013-05-31
wfo-0001296677,Cundeamor,8f6d7d56-d878-4aac-9037-6c7de26a3a83,,,,,,,,,,,,,,2013-05-31,Bob Magill,,2013-05-31
wfo-0000012549,yerba de caballo lengua de vaca,359d2a08-efda-412a-bccc-3d3237930c50,,,,,,,,,,,,,,2013-06-03,Bob Magill,,2013-06-03
wfo-0000012549,cucha-cara,70146b3e-bcd7-4e89-91d0-a6c677a9184c,,,,,,,,,,,,,,2013-06-03,Bob Magill,,2013-06-03
wfo-0000050095,chicoria suelda consuelda,6330d498-bee2-4563-93f7-570ce96ad3a8,,,,,,,,,,,,,,2013-06-03,Bob Magill,,2013-06-03
wfo-0000050095,escobilla blanca oreja de perro,0f52e4a0-a55b-4805-bf29-97d743d74f84,,,,,,,,,,,,,,2013-06-03,Bob Magill,,2013-06-03
wfo-0000050095,oreja de chucho,402d75d3-cecc-472d-b227-7f28e63c23fb,,,,,,,,,,,,,,2013-06-03,Bob Magill,,2013-06-03
wfo-0000084717,suelda con suelda,709868e2-0084-4f13-bb2f-d9d4d9c0fc4a,,,,,,,,,,,,,,2013-06-03,Bob Magill,,2013-06-03
wfo-0000013942,niagurgin,f94492dd-cbb1-4a07-89dd-b659288e2509,,,,,,,,,,,,,,2013-06-04,Bob Magill,,2013-06-04
wfo-0000036648,Colindre,99df949f-2ed3-44e4-9cd7-d4cff3ece7e6,,,,,,,,,,,,,,2013-06-04,Bob Magill,,2013-06-04
wfo-0000085544,roble,4d9928e2-ba96-4a2f-876e-c74ca9205bb8,,,,,,,,,,,,,,2013-06-05,Bob Magill,,2013-06-05
wfo-0000129978,Mexican devil-weed,2a58c856-4cda-43b4-a71f-3056b7ceed7b,,,,,,,,,,,,,,2013-06-06,Bob Magill,,2013-06-06
wfo-0000043751,Tabaquillo,3546557b-fbe5-4d33-91ae-a574cc95c098,,,,,,,,,,,,,,2013-06-06,Bob Magill,,2013-06-06
wfo-0000129910,Pascueta Orozuz,c5090b03-556f-454b-b2cb-73626b86adc4,,,,,,,,,,,,,,2013-06-06,Bob Magill,,2013-06-06
wfo-0000129910,Horseweed,99d0f249-033b-45de-8543-551ed5aaa7d2,,,,,,,,,,,,,,2013-06-06,Bob Magill,,2013-06-06
wfo-0000069875,Daisy fleabane,8ea274c1-8289-4815-b5ff-d6648670d66c,,,,,,,,,,,,,,2013-06-06,Bob Magill,,2013-06-06
wfo-0000048092,Lechuguilla,c08c6757-33c0-48e8-93c4-fb971030f7aa,,,,,,,,,,,,,,2013-06-13,Bob Magill,,2013-06-13
wfo-0000051355,Everlasting Inmortal,89dd9f52-0710-4e4d-80d0-6bf9707bae78,,,,,,,,,,,,,,2013-06-13,Bob Magill,,2013-06-13
wfo-0000072311,Salvia Curforal,b65432f4-6981-42e7-9024-ba699a0d6eb1,,,,,,,,,,,,,,2013-06-13,Bob Magill,,2013-06-13
wfo-0000134695,Clavellin de Playa,0fd9a1b6-725b-47eb-9cac-8b97168b0b9a,,,,,,,,,,,,,,2013-06-17,Bob Magill,,2013-06-17
wfo-0000115943,Spanish Needles,14b72c01-1b55-4a3d-8d6d-3f61e5069d99,,,,,,,,,,,,,,2013-06-17,Bob Magill,,2013-06-17
wfo-0000137673,Pega pega Clavijena de Monte,0d187fc7-a32c-4e20-b39a-0a8aa974ae41,,,,,,,,,,,,,,2013-06-18,Bob Magill,,2013-06-18
wfo-0000030713,Nifio Muerto,51d0ce23-5404-463f-87ac-bc761900ce07,,,,,,,,,,,,,,2013-06-18,Bob Magill,,2013-06-18
wfo-0000082627,Flor de Muerto,097e482b-2dfe-4546-b76c-1fc9d970f0bf,,,,,,,,,,,,,,2013-06-19,Bob Magill,,2013-06-19
wfo-0000121186,Flor de Muerto,dd0a5815-2875-4db6-aba1-bd7f4370261a,,,,,,,,,,,,,,2013-06-19,Bob Magill,,2013-06-19
wfo-0000074705,Flor de Muerto Rudillo,e1706fc9-4a28-4213-9e8a-c585c0e08f9c,,,,,,,,,,,,,,2013-06-19,Bob Magill,,2013-06-19
wfo-0000074705,Manzanilla,164aeb4c-3547-42d5-ac4d-8b82246b20bd,,,,,,,,,,,,,,2013-06-19,Bob Magill,,2013-06-19
wfo-0000093001,Marguarita,668115f1-9916-4470-8790-b6644ca359a7,,,,,,,,,,,,,,2013-06-19,Bob Magill,,2013-06-19
wfo-0000082730,Feverfew Manzanilla,edcd4a60-015b-4bcb-acc6-74e821feb7f5,,,,,,,,,,,,,,2013-06-19,Bob Magill,,2013-06-19
wfo-0000074809,Cat's Ears Hierba de Halc'n,e3ceb9cf-47ae-4640-aa18-c2ab27f2fb5e,,,,,,,,,,,,,,2013-06-20,Bob Magill,,2013-06-20
wfo-0000031264,Prickly sow-thistle Cerraja,b8ec79bf-1ccf-45f3-b6ec-f9ad175162a5,,,,,,,,,,,,,,2013-06-20,Bob Magill,,2013-06-20
wfo-0000069236,Sow thistle Cerraja,3b9fdce4-9606-4929-bc22-38f1efe95d43,,,,,,,,,,,,,,2013-06-20,Bob Magill,,2013-06-20
wfo-0000320463,samphire saltwort,74c9e5dd-675a-4d73-87bd-6711f98cd826,,,,,,,,,,,,,,2013-06-26,Bob Magill,,2013-06-26
wfo-0000320463,barilla,4c65fa7d-e6c2-44fc-a8a8-bf0b7ab8e6a6,,,,,,,,,,,,,,2013-06-26,Bob Magill,,2013-06-26
wfo-0001067103,mamecillo olocoso,88d6b491-7c27-463d-903f-0658aa7d9336,,,,,,,,,,,,,,2013-07-02,Bob Magill,,2013-07-02
wfo-4000019529,jasmine jasmin,dcc2e60d-a656-42d1-a2dd-99d511ff4aa7,,,,,,,,,,,,,,2013-07-08,Bob Magill,,2013-07-08
wfo-0000813884,jasmin de novia jasmin cafe,1cbb7c77-23a4-4fc7-85a2-80b20b542921,,,,,,,,,,,,,,2013-07-08,Bob Magill,,2013-07-08
wfo-0000813445,jasmin del papel,752dead3-5c5b-41f8-bdd3-b6c428579b88,,,,,,,,,,,,,,2013-07-08,Bob Magill,,2013-07-08
wfo-0000813548,Arabian jasmine asmin de Arabia,fa24f87d-2f17-4fad-9042-3987a9d1090f,,,,,,,,,,,,,,2013-07-08,Bob Magill,,2013-07-08
wfo-0000813548,diamela,e1c8999f-4bf3-4f86-a549-4046371285ce,,,,,,,,,,,,,,2013-07-08,Bob Magill,,2013-07-08
wfo-4000021729,privet alagustre,7b4b1137-86c2-40f7-9e4c-432d055dc62c,,,,,,,,,,,,,,2013-07-08,Bob Magill,,2013-07-08
wfo-0000566873,huevo vegetal arbol de huevo,4edd27c7-e62a-4f22-81dd-ee0d751ba9dc,,,,,,,,,,,,,,2013-07-15,Bob Magill,,2013-07-15
wfo-0000566873,seso vegetal akee,11eb28bf-22b9-4e8b-ab5b-91e32d087a18,,,,,,,,,,,,,,2013-07-15,Bob Magill,,2013-07-15
wfo-0000629421,gorgojo gorgojero,4e69727b-3470-42eb-a135-15af30fcde55,,,,,,,,,,,,,,2013-07-15,Bob Magill,,2013-07-15
wfo-0000629421,gorojo blanco,3829e8fa-af66-449d-afcc-83ecfe0bfb88,,,,,,,,,,,,,,2013-07-15,Bob Magill,,2013-07-15
wfo-0000629597,candelillo,bc10d23c-96c2-4829-9b62-276c8d530410,,,,,,,,,,,,,,2013-07-15,Bob Magill,,2013-07-15
wfo-0000651457,harino jarino,2ab7761a-85e2-4c5e-9856-683f52d4564b,,,,,,,,,,,,,,2013-07-16,Bob Magill,,2013-07-16
wfo-0000653170,hopbush hayuelo,6c616357-10c5-4728-b46c-3e9a607990dd,,,,,,,,,,,,,,2013-07-16,Bob Magill,,2013-07-16
wfo-0000453169,baralazo,9e0e9fc0-161f-4e1a-a385-9a41fe507613,,,,,,,,,,,,,,2013-07-16,Bob Magill,,2013-07-16
wfo-0000453111,baralazo,a1d758f0-3f28-472c-a45e-1f2dc159557a,,,,,,,,,,,,,,2013-07-16,Bob Magill,,2013-07-16
wfo-0000452919,genip ginep,f7f40eb1-9d27-4dd8-9504-bf649c0dee15,,,,,,,,,,,,,,2013-07-16,Bob Magill,,2013-07-16
wfo-0000452919,mamon mamoncillo,2734bd9d-c892-4340-b5ec-2fd508ef4c39,,,,,,,,,,,,,,2013-07-16,Bob Magill,,2013-07-16
wfo-0000452919,quenepa escanjote,41bb6f9e-42c1-4794-8f69-8134d86d1e54,,,,,,,,,,,,,,2013-07-16,Bob Magill,,2013-07-16
wfo-0000452919,mamon de cartegena spanish lime,090707e7-9f78-4727-b471-f15863761c6d,,,,,,,,,,,,,,2013-07-16,Bob Magill,,2013-07-16
wfo-0000452919,chenet quenep,9901325c-aa61-469e-8541-ce51fbe63884,,,,,,,,,,,,,,2013-07-16,Bob Magill,,2013-07-16
wfo-0000452919,guenette guenettier,11cd8bd6-0ada-4091-9aec-c9e76e2f7e44,,,,,,,,,,,,,,2013-07-16,Bob Magill,,2013-07-16
wfo-0000452919,kenepier kenepa,21c41f55-0c89-46a2-9f81-c0beaf087a08,,,,,,,,,,,,,,2013-07-16,Bob Magill,,2013-07-16
wfo-0000452919,kinnup-tree knippen,5172268b-0ae5-4192-b373-8ad4427d285b,,,,,,,,,,,,,,2013-07-16,Bob Magill,,2013-07-16
wfo-0000471231,hierba de alacran nistamal,522ad322-ff48-4cbd-88c3-44456f0faa9e,,,,,,,,,,,,,,2013-07-16,Bob Magill,,2013-07-16
wfo-0000471231,nistamalillo barbasco,4307567b-e858-4053-9f2e-65b6d1e1dcfa,,,,,,,,,,,,,,2013-07-16,Bob Magill,,2013-07-16
wfo-0000471231,bejuco cuadrado cainpalaca,13ced84b-4458-4472-800e-a00807dfb98c,,,,,,,,,,,,,,2013-07-16,Bob Magill,,2013-07-16
wfo-0000471231,bejuco costillon pico de guiloche,d9cd7bd9-5a39-46d4-b578-eb1588619cd7,,,,,,,,,,,,,,2013-07-16,Bob Magill,,2013-07-16
wfo-0000471231,panoguera,f91e092a-57e7-418c-8385-91e7235ff76c,,,,,,,,,,,,,,2013-07-16,Bob Magill,,2013-07-16
wfo-0000471616,barbasco apgi,4fd8769e-6cc9-4bb0-a4e8-15ef15d59a03,,,,,,,,,,,,,,2013-07-16,Bob Magill,,2013-07-16
wfo-0000493168,limoncillo jaboncillo,40ba9fc6-8513-4459-a77c-92628a67b4c3,,,,,,,,,,,,,,2013-07-18,Bob Magill,,2013-07-18
wfo-0000493168,soap-  berry,af2b4eb8-2aab-4043-9e6f-2718920cdf10,,,,,,,,,,,,,,2013-07-18,Bob Magill,,2013-07-18
wfo-0000493480,barbasco,a2c69c9e-e78b-4a4e-9053-f3aba8d2665f,,,,,,,,,,,,,,2013-07-18,Bob Magill,,2013-07-18
wfo-0000458992,mamon de monte cotupli,bd5f9786-c33d-441e-be66-f459ba50b04a,,,,,,,,,,,,,,2013-07-18,Bob Magill,,2013-07-18
wfo-0001134918,sapotero,08a9b3e2-736d-4cce-aa10-7c9a62463204,,,,,,,,,,,,,,2013-07-18,Bob Magill,,2013-07-18
wfo-0001133506,sauce willow,42a68da9-f040-4d3f-bb6c-ac190c55c13e,,,,,,,,,,,,,,2013-07-19,Bob Magill,,2013-07-19
wfo-0000591609,sandia de culebra hierba coral,5fd2c505-dba3-42d4-a291-123c5f7f8ed1,,,,,,,,,,,,,,2013-07-31,Bob Magill,,2013-07-31
wfo-0000591609,camara Taranta,64e922ff-e41e-4e8e-97dd-d3405e9e3773,,,,,,,,,,,,,,2013-07-31,Bob Magill,,2013-07-31
wfo-0000607858,common watermelon sandia,a81a0281-1bac-4d53-8410-200d27130856,,,,,,,,,,,,,,2013-07-31,Bob Magill,,2013-07-31
wfo-0000628801,Canguria pepino cimarron,9722b0da-f91e-48b6-af53-c77cf6a61dcc,,,,,,,,,,,,,,2013-07-31,Bob Magill,,2013-07-31
wfo-0000628801,pepineto concombro,6320cc62-ad22-4d8c-8c95-baa2466fa0c3,,,,,,,,,,,,,,2013-07-31,Bob Magill,,2013-07-31
wfo-0000628801,bur cucumber West Indian gherkin,e08be6df-7ee9-43c6-a357-4ca7c4dac93f,,,,,,,,,,,,,,2013-07-31,Bob Magill,,2013-07-31
wfo-0000628801,gooseberry gourd sandia de raton,37d0b234-c2e6-4149-bfaf-f2620830c05b,,,,,,,,,,,,,,2013-07-31,Bob Magill,,2013-07-31
wfo-0000628992,pepino pepino de ensalada,c864a4ec-5601-4b19-8e68-f357ff017e5d,,,,,,,,,,,,,,2013-07-31,Bob Magill,,2013-07-31
wfo-0000628992,pepino de Espana cohombro,9894df13-feae-46d7-bbdd-b3e92fc45eb8,,,,,,,,,,,,,,2013-07-31,Bob Magill,,2013-07-31
wfo-0000629069,chilacayote malabar gourd,27ce03fe-ace9-4a41-a464-7196422ecf1a,,,,,,,,,,,,,,2013-07-31,Bob Magill,,2013-07-31
wfo-0000629069,fig-leaf gourd,e652343b-6db9-4da1-9ba5-09ca5af2a7e8,,,,,,,,,,,,,,2013-07-31,Bob Magill,,2013-07-31
wfo-0000629095,autumn squash winter squash,afb344f3-07f6-4808-96ea-e5147f3e4ce1,,,,,,,,,,,,,,2013-07-31,Bob Magill,,2013-07-31
wfo-0000629095,pumpkin,0070a3c7-d06d-464a-a6d9-fc58589ab6f4,,,,,,,,,,,,,,2013-07-31,Bob Magill,,2013-07-31
wfo-0000629123,summer squash summer crookneck squash,232b15db-dfc4-4900-b7b4-f85ec5c41094,,,,,,,,,,,,,,2013-07-31,Bob Magill,,2013-07-31
wfo-0000629123,summer pumpkin common gourd,9d740340-167c-4048-8d35-a46a2f67426d,,,,,,,,,,,,,,2013-07-31,Bob Magill,,2013-07-31
wfo-0000629123,marrow zucchini,0e0c4005-e351-4815-b508-016b90e85cd2,,,,,,,,,,,,,,2013-07-31,Bob Magill,,2013-07-31
wfo-0000629123,supuyo calabazo,a0b1c0ea-3518-414b-8c13-c2d83a1ff9a6,,,,,,,,,,,,,,2013-07-31,Bob Magill,,2013-07-31
wfo-0000361549,tule de mate calabaza,359ed74b-b4fb-4667-b5dc-bd98fbb1e3c9,,,,,,,,,,,,,,2013-07-31,Bob Magill,,2013-07-31
wfo-0000361549,tarro tecomate,bb8d5124-c07f-4c33-8034-36bcb406976b,,,,,,,,,,,,,,2013-07-31,Bob Magill,,2013-07-31
wfo-0000361549,tecomatillo tol,f2dbaa8e-b17a-4c91-ba27-5f639cbf8951,,,,,,,,,,,,,,2013-07-31,Bob Magill,,2013-07-31
wfo-0000361549,bule calabaza,70d1c5ef-ad89-4a82-aeb1-e20d99412d83,,,,,,,,,,,,,,2013-07-31,Bob Magill,,2013-07-31
wfo-0000358882,calabazo esponga,d6160438-6dbf-42d8-a9d7-c323defe3d57,,,,,,,,,,,,,,2013-07-31,Bob Magill,,2013-07-31
wfo-0000358882,sponge cucumber vegetable sponge,5c87824d-8a2f-4dd1-a7ce-744261051a04,,,,,,,,,,,,,,2013-07-31,Bob Magill,,2013-07-31
wfo-0000358882,spongegourd,0f41cfcf-78b4-48e4-a355-049c5f82090c,,,,,,,,,,,,,,2013-07-31,Bob Magill,,2013-07-31
wfo-0000358820,espongillo spongegourd,41129e85-31bb-4bb4-81a2-033e0cb9e782,,,,,,,,,,,,,,2013-07-31,Bob Magill,,2013-07-31
wfo-0000376916,balsamina,4dec4849-9687-4e35-a161-8bab3b56018b,,,,,,,,,,,,,,2013-08-01,Bob Magill,,2013-08-01
wfo-0000395603,brujito,a0c7f9c2-f573-4215-8fdd-930ca2a1dd6e,,,,,,,,,,,,,,2013-08-01,Bob Magill,,2013-08-01
wfo-0000441843,chayote guisayote,ab8148bf-f251-4be2-8c5f-b8bdf43364c3,,,,,,,,,,,,,,2013-08-01,Bob Magill,,2013-08-01
wfo-0000441843,huisquil huisayote,a064851e-467e-4dae-ae9d-de8d9640fce2,,,,,,,,,,,,,,2013-08-01,Bob Magill,,2013-08-01
wfo-0000441843,chocho chitla,7682d8f0-75a0-41ff-83da-296f0da26985,,,,,,,,,,,,,,2013-08-01,Bob Magill,,2013-08-01
wfo-0000441531,chila calabaza,89b0209c-cc5c-4038-afe1-c795746dc549,,,,,,,,,,,,,,2013-08-01,Bob Magill,,2013-08-01
wfo-0000441531,secana olerero,e5bc22f2-81d8-40c1-8978-673777779931,,,,,,,,,,,,,,2013-08-01,Bob Magill,,2013-08-01
wfo-0000615703,jenerasia,70e73b6f-07b8-4a19-aef2-9f7b6dd68e5f,,,,,,,,,,,,,,2013-08-06,Bob Magill,,2013-08-06
wfo-0000670281,Flame Violet,e122c597-e5c2-4677-b492-8ab3c08ff914,,,,,,,,,,,,,,2013-08-07,Bob Magill,,2013-08-07
wfo-0000670305,Nepano Nappa tuttu purwikua,806bf4e3-e397-4059-b724-f05e2117ff07,,,,,,,,,,,,,,2013-08-07,Bob Magill,,2013-08-07
wfo-4000015829,Florists-Gloxinia,ee3cefc9-cffd-49b1-9856-ab3338d85802,,,,,,,,,,,,,,2013-08-07,Bob Magill,,2013-08-07
wfo-0000357862,Perrito,1c629ed0-ea60-43f1-b898-08e7a1181f39,,,,,,,,,,,,,,2013-08-08,Bob Magill,,2013-08-08
wfo-0001249323,naranja,f86ad327-253e-473d-b352-621c9c63d4c5,,,,,,,,,,,,,,2013-08-12,Bob Magill,,2013-08-12
wfo-0000536474,Porto Bello Boca de la Vieja,bb40dda4-8179-4201-98b7-c2c20812c58e,,,,,,,,,,,,,,2013-08-14,Bob Magill,,2013-08-14
wfo-0000536474,Angelon,fa9e6259-664d-4b24-ae99-117e5fc3823a,,,,,,,,,,,,,,2013-08-14,Bob Magill,,2013-08-14
wfo-0000585310,Goatweed Te del Pais,3f7aaab2-a120-4344-a90f-772254646b5a,,,,,,,,,,,,,,2013-08-15,Bob Magill,,2013-08-15
wfo-0000585310,Hierba Te Cola de Gallo,597d8230-00a1-4cb7-9489-9e4d7233b12f,,,,,,,,,,,,,,2013-08-15,Bob Magill,,2013-08-15
wfo-4000011699,Foxgloves,14caa007-6ba9-46a4-a96a-ecc45914d4e3,,,,,,,,,,,,,,2013-08-15,Bob Magill,,2013-08-15
wfo-0000647394,Foxglove Dedalera,380b3e97-e8e6-4cee-a564-6725bf92c150,,,,,,,,,,,,,,2013-08-15,Bob Magill,,2013-08-15
wfo-4000014030,Color Azafran,59946738-0e35-4a1c-af5d-c3d64fe314ed,,,,,,,,,,,,,,2013-08-15,Bob Magill,,2013-08-15
wfo-0000495138,Sweet Broom Escobilla amarga,53b590ab-cc46-4cf4-95d5-bb83c9a9c7ba,,,,,,,,,,,,,,2013-08-16,Bob Magill,,2013-08-16
wfo-0000495138,Escoba amarga,ee5149fb-0710-47d2-9fa3-fede9c0b4fb6,,,,,,,,,,,,,,2013-08-16,Bob Magill,,2013-08-16
wfo-0000496041,Hierba santa Corrimiento,b906b883-7389-4400-8cc9-37b3be970fe3,,,,,,,,,,,,,,2013-08-16,Bob Magill,,2013-08-16
wfo-0000941730,Trompo Trompito,034542bb-974d-4856-869a-d84c8c33e572,,,,,,,,,,,,,,2013-08-19,Bob Magill,,2013-08-19
wfo-0000941730,Largartillo Madrofio,2e72b21d-4ddb-4ac6-9c86-f116a44e41b1,,,,,,,,,,,,,,2013-08-19,Bob Magill,,2013-08-19
wfo-0000941730,Madrofio de Comer Trompo,5dc95815-120b-4aaa-aa05-1f594cea1907,,,,,,,,,,,,,,2013-08-19,Bob Magill,,2013-08-19
wfo-0000941730,Trompito Wild Guava,37e7233b-4505-4104-83b5-6af3f7f6af63,,,,,,,,,,,,,,2013-08-19,Bob Magill,,2013-08-19
wfo-0000350626,Borojo Borojo Hembra,bbfa8fae-602a-436a-bd47-cb93a0fa9a26,,,,,,,,,,,,,,2013-08-19,Bob Magill,,2013-08-19
wfo-0000350626,Borojo Macho Burijo,458932f9-4086-457b-a3b6-dab69440cc76,,,,,,,,,,,,,,2013-08-19,Bob Magill,,2013-08-19
wfo-0000352644,Sab Tutu,9c242c39-7212-4a43-b5d3-d87d76c54b1d,,,,,,,,,,,,,,2013-08-20,Bob Magill,,2013-08-20
wfo-0000352730,Cansa-mozo,6850d6f8-a2b3-4958-a69c-e743e69d4d1d,,,,,,,,,,,,,,2013-08-20,Bob Magill,,2013-08-20
wfo-0000782062,Alazano Guayabo,c8077a79-0e9f-4f1a-9b18-c0d4e2fa8435,,,,,,,,,,,,,,2013-08-20,Bob Magill,,2013-08-20
wfo-0000782062,Harino Madrofio,13e5670f-fcd5-4227-8e7e-3e7c031150f2,,,,,,,,,,,,,,2013-08-20,Bob Magill,,2013-08-20
wfo-0000782062,Salamo,ca0bdf2b-8f84-4e39-9141-6f87161ca77d,,,,,,,,,,,,,,2013-08-20,Bob Magill,,2013-08-20
wfo-0000826214,Hinupichica,36b726d3-d731-4441-a166-7d975fad5a04,,,,,,,,,,,,,,2013-08-20,Bob Magill,,2013-08-20
wfo-0000826911,Uasika,fad36901-44fd-4f1c-985a-6e55c94db05d,,,,,,,,,,,,,,2013-08-20,Bob Magill,,2013-08-20
wfo-0000844607,Jagua amarilla,1bc7ff1c-77a7-41ff-8e8b-3a325e34b9bd,,,,,,,,,,,,,,2013-08-21,Bob Magill,,2013-08-21
wfo-0000844669,Yema de Huevo,afbdedba-7ed6-4bd0-a7bc-c25e4a2b82fb,,,,,,,,,,,,,,2013-08-21,Bob Magill,,2013-08-21
wfo-0000844784,Lagrimas de Maria,e33b745a-df1c-4dbc-9cab-6d7496c91f05,,,,,,,,,,,,,,2013-08-21,Bob Magill,,2013-08-21
wfo-0000850010,Tablis Tapaliso,5a5671d6-0f16-4d11-82e2-d38e3bbc7360,,,,,,,,,,,,,,2013-08-28,Bob Magill,,2013-08-28
wfo-0000850010,Tapalizo,ca895ae0-ea2d-4eae-a225-3d51739b0030,,,,,,,,,,,,,,2013-08-28,Bob Magill,,2013-08-28
wfo-0001132225,Pata de Gallina,4d1ef5d0-9b24-4bbe-9ce4-f1108f6829b2,,,,,,,,,,,,,,2013-08-28,Bob Magill,,2013-08-28
wfo-0000850338,Pata de Palome,fe6a1e59-1ea9-4f24-8713-5891a088c67f,,,,,,,,,,,,,,2013-08-28,Bob Magill,,2013-08-28
wfo-0000862489,Quina,b001fb77-dc1f-49c2-8846-1a452aa5d96c,,,,,,,,,,,,,,2013-08-28,Bob Magill,,2013-08-28
wfo-0000911201,Coffee,4a17942a-8e27-4800-b0a0-623304ae8c8a,,,,,,,,,,,,,,2013-08-28,Bob Magill,,2013-08-28
wfo-0000926079,Colorin,17e799f7-e3df-442d-86a8-9985271aafda,,,,,,,,,,,,,,2013-09-04,Bob Magill,,2013-09-04
wfo-0000926501,Ninio Muerto Quina,6fe1168c-4380-41d0-932c-b478ffbd5530,,,,,,,,,,,,,,2013-09-04,Bob Magill,,2013-09-04
wfo-0000966736,Huesito,c97e6649-9d47-4b7a-8eaa-b006118a8c2f,,,,,,,,,,,,,,2013-09-04,Bob Magill,,2013-09-04
wfo-0000966781,Huesito Benja- min,f760b154-fa97-4787-b735-04d7950d50cb,,,,,,,,,,,,,,2013-09-04,Bob Magill,,2013-09-04
wfo-0000966781,Palo Escrito,d9fc8e0d-08fd-445d-b569-e26f1d8caabd,,,,,,,,,,,,,,2013-09-04,Bob Magill,,2013-09-04
wfo-0000971808,Jagua Guaytil Blanco,31e58ced-1fba-4a0e-b547-8eaae944e496,,,,,,,,,,,,,,2013-09-04,Bob Magill,,2013-09-04
wfo-0000971808,Guaitil Blanco Jagua Amarilla,c49662e3-ec67-4c38-8be4-dd96637633c5,,,,,,,,,,,,,,2013-09-04,Bob Magill,,2013-09-04
wfo-0000971808,Jagua Blanca Jagua Colorado,f339fad8-c9a9-4224-aa5c-b95a6d1bb3f2,,,,,,,,,,,,,,2013-09-04,Bob Magill,,2013-09-04
wfo-0000971808,Jagua de Montana,4b2f7f5f-5817-4cdb-b8f4-322ee0a1ab78,,,,,,,,,,,,,,2013-09-04,Bob Magill,,2013-09-04
wfo-0000972408,Nomas Tuwat,f5172624-a9bc-431f-b208-a9042c49f6a7,,,,,,,,,,,,,,2013-09-04,Bob Magill,,2013-09-04
wfo-0000974537,Niguita Ina Kapuriwiwa,d62faaef-af4b-4f23-9285-1677336f8828,,,,,,,,,,,,,,2013-09-04,Bob Magill,,2013-09-04
wfo-0000974548,Niguita Usiburnu,ada62877-d7fc-473b-acd1-377865f32997,,,,,,,,,,,,,,2013-09-04,Bob Magill,,2013-09-04
wfo-0000974548,Puruiwat Inna Ulu,a2e275b5-bae7-4448-8e3c-7da9e43026a7,,,,,,,,,,,,,,2013-09-04,Bob Magill,,2013-09-04
wfo-0000974548,Ipar kae Tummat Ipa Kae,b9d41827-b380-4e3f-9b18-769358518edf,,,,,,,,,,,,,,2013-09-04,Bob Magill,,2013-09-04
wfo-0000974548,Ibia ina,22b18865-fc31-4c0d-8916-cfccca9981d7,,,,,,,,,,,,,,2013-09-04,Bob Magill,,2013-09-04
wfo-0000976106,Guyababa Espino,78f8a2ec-d85c-446d-8522-4dde976c1ec0,,,,,,,,,,,,,,2013-09-05,Bob Magill,,2013-09-05
wfo-0000976183,Espino Blanco Huesio Negro,001d6e4e-08ef-4ed2-82f6-6bedb282c1b0,,,,,,,,,,,,,,2013-09-05,Bob Magill,,2013-09-05
wfo-0000979101,Ojo movado,55f1f768-8353-4591-9d34-e9170549cdd2,,,,,,,,,,,,,,2013-09-05,Bob Magill,,2013-09-05
wfo-0000217716,Canelito Fruta de Mono,e4e2a6c8-e82b-4fd4-9ced-55b51d128bc1,,,,,,,,,,,,,,2013-09-05,Bob Magill,,2013-09-05
wfo-0000217716,Huevo de Mono Murcielago,cc85d6ff-9071-4bdf-9833-13587c84bc35,,,,,,,,,,,,,,2013-09-05,Bob Magill,,2013-09-05
wfo-0000217716,Pansus Tumatti,71d0d73b-afca-43ec-8af2-a5b4e0a70eec,,,,,,,,,,,,,,2013-09-05,Bob Magill,,2013-09-05
wfo-0000218311,Buquet de Novia Cacho de Toro,1e55cf75-15c7-46d6-b18e-234953f9e40f,,,,,,,,,,,,,,2013-09-10,Bob Magill,,2013-09-10
wfo-0000218311,Jazmin de Coral,9ebaa22d-a9df-4e9b-bc8c-8a598996931b,,,,,,,,,,,,,,2013-09-10,Bob Magill,,2013-09-10
wfo-0000218443,Lila,9bfc9463-6122-4d01-877e-194cb329b83b,,,,,,,,,,,,,,2013-09-10,Bob Magill,,2013-09-10
wfo-0000218449,Cacho de Toro,0ecaa374-d621-4807-b267-c3293d229356,,,,,,,,,,,,,,2013-09-10,Bob Magill,,2013-09-10
wfo-0000221887,Fruta Mono Michurajo,fa7e45b6-f3f1-451d-b539-1d7dd17e689a,,,,,,,,,,,,,,2013-09-10,Bob Magill,,2013-09-10
wfo-0000227830,Guabita de Quebrada,06d3a0b4-f252-4499-bc54-2068a0a4e1ec,,,,,,,,,,,,,,2013-09-10,Bob Magill,,2013-09-10
wfo-0000232549,Palo cuadrado Palo blanco,52094106-8ead-4936-8e41-ed8697b46e37,,,,,,,,,,,,,,2013-09-10,Bob Magill,,2013-09-10
wfo-0000232549,Madrono Guanabana Torete,2500066e-c809-4464-bdc3-4518fb33472f,,,,,,,,,,,,,,2013-09-10,Bob Magill,,2013-09-10
wfo-0000232549,Cedro Macho Cedro Chumaquino,e70e3f74-bdbc-4e4b-99b0-c9dd1277e912,,,,,,,,,,,,,,2013-09-10,Bob Magill,,2013-09-10
wfo-0000266778,Hoja de Murcielago,8863e69a-aef6-47fb-a1b1-ef33d7ba4131,,,,,,,,,,,,,,2013-09-11,Bob Magill,,2013-09-11
wfo-0000266784,Biruchichiho,2c45329d-5a22-4ccf-979c-4af095ed2804,,,,,,,,,,,,,,2013-09-11,Bob Magill,,2013-09-11
wfo-0000279630,Chorcha de Gallo Madronio,1f806d30-1a06-47a0-bbb6-a1736d8286f5,,,,,,,,,,,,,,2013-09-12,Bob Magill,,2013-09-12
wfo-0000279630,Chibigui,80ca1bbf-3a6a-4080-ad4b-f10f747ef193,,,,,,,,,,,,,,2013-09-12,Bob Magill,,2013-09-12
wfo-0000281178,Boca (de) Vieja Borajo,20d44dfc-a239-4bdb-81e4-585ffb4b5a56,,,,,,,,,,,,,,2013-09-12,Bob Magill,,2013-09-12
wfo-0000281178,Fruta de Mono Huevo de Mono,acb522f2-2600-4214-94dd-b5d2655cad8b,,,,,,,,,,,,,,2013-09-12,Bob Magill,,2013-09-12
wfo-0000281178,Fruta de Murcielago Mariquito de Marea,7cd12b8c-0df6-4c28-be4a-9b0ab37bcbcc,,,,,,,,,,,,,,2013-09-12,Bob Magill,,2013-09-12
wfo-0000281178,Monkey Apple Tuli Viejo,e953cb7b-7d0b-42c4-a64e-10c1c26c3934,,,,,,,,,,,,,,2013-09-12,Bob Magill,,2013-09-12
wfo-0000281178,Sui Tirmas,8340c04e-d9ac-4bc6-baf0-1f2ab3cb8550,,,,,,,,,,,,,,2013-09-12,Bob Magill,,2013-09-12
wfo-0000285109,Pugabaca pacuru,94556da3-6b7f-452b-83d5-c8195d8de1c0,,,,,,,,,,,,,,2013-09-12,Bob Magill,,2013-09-12
wfo-0000285336,Coco Bolito,3587f0df-acdb-4994-86c6-8b406a3496a2,,,,,,,,,,,,,,2013-09-13,Bob Magill,,2013-09-13
wfo-0000285433,Cocobolito,baf01ed8-9e04-4d88-bc4f-2f16617403da,,,,,,,,,,,,,,2013-09-13,Bob Magill,,2013-09-13
wfo-0000285695,Raicillo Macho Macua,386cbac9-070c-43da-962b-be1c156a56f8,,,,,,,,,,,,,,2013-09-13,Bob Magill,,2013-09-13
wfo-0000285695,Moncoa Raicilla Macho,57957a66-5d6a-4ff4-97a1-a743ff76e7ae,,,,,,,,,,,,,,2013-09-13,Bob Magill,,2013-09-13
wfo-0000285941,Rabo de Puerco,8d80e8f3-5d20-4e5b-b4b9-6b6b048197e5,,,,,,,,,,,,,,2013-09-16,Bob Magill,,2013-09-16
wfo-0000286596,Gorojito,f28be74a-0bfb-4bca-b35c-f737df720dac,,,,,,,,,,,,,,2013-09-16,Bob Magill,,2013-09-16
wfo-0000286665,Uasicuit Esuargit,27a96c0e-e7aa-464a-bbe6-4678cfb6fe04,,,,,,,,,,,,,,2013-09-16,Bob Magill,,2013-09-16
wfo-0000287089,perparva,1a0f9eec-fca2-4b86-a266-b42cac9027da,,,,,,,,,,,,,,2013-09-16,Bob Magill,,2013-09-16
wfo-0000287247,Iskarmas Tumat Tibisci,a5300825-4d2f-4123-9858-50a76e980834,,,,,,,,,,,,,,2013-09-16,Bob Magill,,2013-09-16
wfo-0000294284,Iko nasi,8398e682-a282-4e6e-8c62-18c3782c52d3,,,,,,,,,,,,,,2013-09-17,Bob Magill,,2013-09-17
wfo-0000294317,Jagua Macho Miel Quema,4eeef8c2-cd2e-4011-a8c1-bae837c08fdf,,,,,,,,,,,,,,2013-09-17,Bob Magill,,2013-09-17
wfo-0000299563,Ibia ina,17eefe35-60d5-4e23-bc5f-909bcd6aaa69,,,,,,,,,,,,,,2013-09-18,Bob Magill,,2013-09-18
wfo-0000311171,Palo Colorado,56a6dc3d-faca-454c-8d4f-6caa2f7ad83e,,,,,,,,,,,,,,2013-09-18,Bob Magill,,2013-09-18
wfo-0000311176,Guaiatil Guaiatil Colorado,8ae6926c-0156-4c09-a8f1-071812215185,,,,,,,,,,,,,,2013-09-18,Bob Magill,,2013-09-18
wfo-0000311176,Jagua de Montana Jagua Colorado,0cd1f0cb-8589-4b99-9ec8-f9f893d465fd,,,,,,,,,,,,,,2013-09-18,Bob Magill,,2013-09-18
wfo-0000329329,Bejuco de Agua Tua juncara,7fc669af-9374-4902-8876-b75789dc4fac,,,,,,,,,,,,,,2013-09-18,Bob Magill,,2013-09-18
wfo-0000329329,Rangaya,91e3e932-f16c-4fc6-a29d-6dceeacadfce,,,,,,,,,,,,,,2013-09-18,Bob Magill,,2013-09-18
wfo-0000333885,Sangrenaria Guna,b5035070-b7ae-4a84-815d-fc5fcfb9788c,,,,,,,,,,,,,,2013-09-18,Bob Magill,,2013-09-18
wfo-0000333885,Crucero,3d322608-e616-4e6d-8706-a1fef8d4bce1,,,,,,,,,,,,,,2013-09-18,Bob Magill,,2013-09-18
wfo-0000497088,sesame ajonjoli,9d7ea53a-2be6-4196-bfd9-f65bb3ea494b,,,,,,,,,,,,,,2013-09-19,Bob Magill,,2013-09-19
wfo-0000178702,Precatory Beads Bejuco de Peronia,49eed065-e55f-41fe-adb2-926cf2d0616a,,,,,,,,,,,,,,2013-09-24,Bob Magill,,2013-09-24
wfo-0000178702,Bejuco de Peonia,a03d326d-03a4-444f-9b84-00b68feee63a,,,,,,,,,,,,,,2013-09-24,Bob Magill,,2013-09-24
wfo-0000184517,malvecino,23c9cc52-9943-4ea8-b425-d0cd31f71d6f,,,,,,,,,,,,,,2013-09-24,Bob Magill,,2013-09-24
wfo-4000000811,pega-pega,2b344605-b17f-4a30-8cac-42ca9f793550,,,,,,,,,,,,,,2013-09-24,Bob Magill,,2013-09-24
wfo-0000173808,pega-pega,19ceb019-4d51-4dcd-9a53-8f33cb681908,,,,,,,,,,,,,,2013-09-24,Bob Magill,,2013-09-24
wfo-0001050968,dormidea pega-pega,07d16c2f-4381-491b-b50d-0a543831f0ac,,,,,,,,,,,,,,2013-09-24,Bob Magill,,2013-09-24
wfo-0000165520,pega-pega,b2edbe1b-df85-42e0-a64c-df9250e8b56d,,,,,,,,,,,,,,2013-09-24,Bob Magill,,2013-09-24
wfo-0000173879,balsamo hediondo cerezo,9cce7aa0-cc0d-4ef0-a0b5-e626161f23cf,,,,,,,,,,,,,,2013-09-24,Bob Magill,,2013-09-24
wfo-0000173879,tush che,864073ec-bb6f-4e1f-bcf3-723a40e32bec,,,,,,,,,,,,,,2013-09-24,Bob Magill,,2013-09-24
wfo-0000183574,Pito,51753f42-e58a-4d6d-a8d5-ab144227e7df,,,,,,,,,,,,,,2013-09-25,Bob Magill,,2013-09-25
wfo-0000207244,frijolillo chinchin,93c2f9c9-075e-4291-aeb0-c034486ce532,,,,,,,,,,,,,,2013-09-25,Bob Magill,,2013-09-25
wfo-0000207244,chipilin macho chipilin,d080917f-cd6b-4bb3-a861-54eacc4bf3d1,,,,,,,,,,,,,,2013-09-25,Bob Magill,,2013-09-25
wfo-0000207244,chilpilin de zope chilpilin de venado,653f7bf9-23f8-4846-a0be-04b35bb6b813,,,,,,,,,,,,,,2013-09-25,Bob Magill,,2013-09-25
wfo-0000174077,Chiba-Chiba frijolillo,49e68a8e-3cf8-404a-b3d5-cf9147fbd69a,,,,,,,,,,,,,,2013-09-25,Bob Magill,,2013-09-25
wfo-0000210930,quiebra- plato gallincillo,4d69e23a-4df0-4f61-a120-cd26c3966021,,,,,,,,,,,,,,2013-09-25,Bob Magill,,2013-09-25
wfo-0000210930,patillo matraca,b3163b22-51a1-4d22-b3d5-5af4fa259367,,,,,,,,,,,,,,2013-09-25,Bob Magill,,2013-09-25
wfo-0000210930,sonajuelas,dff6c4b9-82a8-49a3-895c-1c9b114e8963,,,,,,,,,,,,,,2013-09-25,Bob Magill,,2013-09-25
wfo-0000174082,chinchin cohetillo,898f9d9c-fd58-40a8-b872-da3e212374f7,,,,,,,,,,,,,,2013-09-25,Bob Magill,,2013-09-25
wfo-0000174082,espadilla Guatemala,e2689302-1ee1-40ad-b676-99cdf3d04e12,,,,,,,,,,,,,,2013-09-25,Bob Magill,,2013-09-25
wfo-0000174082,chipilin de montana,1dac42df-0cb6-41fc-808b-36ae3a2c93da,,,,,,,,,,,,,,2013-09-25,Bob Magill,,2013-09-25
wfo-0000210927,rattle box,7f3273e1-2b61-4b54-a5f9-691b210e3621,,,,,,,,,,,,,,2013-09-25,Bob Magill,,2013-09-25
wfo-0000182178,Ojo de Buey,66087604-8828-4016-bf65-95ca965d36af,,,,,,,,,,,,,,2013-09-26,Bob Magill,,2013-09-26
wfo-0000210418,Mandeva,926ea180-2acd-4ffc-91c5-a2ae86f32d42,,,,,,,,,,,,,,2013-09-26,Bob Magill,,2013-09-26
wfo-0000163879,matabuey cashal,06964b7d-da3b-40d2-b270-dc6b330e7993,,,,,,,,,,,,,,2013-09-27,Bob Magill,,2013-09-27
wfo-0000163879,palo de tigre pizarro,c8b6e8bd-af8e-4ac7-a4c5-43a2379a557f,,,,,,,,,,,,,,2013-09-27,Bob Magill,,2013-09-27
wfo-0000163882,citron,b37e7b8d-d258-4bc4-ab67-8bb5cd99885f,,,,,,,,,,,,,,2013-09-27,Bob Magill,,2013-09-27
wfo-0000178022,mata-raton madre de cacao,48d7a566-ae08-48fb-83a7-c80674d8881f,,,,,,,,,,,,,,2013-09-30,Bob Magill,,2013-09-30
wfo-4000022442,Lupin Altramuz,87a2d409-b1cd-4d8d-bce9-6370a7ab3219,,,,,,,,,,,,,,2013-09-30,Bob Magill,,2013-09-30
wfo-4000022442,Lupino,2ff92805-e115-4759-9675-cffd92880200,,,,,,,,,,,,,,2013-09-30,Bob Magill,,2013-09-30
wfo-4000025186,orcones pilones,b5fe0df3-bff1-42c3-aadf-15ed281a6a93,,,,,,,,,,,,,,2013-09-30,Bob Magill,,2013-09-30
wfo-0001052482,peronil,2df30ad1-819b-4c28-a81e-15e043ddfc74,,,,,,,,,,,,,,2013-09-30,Bob Magill,,2013-09-30
wfo-0000183119,Yam Bean Jicama,511e674a-4a6f-47d1-b0c8-8e72cbee82c0,,,,,,,,,,,,,,2013-09-30,Bob Magill,,2013-09-30
wfo-0000183242,Scarlet Runner Bean,7d53668f-2d49-4900-a510-c7fcdbb2d944,,,,,,,,,,,,,,2013-09-30,Bob Magill,,2013-09-30
wfo-0000183263,Lima bean Habas,b5aef87c-1e9d-41a0-b1cb-cd85d93dd310,,,,,,,,,,,,,,2013-09-30,Bob Magill,,2013-09-30
wfo-0000182939,Kudzu,eef4f2bf-3006-4ec6-b6b3-da093a9bac62,,,,,,,,,,,,,,2013-09-30,Bob Magill,,2013-09-30
wfo-0000183173,Pica-Pica,23e3db1f-a9da-4737-b4bc-deac13543b9d,,,,,,,,,,,,,,2013-09-30,Bob Magill,,2013-09-30
wfo-4000039133,Clover Trebol,80d76cb3-ee60-49c0-9856-e0ecc4bbb40a,,,,,,,,,,,,,,2013-10-01,Bob Magill,,2013-10-01
wfo-0000212995,Little Hop Clover,e18ba1d4-a4bc-46e6-a259-e3b23dbf6e21,,,,,,,,,,,,,,2013-10-01,Bob Magill,,2013-10-01
wfo-0000213062,White Clover,9f738b72-4d22-449a-ab9d-1aff421f6fbc,,,,,,,,,,,,,,2013-10-01,Bob Magill,,2013-10-01
wfo-0000213410,Furze Gorse,c029d75a-0fad-4c0a-972c-daed618b8c16,,,,,,,,,,,,,,2013-10-01,Bob Magill,,2013-10-01
wfo-0000213410,Tojo Hiniesta espinosa,8d6bb8d2-5b14-480c-a691-b209710a886d,,,,,,,,,,,,,,2013-10-01,Bob Magill,,2013-10-01
wfo-0000189386,cowpea frijol chiricana,57a240e5-e2df-4fba-8aeb-dedd258b066b,,,,,,,,,,,,,,2013-10-01,Bob Magill,,2013-10-01
wfo-4000005749,cereza cereza de monte,bed50082-c5d7-49b9-aae3-4d0d9b217508,,,,,,,,,,,,,,2013-10-03,Bob Magill,,2013-10-03
wfo-0000581184,Santa Maria,d0cf64aa-364e-4cc8-9e0b-f51327a3f182,,,,,,,,,,,,,,2013-10-17,Bob Magill,,2013-10-17
wfo-0000612304,Copey,9522122a-7aa9-4244-8dc3-29600323494d,,,,,,,,,,,,,,2013-10-17,Bob Magill,,2013-10-17
wfo-0000885123,Guinea grass.,ba352cb3-d057-4050-a7a4-ecc3d03eed77,,,,,,,,,,,,,,2012-10-18,Bob Magill,,2012-10-18
wfo-0000877566,Carricillo,ff5c4a9e-7f8e-4eff-bf39-454fe50ec043,,,,,,,,,,,,,,2012-10-18,Bob Magill,,2012-10-18
wfo-0000877561,Carrizo,5663cb65-27fc-4952-98f1-cd45081e4e61,,,,,,,,,,,,,,2012-10-18,Bob Magill,,2012-10-18
wfo-0000882027,Pajita de raton,c6f370e5-53e7-4e2a-92d0-678806964b1e,,,,,,,,,,,,,,2012-10-22,Bob Magill,,2012-10-22
wfo-0000858564,pega-pega,2df39eb8-e85e-4c2f-8524-f625ba282231,,,,,,,,,,,,,,2012-10-22,Bob Magill,,2012-10-22
wfo-0000875630,Hierba guayacan.,26fb171a-c861-45ac-8e17-5adda3a035e1,,,,,,,,,,,,,,2012-10-22,Bob Magill,,2012-10-22
wfo-0000896660,Sugarcane Cafia de azuicar.,01992585-9d19-4e0b-989f-7cda5571142b,,,,,,,,,,,,,,2012-10-22,Bob Magill,,2012-10-22
wfo-0000894782,Java grass.,86e2ee4c-5018-45ba-90e7-c07d4c5502e7,,,,,,,,,,,,,,2012-10-22,Bob Magill,,2012-10-22
wfo-0000846368,Rabo de venado.,5e4990cf-5455-4734-86c7-d333fc42ab82,,,,,,,,,,,,,,2012-10-22,Bob Magill,,2012-10-22
wfo-0000846219,Rabo de Chibo.,d953bb77-f6f6-4923-9a31-592dee337a50,,,,,,,,,,,,,,2012-10-22,Bob Magill,,2012-10-22
wfo-0000860954,Lemon grass Te limon,d0eacc67-41dc-442a-a81f-c49dc406eb4b,,,,,,,,,,,,,,2012-10-22,Bob Magill,,2012-10-22
wfo-0000860954,Zacate limon,ae4a5d32-7663-42bf-b8c8-99da07e347a6,,,,,,,,,,,,,,2012-10-22,Bob Magill,,2012-10-22
wfo-0000875326,Jaragua' Zacate jaragua',f85f0f5d-8b8f-4a58-bc1d-6750c05f1cac,,,,,,,,,,,,,,2012-10-22,Bob Magill,,2012-10-22
wfo-0000900376,Johnson grass,7a9532d4-2f93-4922-b8a3-37de759a79a3,,,,,,,,,,,,,,2012-10-22,Bob Magill,,2012-10-22
wfo-0000900652,Sorghum Maicillo,c454d717-d9b8-4baf-8472-a3bc268f8220,,,,,,,,,,,,,,2012-10-22,Bob Magill,,2012-10-22
wfo-0000900652,Sudan grass,7eae55d5-9ab0-487a-acee-6ab8df0bac19,,,,,,,,,,,,,,2012-10-22,Bob Magill,,2012-10-22
wfo-0000860428,Lagrimas de San Pedro lagrimas de Job,f07db33d-cdf9-4f30-825a-58f3cc4dfa2e,,,,,,,,,,,,,,2012-10-22,Bob Magill,,2012-10-22
wfo-0000907754,Corn maize,27f7ee4f-ac7e-4a7b-bfea-b139b2faa9d1,,,,,,,,,,,,,,2012-10-22,Bob Magill,,2012-10-22
wfo-0000907754,mais,a1cc6d4f-acec-4908-aa52-c9b0ca3199ae,,,,,,,,,,,,,,2012-10-22,Bob Magill,,2012-10-22
wfo-0000356355,saw-grass.,96dd6766-8cf8-4ca5-8915-9108d8557f7a,,,,,,,,,,,,,,2012-10-23,Bob Magill,,2012-10-23
wfo-4000009831,Escoba,d16d9f1f-c9d6-426c-a25f-0e8b7ae102f1,,,,,,,,,,,,,,2012-10-24,Bob Magill,,2012-10-24
wfo-4000033704,Palmetto,f5dc6eee-71b4-4433-8793-1b8febe9edbf,,,,,,,,,,,,,,2012-10-24,Bob Magill,,2012-10-24
wfo-0000299259,Palma de Giiagara,76c7a7b3-63a3-40e3-ac0d-628772ba4eb9,,,,,,,,,,,,,,2012-10-24,Bob Magill,,2012-10-24
wfo-0000903570,Coconut,588ffff7-d4bb-4b21-8a7f-1c111fe6bc0b,,,,,,,,,,,,,,2012-10-24,Bob Magill,,2012-10-24
wfo-0000924954,Corozo,c5b83684-2a15-49d8-89b4-5060442b2431,,,,,,,,,,,,,,2012-10-24,Bob Magill,,2012-10-24
wfo-4000000409,Gru-gru,a2feb4ac-662c-453a-ba36-fd1d17c16054,,,,,,,,,,,,,,2012-10-24,Bob Magill,,2012-10-24
wfo-0000502801,Pacom,4e33083c-6799-4a30-bb16-770ad169676d,,,,,,,,,,,,,,2012-10-24,Bob Magill,,2012-10-24
wfo-0000306694,Uvito,7ddbe548-9605-4914-8c87-9408679c8732,,,,,,,,,,,,,,2012-10-24,Bob Magill,,2012-10-24
wfo-0000293098,Coquillo,c9c213ee-4850-4ced-8d01-ea04b7ec8218,,,,,,,,,,,,,,2012-10-24,Bob Magill,,2012-10-24
wfo-4000007590,Dorea Palms,36503efb-81a4-459a-9914-af5956d76e28,,,,,,,,,,,,,,2012-10-24,Bob Magill,,2012-10-24
wfo-4000033565,Royal Palm,42eefee3-cde3-47dc-8b2d-ebba2a14008d,,,,,,,,,,,,,,2012-10-24,Bob Magill,,2012-10-24
wfo-0000298338,Caribbee Royal Palm,22d94c35-7d0e-4fb8-8c4f-504b42e49d9a,,,,,,,,,,,,,,2012-10-24,Bob Magill,,2012-10-24
wfo-0000298342,Cuba Royd Palm,00e87a7d-a64f-40d5-a165-dd692a146462,,,,,,,,,,,,,,2012-10-24,Bob Magill,,2012-10-24
wfo-0000334045,Palma Conga,c63262f6-98a9-4867-977b-870e2fb35cd1,,,,,,,,,,,,,,2012-10-24,Bob Magill,,2012-10-24
wfo-0000965708,Manaca,585db59e-8a55-4c2e-b37a-1bd165492097,,,,,,,,,,,,,,2012-10-24,Bob Magill,,2012-10-24
wfo-0000965690,Raviorcao,2d5820c2-43ea-4dc8-b8fe-ea88248cd5cb,,,,,,,,,,,,,,2012-10-24,Bob Magill,,2012-10-24
wfo-0000254571,Maquenque,5aa69d0a-6ba9-4d0d-8dbb-6c9cf4fb00b5,,,,,,,,,,,,,,2012-10-24,Bob Magill,,2012-10-24
wfo-0000217573,Corneto,ba157946-b640-407f-b1b1-4802f59e3d92,,,,,,,,,,,,,,2012-10-24,Bob Magill,,2012-10-24
wfo-0000311606,Stilt Palm Jira,9939e3e1-00c3-4f9b-8d4c-02f289b9b8da,,,,,,,,,,,,,,2012-10-24,Bob Magill,,2012-10-24
wfo-0000294948,Pine-cone Palm,2ecdd142-008d-4109-ac12-79c8de080bcf,,,,,,,,,,,,,,2012-10-24,Bob Magill,,2012-10-24
wfo-0000273247,Ivory-nut Palm,a5a34d01-0533-4114-a5d2-c3062da5df95,,,,,,,,,,,,,,2012-10-24,Bob Magill,,2012-10-24
wfo-0000763026,Coligallo Chirrivaca,cfed2b4f-451e-4d5d-8e74-7974a1800075,,,,,,,,,,,,,,2012-10-24,Bob Magill,,2012-10-24
wfo-0000763026,Chidra,1581688f-aa1f-4142-adf6-ffcf8340e5a8,,,,,,,,,,,,,,2012-10-24,Bob Magill,,2012-10-24
wfo-0000763027,Palmilla Palmita,685d142c-41d5-47e4-8405-449a0a838a18,,,,,,,,,,,,,,2012-10-24,Bob Magill,,2012-10-24
wfo-0000763027,Ji ijapa Portorrico,b3ba9fcc-be00-42c1-8767-a413db938c92,,,,,,,,,,,,,,2012-10-24,Bob Magill,,2012-10-24
wfo-0000763027,Atadero,1bdf6cac-6f21-4194-bc63-5e96f0ddd04a,,,,,,,,,,,,,,2012-10-24,Bob Magill,,2012-10-24
wfo-0000764861,Portorrico,3c9bd8be-bcbe-4e05-90fb-ff4ff43d37b9,,,,,,,,,,,,,,2012-10-24,Bob Magill,,2012-10-24
wfo-0000273956,Water Lettuce Lecluga de Agua,8008d2ac-bc4c-417f-b138-7964f8238076,,,,,,,,,,,,,,2012-10-25,Bob Magill,,2012-10-25
wfo-0000273956,Lechuga de Sapo Repollo de Aguw,d6d2711d-0ddb-4896-bd74-0776fa74b57a,,,,,,,,,,,,,,2012-10-25,Bob Magill,,2012-10-25
wfo-0000273956,Verdolaga de Agua,ce548036-4b19-41a9-86ad-bf97aace411c,,,,,,,,,,,,,,2012-10-25,Bob Magill,,2012-10-25
wfo-0000245735,Bejzco de Murcielago,0767bf23-a22b-4db2-ab70-721ba3b95cbd,,,,,,,,,,,,,,2012-10-25,Bob Magill,,2012-10-25
wfo-0000245804,Hierba de Puerco,c570ea8d-6acb-472e-8822-4e4b27dbe316,,,,,,,,,,,,,,2012-10-25,Bob Magill,,2012-10-25
wfo-0000334800,OMI Badu,8a9167d9-d84a-49b3-8e16-8933ae1ecd78,,,,,,,,,,,,,,2012-10-25,Bob Magill,,2012-10-25
wfo-0000334800,Coco,9a49c0ac-daa7-4c56-95b2-da7a63c91c68,,,,,,,,,,,,,,2012-10-25,Bob Magill,,2012-10-25
wfo-4000011666,OtM de Lagarto Dumb Cane,51a3db15-dccc-4b6e-b2e9-6146b568346a,,,,,,,,,,,,,,2012-10-25,Bob Magill,,2012-10-25
wfo-4000011666,Mother-in-law Plant,d4724dc6-f4f6-4eb1-9e58-ccd9f11c6ca0,,,,,,,,,,,,,,2012-10-25,Bob Magill,,2012-10-25
wfo-0000608377,Palma Palmita,dd59de0f-7460-4ab7-99ec-b731db13e311,,,,,,,,,,,,,,2012-10-26,Jim Solomon,,2012-10-26
wfo-0000608377,Palma del norte,429ea23d-daf9-47b4-aabd-7570c3947a29,,,,,,,,,,,,,,2012-10-26,Jim Solomon,,2012-10-26
wfo-0000764495,Lirio,d05abe61-0741-47c5-9ed1-25041c2d0832,,,,,,,,,,,,,,2012-10-26,Jim Solomon,,2012-10-26
wfo-0000767003,Eucaristo Eucharistia,bd74db13-c7e6-41a7-b2ea-78d3be372541,,,,,,,,,,,,,,2012-10-26,Jim Solomon,,2012-10-26
wfo-0000729529,Spider Lily,aa97fd62-8841-49d5-b5e8-5592894abb21,,,,,,,,,,,,,,2012-10-26,Jim Solomon,,2012-10-26
wfo-0000437966,Platanillo,7e98da70-bbc6-44bb-a55c-c3c32a37b79d,,,,,,,,,,,,,,2012-10-28,Jim Solomon,,2012-10-28
wfo-0000363721,Cafiagria Cafia de Mico,6e59797b-50f8-4f4b-ac1f-61ceb230a793,,,,,,,,,,,,,,2012-10-29,Jim Solomon,,2012-10-29
wfo-0000342972,latanillo Hoja blanca,65cb0f46-51c7-4219-9968-19c1f94ba497,,,,,,,,,,,,,,2012-10-29,Jim Solomon,,2012-10-29