wfo_id,data_type,description,contributor,creator,source,Licence,bibliographic_Citation,doi
wfo-0000825428,Ecology,"Found within middle and upper montane forest at an elevation of 1040–3450m. A semi-scandent species, typically found at the edge of montane forest. It has been collected in flower and fruit throughout the year.",Moonlight P.W. & Fuentes A.F.,,218,CC0 1.0 Universal (CC0 1.0),"Moonlight P.W. & Fuentes A.F. 2022, An updated checklist and key to the species of Bolivian Begonia, including one new species, Edinburgh J. Bot. Vol.79(407) , pp.1-66 (https://journals.rbge.org.uk/ejb/article/view/407)",https://journals.rbge.org.uk/ejb/article/view/407
wfo-0000823421,Ecology,"Found within lower and middle montane forest at an elevation of 550–2371m. It is a semi-scandent herb, typically collected on the edge of montane forest patches. Begonia bangii has been collected flowering and fruiting throughout the year, with a possible peak in July and August, which is the dry season.",Moonlight P.W. & Fuentes A.F.,,238,CC0 1.0 Universal (CC0 1.0),"Moonlight P.W. & Fuentes A.F. 2022, An updated checklist and key to the species of Bolivian Begonia, including one new species, Edinburgh J. Bot. Vol.79(407) , pp.1-66 (https://journals.rbge.org.uk/ejb/article/view/407)",https://journals.rbge.org.uk/ejb/article/view/407
wfo-0000824942,Ecology,"Found in lower montane forest at an elevation of 750–1450 m, where it is typically collected within wet gullies and around small streams. Begonia oblanceolata has been collected in flower and fruit from March to July.<br//> ",Moonlight P.W. & Fuentes A.F.,,248,CC0 1.0 Universal (CC0 1.0),"Moonlight P.W. & Fuentes A.F. 2022, An updated checklist and key to the species of Bolivian Begonia, including one new species, Edinburgh J. Bot. Vol.79(407) , pp.1-66 (https://journals.rbge.org.uk/ejb/article/view/407)",https://journals.rbge.org.uk/ejb/article/view/407
wfo-0000824699,Ecology,"It grows in submontane forests, in a shady locality, with humus, humus-sandy or humus-clay soils (Araújo et al. 1972), but in home gardens there is a widely cultivated or hybrid species similar in habit and form of leaf blades to Begonia maculata.","Jacques E.d.L., Ribeiro, M.A.M. & Tozin L.R.d.S.",,4684,CC0 1.0 Universal (CC0 1.0),"Jacques E.d.L., Ribeiro, M.A.M. & Tozin L.R.d.S. 2023, Re-establishment of Begonia corallina Carrière (Begoniaceae) based on morphoanatomical evidence, Phytotaxa. Vol.609(2) , pp.103-114.",
wfo-0000824825,Ecology,Clinging to sheer spray-soaked rock faces or epiphytic (on a Ficus) near a waterfall at 100% humidity; in tight groups.,"Sosef, M.S.M.",,2062,CC0 1.0 Universal (CC0 1.0),"Sosef, M.S.M. 1994, Refuge Begonias. Taxonomy, phylogeny and historical biogeography of Begonia sect. Loasibegonia and sect. Scutobegonia in relation to glacial rain forest refuges in Africa. 1st edn (https://www.researchgate.net/publication/40208226_Refuge_Begonias_Taxonomy_phylogeny_and_historical_biogeography_of_Begonia_sect_Loasibegonia_and_sect_Scutobegonia_in_relation_to_glacial_rain_forest_refuges_in_Africa/references)",https://www.researchgate.net/publication/40208226_Refuge_Begonias_Taxonomy_phylogeny_and_historical_biogeography_of_Begonia_sect_Loasibegonia_and_sect_Scutobegonia_in_relation_to_glacial_rain_forest_refuges_in_Africa/references
wfo-0000825213,Ecology,"On granite rocks in primary, deeply shaded forest.","Sosef, M.S.M.",,2081,CC0 1.0 Universal (CC0 1.0),"Sosef, M.S.M. 1994, Refuge Begonias. Taxonomy, phylogeny and historical biogeography of Begonia sect. Loasibegonia and sect. Scutobegonia in relation to glacial rain forest refuges in Africa. 1st edn (https://www.researchgate.net/publication/40208226_Refuge_Begonias_Taxonomy_phylogeny_and_historical_biogeography_of_Begonia_sect_Loasibegonia_and_sect_Scutobegonia_in_relation_to_glacial_rain_forest_refuges_in_Africa/references)",https://www.researchgate.net/publication/40208226_Refuge_Begonias_Taxonomy_phylogeny_and_historical_biogeography_of_Begonia_sect_Loasibegonia_and_sect_Scutobegonia_in_relation_to_glacial_rain_forest_refuges_in_Africa/references
wfo-0000825971,Ecology,"Terrestrial growing in soil or mud; on level marshy sites or on slopes or stream banks, in shade of primary, often swampy forest; found in hygrophilous coastal evergreen Guineo-Congolian rain forest ('foret biafreenne a Caesalpiniaceae"") with Sacoglottis gahonensis and Lophira alata; at elevations near sea-level.","Sosef, M.S.M.",,2200,CC0 1.0 Universal (CC0 1.0),"Sosef, M.S.M. 1994, Refuge Begonias. Taxonomy, phylogeny and historical biogeography of Begonia sect. Loasibegonia and sect. Scutobegonia in relation to glacial rain forest refuges in Africa. 1st edn (https://www.researchgate.net/publication/40208226_Refuge_Begonias_Taxonomy_phylogeny_and_historical_biogeography_of_Begonia_sect_Loasibegonia_and_sect_Scutobegonia_in_relation_to_glacial_rain_forest_refuges_in_Africa/references)",https://www.researchgate.net/publication/40208226_Refuge_Begonias_Taxonomy_phylogeny_and_historical_biogeography_of_Begonia_sect_Loasibegonia_and_sect_Scutobegonia_in_relation_to_glacial_rain_forest_refuges_in_Africa/references
wfo-1200063279,Ecology,"It grows in the valley in submontane forests, on stoney walls covered by a thick layer of leaf litter, close to the Cachoeira do Barata, in a shady and very humid place, at an altitude approximately of 190 meters.",Eliane de Lima Jacques,,4945,CC0 1.0 Universal (CC0 1.0),"Eliane de Lima Jacques 2023, Begonia piraquara (Begoniaceae) a new species from Atlantic Coastal Forest in the State of Rio de Janeiro, Brazil, Phytotaxa. Vol.612(1) , pp.99-103.",
wfo-1000057712,Ecology,"The new species lives within the limits of the Ilhabela State Park, and was found in two areas to the south of the island, namely Enseada das Enchovas and Baía dos Castelhanos, it grows in Ombrophilous Dense Submontane Forest at an elevation between 165–250 msl, on rocks inside the primary forest. The species has been observed on rocky outcrops along the slope in the surrounding area of Cachoeira do Gato. It also grows over walls of large round rocks protruding from the soil of the interior of the rainforest. At Bonete Beach Trail, the habitat where B. schizostyla was found, it is located on humid slopes, whose water courses are intermittent and receive water seasonally in times of higher rainfalls.Flowering and fruiting from December to February.",Miranda M.D.,,5258,CC0 1.0 Universal (CC0 1.0),"Miranda M.D. 2023, A new insular species of Begonia (Begoniaceae) from São Paulo State, Brazil, Phytotaxa. Vol.630(2) , pp.142-148.",
wfo-1000052031,Ecology,"It has been collected growing next to a small river in a steep-sided valley in tall, broadleaved montane rainforest at an elevation of 1305 m (Fig. 3). The upper slopes of the Sierra del Merendón have a bedrock of metamorphic rocks (schist and gneiss; Martin et al., 2021).",Moonlight P.W. & Kelly D.L.,,6160,CC0 1.0 Universal (CC0 1.0),"Moonlight P.W. & Kelly D.L. 2024, Two New Critically Endangered Species of Begonia sect. Gireoudia (Begoniaceae) from Mesoamerica, Novon. Vol.32.",
wfo-1000052032,Ecology,Montane forest.,Moonlight P.W. & Kelly D.L.,,6166,CC0 1.0 Universal (CC0 1.0),"Moonlight P.W. & Kelly D.L. 2024, Two New Critically Endangered Species of Begonia sect. Gireoudia (Begoniaceae) from Mesoamerica, Novon. Vol.32.",
wfo-0000824410,Ecology,"We documented B. jagori from Mt. Malinao (Map 1), where populations were observed to be restricted in the upper elevations from 800–1100 masl. The plant grows in a semi-shaded environment on moist loam soil.The plant grows in a semi-shaded environment on moist loam soil.","Dela Cruz C.J.P., Collantes J.P.R., Bustamante R.A.A. & Ang Y.P.",,6175,CC0 1.0 Universal (CC0 1.0),"Dela Cruz C.J.P., Collantes J.P.R., Bustamante R.A.A. & Ang Y.P. 637, Insights on Begonia jagori (Begoniaceae), a cryptic species of Albay Province, Luzon Island, Philippines, Phytotaxa. Vol.3(2024) , pp.291-295.",
wfo-1000062270,Ecology,"The plants bloom from June to October, the fruits ripen from July to November. This new species grows on the rock surface usually with moss or in the rock crevices of Danxia landscape under the secondary forests at altitude of 280–600 m. ","Tian D.K., Wei H., Huang C., Wu L., Chen Z., Gou Z., Sun X., Wang S., Gao Q., Li X.",,6179,CC0 1.0 Universal (CC0 1.0),"Tian D.K., Wei H., Huang C., Wu L., Chen Z., Gou Z., Sun X., Wang S., Gao Q., Li X. 2024, Two new species of Begoniaceae from China mainland , Taiwania. Vol.69(1) , pp.89-98.",
wfo-1000062271,Ecology,"The plants bloom January to March, the fruits ripen March to May in the wild, and the cultivated plants in greenhouse start to bloom as early as middle December. The species grows on soil land or rock surface of shady place under forest near the waterfalls.","Tian D.K., Wei H., Huang C., Wu L., Chen Z., Gou Z., Sun X., Wang S., Gao Q., Li X.",,6185,CC0 1.0 Universal (CC0 1.0),"Tian D.K., Wei H., Huang C., Wu L., Chen Z., Gou Z., Sun X., Wang S., Gao Q., Li X. 2024, Two new species of Begoniaceae from China mainland , Taiwania. Vol.69(1) , pp.89-98.",
wfo-1000062272,Ecology,"Begonia floriprolifera grows on the rocky surface or in the rock crevices of the cave mouth or inside and the places under the forest near the waterfalls, at an altitude of 100–500 m","Zhou J., Song Q., Zhao F., Hoang T.S., Tao D., Guan S., Yan H., Tian D.",,6189,CC0 1.0 Universal (CC0 1.0),"Zhou J., Song Q., Zhao F., Hoang T.S., Tao D., Guan S., Yan H., Tian D. 2024, Begonia floriprolifera, a new Species of Begonia（Begoniaceae）from Southwestern Guangxi of China and Northern Vietnam, Taiwania. Vol.69(1) , pp.83-88.",
wfo-1000056838,Ecology,"Observed f lowering and fruiting from March to June. It grows on rocks and verti-cal cliffs in shady areas at elevations of 200–500 meters above sea level. In the type locality, the plant associated with B. sebodensis includes Homalomena philippinensis Engl. (Araceae), Monophyllaea merrilliana Kraenzl. (Gesneriaceae), and species of Ficus L. (Moraceae), Elatostema J.R.Forst.& G.Forst. (Urticaceae), and Calamus L. (Arecaceae).","Mazo K.R.F., Salatan N.L. & Rubite R.",,6202,CC0 1.0 Universal (CC0 1.0),"Mazo K.R.F., Salatan N.L. & Rubite R. 2023, A new species of Begonia section Baryandra from Zamboanga Peninsula, Southwestern Philippines, Webbia. Vol.78(2) , pp.87-92.",
wfo-1000062274,Ecology,Observed flowering and fruiting in April to June.,"Blasco F.A., Alejandro G.J.D., Tandang D.N. & Rubite R.R.",,6208,CC0 1.0 Universal (CC0 1.0),"Blasco F.A., Alejandro G.J.D., Tandang D.N. & Rubite R.R. 2024, Begonia abhak (section Petermannia, Begoniaceae) a new species from Lanuza, Surigao del Sur, Philippines, Webbia. Vol.79(1) , pp.47-50.",
