TaxonID,Locality,LocalityID,countryCode,establishmentMeans,Source,occurenceStatus,licence
wfo-0000510976,Hungary,HUN,HU,uncertain,"Bartha, D. (2021). An Annotated And Updated Checklist Of The Hungarian Dendroflora. Acta Botanica Hungarica 63(3–4), pp. 227–284, 2021. https://doi.org/10.1556/034.63.2021.3-4.1",rare,https://creativecommons.org/licenses/by/4.0/
wfo-0000511042,Hungary,HUN,HU,introduced,"Bartha, D. (2021). An Annotated And Updated Checklist Of The Hungarian Dendroflora. Acta Botanica Hungarica 63(3–4), pp. 227–284, 2021. https://doi.org/10.1556/034.63.2021.3-4.1",rare,https://creativecommons.org/licenses/by/4.0/
wfo-0000919689,Hungary,HUN,HU,introduced,"Bartha, D. (2021). An Annotated And Updated Checklist Of The Hungarian Dendroflora. Acta Botanica Hungarica 63(3–4), pp. 227–284, 2021. https://doi.org/10.1556/034.63.2021.3-4.1",rare,https://creativecommons.org/licenses/by/4.0/
wfo-0000514040,Hungary,HUN,HU,native,"Bartha, D. (2021). An Annotated And Updated Checklist Of The Hungarian Dendroflora. Acta Botanica Hungarica 63(3–4), pp. 227–284, 2021. https://doi.org/10.1556/034.63.2021.3-4.1",present,https://creativecommons.org/licenses/by/4.0/
wfo-0001078629,Hungary,HUN,HU,introduced,"Bartha, D. (2021). An Annotated And Updated Checklist Of The Hungarian Dendroflora. Acta Botanica Hungarica 63(3–4), pp. 227–284, 2021. https://doi.org/10.1556/034.63.2021.3-4.1",present,https://creativecommons.org/licenses/by/4.0/
wfo-0000514884,Hungary,HUN,HU,native,"Bartha, D. (2021). An Annotated And Updated Checklist Of The Hungarian Dendroflora. Acta Botanica Hungarica 63(3–4), pp. 227–284, 2021. https://doi.org/10.1556/034.63.2021.3-4.1",rare,https://creativecommons.org/licenses/by/4.0/
wfo-0000514908,Hungary,HUN,HU,native,"Bartha, D. (2021). An Annotated And Updated Checklist Of The Hungarian Dendroflora. Acta Botanica Hungarica 63(3–4), pp. 227–284, 2021. https://doi.org/10.1556/034.63.2021.3-4.1",rare,https://creativecommons.org/licenses/by/4.0/
wfo-0000515004,Hungary,HUN,HU,introduced,"Bartha, D. (2021). An Annotated And Updated Checklist Of The Hungarian Dendroflora. Acta Botanica Hungarica 63(3–4), pp. 227–284, 2021. https://doi.org/10.1556/034.63.2021.3-4.1",present,https://creativecommons.org/licenses/by/4.0/
wfo-0000515184,Hungary,HUN,HU,introduced,"Bartha, D. (2021). An Annotated And Updated Checklist Of The Hungarian Dendroflora. Acta Botanica Hungarica 63(3–4), pp. 227–284, 2021. https://doi.org/10.1556/034.63.2021.3-4.1",present,https://creativecommons.org/licenses/by/4.0/
wfo-0000515176,Hungary,HUN,HU,native,"Bartha, D. (2021). An Annotated And Updated Checklist Of The Hungarian Dendroflora. Acta Botanica Hungarica 63(3–4), pp. 227–284, 2021. https://doi.org/10.1556/034.63.2021.3-4.1",present,https://creativecommons.org/licenses/by/4.0/
wfo-0000522249,Hungary,HUN,HU,introduced,"Bartha, D. (2021). An Annotated And Updated Checklist Of The Hungarian Dendroflora. Acta Botanica Hungarica 63(3–4), pp. 227–284, 2021. https://doi.org/10.1556/034.63.2021.3-4.1",present,https://creativecommons.org/licenses/by/4.0/
wfo-0000522287,Hungary,HUN,HU,introduced,"Bartha, D. (2021). An Annotated And Updated Checklist Of The Hungarian Dendroflora. Acta Botanica Hungarica 63(3–4), pp. 227–284, 2021. https://doi.org/10.1556/034.63.2021.3-4.1",rare,https://creativecommons.org/licenses/by/4.0/
wfo-0000524599,Hungary,HUN,HU,introduced,"Bartha, D. (2021). An Annotated And Updated Checklist Of The Hungarian Dendroflora. Acta Botanica Hungarica 63(3–4), pp. 227–284, 2021. https://doi.org/10.1556/034.63.2021.3-4.1",present,https://creativecommons.org/licenses/by/4.0/
wfo-0000947344,Hungary,HUN,HU,native,"Bartha, D. (2021). An Annotated And Updated Checklist Of The Hungarian Dendroflora. Acta Botanica Hungarica 63(3–4), pp. 227–284, 2021. https://doi.org/10.1556/034.63.2021.3-4.1",present,https://creativecommons.org/licenses/by/4.0/
wfo-0000948369,Hungary,HUN,HU,native,"Bartha, D. (2021). An Annotated And Updated Checklist Of The Hungarian Dendroflora. Acta Botanica Hungarica 63(3–4), pp. 227–284, 2021. https://doi.org/10.1556/034.63.2021.3-4.1",present,https://creativecommons.org/licenses/by/4.0/
wfo-0000945311,Hungary,HUN,HU,native,"Bartha, D. (2021). An Annotated And Updated Checklist Of The Hungarian Dendroflora. Acta Botanica Hungarica 63(3–4), pp. 227–284, 2021. https://doi.org/10.1556/034.63.2021.3-4.1",present,https://creativecommons.org/licenses/by/4.0/
wfo-0000945898,Hungary,HUN,HU,native,"Bartha, D. (2021). An Annotated And Updated Checklist Of The Hungarian Dendroflora. Acta Botanica Hungarica 63(3–4), pp. 227–284, 2021. https://doi.org/10.1556/034.63.2021.3-4.1",rare,https://creativecommons.org/licenses/by/4.0/
wfo-0000213510,Hungary,HUN,HU,introduced,"Bartha, D. (2021). An Annotated And Updated Checklist Of The Hungarian Dendroflora. Acta Botanica Hungarica 63(3–4), pp. 227–284, 2021. https://doi.org/10.1556/034.63.2021.3-4.1",present,https://creativecommons.org/licenses/by/4.0/
wfo-0001046859,Hungary,HUN,HU,native,"Bartha, D. (2021). An Annotated And Updated Checklist Of The Hungarian Dendroflora. Acta Botanica Hungarica 63(3–4), pp. 227–284, 2021. https://doi.org/10.1556/034.63.2021.3-4.1",extinct,https://creativecommons.org/licenses/by/4.0/
wfo-0001428997,Hungary,HUN,HU,native,"Bartha, D. (2021). An Annotated And Updated Checklist Of The Hungarian Dendroflora. Acta Botanica Hungarica 63(3–4), pp. 227–284, 2021. https://doi.org/10.1556/034.63.2021.3-4.1",present,https://creativecommons.org/licenses/by/4.0/
wfo-0001427624,Hungary,HUN,HU,native,"Bartha, D. (2021). An Annotated And Updated Checklist Of The Hungarian Dendroflora. Acta Botanica Hungarica 63(3–4), pp. 227–284, 2021. https://doi.org/10.1556/034.63.2021.3-4.1",present,https://creativecommons.org/licenses/by/4.0/
wfo-0000990619,Hungary,HUN,HU,native,"Bartha, D. (2021). An Annotated And Updated Checklist Of The Hungarian Dendroflora. Acta Botanica Hungarica 63(3–4), pp. 227–284, 2021. https://doi.org/10.1556/034.63.2021.3-4.1",present,https://creativecommons.org/licenses/by/4.0/
wfo-0001427631,Hungary,HUN,HU,native,"Bartha, D. (2021). An Annotated And Updated Checklist Of The Hungarian Dendroflora. Acta Botanica Hungarica 63(3–4), pp. 227–284, 2021. https://doi.org/10.1556/034.63.2021.3-4.1",endemic,https://creativecommons.org/licenses/by/4.0/
wfo-0001427635,Hungary,HUN,HU,native,"Bartha, D. (2021). An Annotated And Updated Checklist Of The Hungarian Dendroflora. Acta Botanica Hungarica 63(3–4), pp. 227–284, 2021. https://doi.org/10.1556/034.63.2021.3-4.1",endemic,https://creativecommons.org/licenses/by/4.0/
wfo-0001427644,Hungary,HUN,HU,native,"Bartha, D. (2021). An Annotated And Updated Checklist Of The Hungarian Dendroflora. Acta Botanica Hungarica 63(3–4), pp. 227–284, 2021. https://doi.org/10.1556/034.63.2021.3-4.1",present,https://creativecommons.org/licenses/by/4.0/
wfo-0001427647,Hungary,HUN,HU,native,"Bartha, D. (2021). An Annotated And Updated Checklist Of The Hungarian Dendroflora. Acta Botanica Hungarica 63(3–4), pp. 227–284, 2021. https://doi.org/10.1556/034.63.2021.3-4.1",endemic,https://creativecommons.org/licenses/by/4.0/
wfo-0001427649,Hungary,HUN,HU,native,"Bartha, D. (2021). An Annotated And Updated Checklist Of The Hungarian Dendroflora. Acta Botanica Hungarica 63(3–4), pp. 227–284, 2021. https://doi.org/10.1556/034.63.2021.3-4.1",endemic,https://creativecommons.org/licenses/by/4.0/
wfo-0001427652,Hungary,HUN,HU,native,"Bartha, D. (2021). An Annotated And Updated Checklist Of The Hungarian Dendroflora. Acta Botanica Hungarica 63(3–4), pp. 227–284, 2021. https://doi.org/10.1556/034.63.2021.3-4.1",present,https://creativecommons.org/licenses/by/4.0/
wfo-0000748869,Hungary,HUN,HU,introduced,"Bartha, D. (2021). An Annotated And Updated Checklist Of The Hungarian Dendroflora. Acta Botanica Hungarica 63(3–4), pp. 227–284, 2021. https://doi.org/10.1556/034.63.2021.3-4.1",present,https://creativecommons.org/licenses/by/4.0/
wfo-0000564054,Hungary,HUN,HU,introduced,"Bartha, D. (2021). An Annotated And Updated Checklist Of The Hungarian Dendroflora. Acta Botanica Hungarica 63(3–4), pp. 227–284, 2021. https://doi.org/10.1556/034.63.2021.3-4.1",rare,https://creativecommons.org/licenses/by/4.0/
wfo-0000562782,Hungary,HUN,HU,introduced,"Bartha, D. (2021). An Annotated And Updated Checklist Of The Hungarian Dendroflora. Acta Botanica Hungarica 63(3–4), pp. 227–284, 2021. https://doi.org/10.1556/034.63.2021.3-4.1",present,https://creativecommons.org/licenses/by/4.0/
wfo-0000563690,Hungary,HUN,HU,introduced,"Bartha, D. (2021). An Annotated And Updated Checklist Of The Hungarian Dendroflora. Acta Botanica Hungarica 63(3–4), pp. 227–284, 2021. https://doi.org/10.1556/034.63.2021.3-4.1",rare,https://creativecommons.org/licenses/by/4.0/
wfo-0000563761,Hungary,HUN,HU,introduced,"Bartha, D. (2021). An Annotated And Updated Checklist Of The Hungarian Dendroflora. Acta Botanica Hungarica 63(3–4), pp. 227–284, 2021. https://doi.org/10.1556/034.63.2021.3-4.1",rare,https://creativecommons.org/licenses/by/4.0/
wfo-0000564027,Hungary,HUN,HU,native,"Bartha, D. (2021). An Annotated And Updated Checklist Of The Hungarian Dendroflora. Acta Botanica Hungarica 63(3–4), pp. 227–284, 2021. https://doi.org/10.1556/034.63.2021.3-4.1",present,https://creativecommons.org/licenses/by/4.0/
wfo-0000331222,Hungary,HUN,HU,native,"Bartha, D. (2021). An Annotated And Updated Checklist Of The Hungarian Dendroflora. Acta Botanica Hungarica 63(3–4), pp. 227–284, 2021. https://doi.org/10.1556/034.63.2021.3-4.1",present,https://creativecommons.org/licenses/by/4.0/
wfo-0000335449,Hungary,HUN,HU,native,"Bartha, D. (2021). An Annotated And Updated Checklist Of The Hungarian Dendroflora. Acta Botanica Hungarica 63(3–4), pp. 227–284, 2021. https://doi.org/10.1556/034.63.2021.3-4.1",present,https://creativecommons.org/licenses/by/4.0/
wfo-0000335985,Hungary,HUN,HU,native,"Bartha, D. (2021). An Annotated And Updated Checklist Of The Hungarian Dendroflora. Acta Botanica Hungarica 63(3–4), pp. 227–284, 2021. https://doi.org/10.1556/034.63.2021.3-4.1",present,https://creativecommons.org/licenses/by/4.0/
wfo-0000572577,Hungary,HUN,HU,introduced,"Bartha, D. (2021). An Annotated And Updated Checklist Of The Hungarian Dendroflora. Acta Botanica Hungarica 63(3–4), pp. 227–284, 2021. https://doi.org/10.1556/034.63.2021.3-4.1",rare,https://creativecommons.org/licenses/by/4.0/
wfo-0000574004,Hungary,HUN,HU,introduced,"Bartha, D. (2021). An Annotated And Updated Checklist Of The Hungarian Dendroflora. Acta Botanica Hungarica 63(3–4), pp. 227–284, 2021. https://doi.org/10.1556/034.63.2021.3-4.1",rare,https://creativecommons.org/licenses/by/4.0/
wfo-0000580837,Hungary,HUN,HU,native,"Bartha, D. (2021). An Annotated And Updated Checklist Of The Hungarian Dendroflora. Acta Botanica Hungarica 63(3–4), pp. 227–284, 2021. https://doi.org/10.1556/034.63.2021.3-4.1",present,https://creativecommons.org/licenses/by/4.0/
wfo-0000804581,Hungary,HUN,HU,native,"Bartha, D. (2021). An Annotated And Updated Checklist Of The Hungarian Dendroflora. Acta Botanica Hungarica 63(3–4), pp. 227–284, 2021. https://doi.org/10.1556/034.63.2021.3-4.1",present,https://creativecommons.org/licenses/by/4.0/
wfo-0000805801,Hungary,HUN,HU,native,"Bartha, D. (2021). An Annotated And Updated Checklist Of The Hungarian Dendroflora. Acta Botanica Hungarica 63(3–4), pp. 227–284, 2021. https://doi.org/10.1556/034.63.2021.3-4.1",present,https://creativecommons.org/licenses/by/4.0/
wfo-0000812271,Hungary,HUN,HU,uncertain,"Bartha, D. (2021). An Annotated And Updated Checklist Of The Hungarian Dendroflora. Acta Botanica Hungarica 63(3–4), pp. 227–284, 2021. https://doi.org/10.1556/034.63.2021.3-4.1",present,https://creativecommons.org/licenses/by/4.0/
wfo-0000781866,Hungary,HUN,HU,introduced,"Bartha, D. (2021). An Annotated And Updated Checklist Of The Hungarian Dendroflora. Acta Botanica Hungarica 63(3–4), pp. 227–284, 2021. https://doi.org/10.1556/034.63.2021.3-4.1",present,https://creativecommons.org/licenses/by/4.0/
wfo-0000592525,Hungary,HUN,HU,introduced,"Bartha, D. (2021). An Annotated And Updated Checklist Of The Hungarian Dendroflora. Acta Botanica Hungarica 63(3–4), pp. 227–284, 2021. https://doi.org/10.1556/034.63.2021.3-4.1",present,https://creativecommons.org/licenses/by/4.0/
wfo-0000593422,Hungary,HUN,HU,introduced,"Bartha, D. (2021). An Annotated And Updated Checklist Of The Hungarian Dendroflora. Acta Botanica Hungarica 63(3–4), pp. 227–284, 2021. https://doi.org/10.1556/034.63.2021.3-4.1",present,https://creativecommons.org/licenses/by/4.0/
wfo-0000593651,Hungary,HUN,HU,introduced,"Bartha, D. (2021). An Annotated And Updated Checklist Of The Hungarian Dendroflora. Acta Botanica Hungarica 63(3–4), pp. 227–284, 2021. https://doi.org/10.1556/034.63.2021.3-4.1",present,https://creativecommons.org/licenses/by/4.0/
wfo-0000599456,Hungary,HUN,HU,introduced,"Bartha, D. (2021). An Annotated And Updated Checklist Of The Hungarian Dendroflora. Acta Botanica Hungarica 63(3–4), pp. 227–284, 2021. https://doi.org/10.1556/034.63.2021.3-4.1",rare,https://creativecommons.org/licenses/by/4.0/
wfo-0000609451,Hungary,HUN,HU,native,"Bartha, D. (2021). An Annotated And Updated Checklist Of The Hungarian Dendroflora. Acta Botanica Hungarica 63(3–4), pp. 227–284, 2021. https://doi.org/10.1556/034.63.2021.3-4.1",present,https://creativecommons.org/licenses/by/4.0/
wfo-0000610926,Hungary,HUN,HU,native,"Bartha, D. (2021). An Annotated And Updated Checklist Of The Hungarian Dendroflora. Acta Botanica Hungarica 63(3–4), pp. 227–284, 2021. https://doi.org/10.1556/034.63.2021.3-4.1",present,https://creativecommons.org/licenses/by/4.0/
wfo-0000183399,Hungary,HUN,HU,native,"Bartha, D. (2021). An Annotated And Updated Checklist Of The Hungarian Dendroflora. Acta Botanica Hungarica 63(3–4), pp. 227–284, 2021. https://doi.org/10.1556/034.63.2021.3-4.1",present,https://creativecommons.org/licenses/by/4.0/
wfo-0001003501,Hungary,HUN,HU,uncertain,"Bartha, D. (2021). An Annotated And Updated Checklist Of The Hungarian Dendroflora. Acta Botanica Hungarica 63(3–4), pp. 227–284, 2021. https://doi.org/10.1556/034.63.2021.3-4.1",present,https://creativecommons.org/licenses/by/4.0/
wfo-0000924760,Hungary,HUN,HU,native,"Bartha, D. (2021). An Annotated And Updated Checklist Of The Hungarian Dendroflora. Acta Botanica Hungarica 63(3–4), pp. 227–284, 2021. https://doi.org/10.1556/034.63.2021.3-4.1",present,https://creativecommons.org/licenses/by/4.0/
wfo-0000924829,Hungary,HUN,HU,uncertain,"Bartha, D. (2021). An Annotated And Updated Checklist Of The Hungarian Dendroflora. Acta Botanica Hungarica 63(3–4), pp. 227–284, 2021. https://doi.org/10.1556/034.63.2021.3-4.1",doubtful,https://creativecommons.org/licenses/by/4.0/
wfo-0000924831,Hungary,HUN,HU,native,"Bartha, D. (2021). An Annotated And Updated Checklist Of The Hungarian Dendroflora. Acta Botanica Hungarica 63(3–4), pp. 227–284, 2021. https://doi.org/10.1556/034.63.2021.3-4.1",present,https://creativecommons.org/licenses/by/4.0/
wfo-0000924834,Hungary,HUN,HU,native,"Bartha, D. (2021). An Annotated And Updated Checklist Of The Hungarian Dendroflora. Acta Botanica Hungarica 63(3–4), pp. 227–284, 2021. https://doi.org/10.1556/034.63.2021.3-4.1",present,https://creativecommons.org/licenses/by/4.0/
wfo-0000925259,Hungary,HUN,HU,native,"Bartha, D. (2021). An Annotated And Updated Checklist Of The Hungarian Dendroflora. Acta Botanica Hungarica 63(3–4), pp. 227–284, 2021. https://doi.org/10.1556/034.63.2021.3-4.1",present,https://creativecommons.org/licenses/by/4.0/
wfo-0000925290,Hungary,HUN,HU,introduced,"Bartha, D. (2021). An Annotated And Updated Checklist Of The Hungarian Dendroflora. Acta Botanica Hungarica 63(3–4), pp. 227–284, 2021. https://doi.org/10.1556/034.63.2021.3-4.1",present,https://creativecommons.org/licenses/by/4.0/
wfo-0000623618,Hungary,HUN,HU,native,"Bartha, D. (2021). An Annotated And Updated Checklist Of The Hungarian Dendroflora. Acta Botanica Hungarica 63(3–4), pp. 227–284, 2021. https://doi.org/10.1556/034.63.2021.3-4.1",present,https://creativecommons.org/licenses/by/4.0/
wfo-0000983884,Hungary,HUN,HU,introduced,"Bartha, D. (2021). An Annotated And Updated Checklist Of The Hungarian Dendroflora. Acta Botanica Hungarica 63(3–4), pp. 227–284, 2021. https://doi.org/10.1556/034.63.2021.3-4.1",rare,https://creativecommons.org/licenses/by/4.0/
wfo-0000984749,Hungary,HUN,HU,introduced,"Bartha, D. (2021). An Annotated And Updated Checklist Of The Hungarian Dendroflora. Acta Botanica Hungarica 63(3–4), pp. 227–284, 2021. https://doi.org/10.1556/034.63.2021.3-4.1",rare,https://creativecommons.org/licenses/by/4.0/
wfo-0001008928,Hungary,HUN,HU,native,"Bartha, D. (2021). An Annotated And Updated Checklist Of The Hungarian Dendroflora. Acta Botanica Hungarica 63(3–4), pp. 227–284, 2021. https://doi.org/10.1556/034.63.2021.3-4.1",present,https://creativecommons.org/licenses/by/4.0/
wfo-0000988941,Hungary,HUN,HU,native,"Bartha, D. (2021). An Annotated And Updated Checklist Of The Hungarian Dendroflora. Acta Botanica Hungarica 63(3–4), pp. 227–284, 2021. https://doi.org/10.1556/034.63.2021.3-4.1",present,https://creativecommons.org/licenses/by/4.0/
wfo-0000984241,Hungary,HUN,HU,native,"Bartha, D. (2021). An Annotated And Updated Checklist Of The Hungarian Dendroflora. Acta Botanica Hungarica 63(3–4), pp. 227–284, 2021. https://doi.org/10.1556/034.63.2021.3-4.1",present,https://creativecommons.org/licenses/by/4.0/
wfo-0001263196,Hungary,HUN,HU,native,"Bartha, D. (2021). An Annotated And Updated Checklist Of The Hungarian Dendroflora. Acta Botanica Hungarica 63(3–4), pp. 227–284, 2021. https://doi.org/10.1556/034.63.2021.3-4.1",present,https://creativecommons.org/licenses/by/4.0/
wfo-0000989643,Hungary,HUN,HU,native,"Bartha, D. (2021). An Annotated And Updated Checklist Of The Hungarian Dendroflora. Acta Botanica Hungarica 63(3–4), pp. 227–284, 2021. https://doi.org/10.1556/034.63.2021.3-4.1",present,https://creativecommons.org/licenses/by/4.0/
wfo-0000989734,Hungary,HUN,HU,native,"Bartha, D. (2021). An Annotated And Updated Checklist Of The Hungarian Dendroflora. Acta Botanica Hungarica 63(3–4), pp. 227–284, 2021. https://doi.org/10.1556/034.63.2021.3-4.1",present,https://creativecommons.org/licenses/by/4.0/
wfo-0001016197,Hungary,HUN,HU,native,"Bartha, D. (2021). An Annotated And Updated Checklist Of The Hungarian Dendroflora. Acta Botanica Hungarica 63(3–4), pp. 227–284, 2021. https://doi.org/10.1556/034.63.2021.3-4.1",present,https://creativecommons.org/licenses/by/4.0/
wfo-0001016497,Hungary,HUN,HU,native,"Bartha, D. (2021). An Annotated And Updated Checklist Of The Hungarian Dendroflora. Acta Botanica Hungarica 63(3–4), pp. 227–284, 2021. https://doi.org/10.1556/034.63.2021.3-4.1",present,https://creativecommons.org/licenses/by/4.0/
wfo-0000990421,Hungary,HUN,HU,managed,"Bartha, D. (2021). An Annotated And Updated Checklist Of The Hungarian Dendroflora. Acta Botanica Hungarica 63(3–4), pp. 227–284, 2021. https://doi.org/10.1556/034.63.2021.3-4.1",present,https://creativecommons.org/licenses/by/4.0/
wfo-0001009174,Hungary,HUN,HU,native,"Bartha, D. (2021). An Annotated And Updated Checklist Of The Hungarian Dendroflora. Acta Botanica Hungarica 63(3–4), pp. 227–284, 2021. https://doi.org/10.1556/034.63.2021.3-4.1",present,https://creativecommons.org/licenses/by/4.0/
wfo-0000988672,Hungary,HUN,HU,native,"Bartha, D. (2021). An Annotated And Updated Checklist Of The Hungarian Dendroflora. Acta Botanica Hungarica 63(3–4), pp. 227–284, 2021. https://doi.org/10.1556/034.63.2021.3-4.1",present,https://creativecommons.org/licenses/by/4.0/
wfo-0000987353,Hungary,HUN,HU,native,"Bartha, D. (2021). An Annotated And Updated Checklist Of The Hungarian Dendroflora. Acta Botanica Hungarica 63(3–4), pp. 227–284, 2021. https://doi.org/10.1556/034.63.2021.3-4.1",present,https://creativecommons.org/licenses/by/4.0/
wfo-0000984411,Hungary,HUN,HU,native,"Bartha, D. (2021). An Annotated And Updated Checklist Of The Hungarian Dendroflora. Acta Botanica Hungarica 63(3–4), pp. 227–284, 2021. https://doi.org/10.1556/034.63.2021.3-4.1",present,https://creativecommons.org/licenses/by/4.0/
wfo-0000994234,Hungary,HUN,HU,native,"Bartha, D. (2021). An Annotated And Updated Checklist Of The Hungarian Dendroflora. Acta Botanica Hungarica 63(3–4), pp. 227–284, 2021. https://doi.org/10.1556/034.63.2021.3-4.1",present,https://creativecommons.org/licenses/by/4.0/
wfo-0000989083,Hungary,HUN,HU,native,"Bartha, D. (2021). An Annotated And Updated Checklist Of The Hungarian Dendroflora. Acta Botanica Hungarica 63(3–4), pp. 227–284, 2021. https://doi.org/10.1556/034.63.2021.3-4.1",present,https://creativecommons.org/licenses/by/4.0/
wfo-0001011708,Hungary,HUN,HU,managed,"Bartha, D. (2021). An Annotated And Updated Checklist Of The Hungarian Dendroflora. Acta Botanica Hungarica 63(3–4), pp. 227–284, 2021. https://doi.org/10.1556/034.63.2021.3-4.1",present,https://creativecommons.org/licenses/by/4.0/
wfo-0000214113,Hungary,HUN,HU,introduced,"Bartha, D. (2021). An Annotated And Updated Checklist Of The Hungarian Dendroflora. Acta Botanica Hungarica 63(3–4), pp. 227–284, 2021. https://doi.org/10.1556/034.63.2021.3-4.1",present,https://creativecommons.org/licenses/by/4.0/
wfo-0000637548,Hungary,HUN,HU,native,"Bartha, D. (2021). An Annotated And Updated Checklist Of The Hungarian Dendroflora. Acta Botanica Hungarica 63(3–4), pp. 227–284, 2021. https://doi.org/10.1556/034.63.2021.3-4.1",present,https://creativecommons.org/licenses/by/4.0/
wfo-0001142542,Hungary,HUN,HU,native,"Bartha, D. (2021). An Annotated And Updated Checklist Of The Hungarian Dendroflora. Acta Botanica Hungarica 63(3–4), pp. 227–284, 2021. https://doi.org/10.1556/034.63.2021.3-4.1",present,https://creativecommons.org/licenses/by/4.0/
wfo-0001284062,Hungary,HUN,HU,native,"Bartha, D. (2021). An Annotated And Updated Checklist Of The Hungarian Dendroflora. Acta Botanica Hungarica 63(3–4), pp. 227–284, 2021. https://doi.org/10.1556/034.63.2021.3-4.1",present,https://creativecommons.org/licenses/by/4.0/
wfo-0000637755,Hungary,HUN,HU,native,"Bartha, D. (2021). An Annotated And Updated Checklist Of The Hungarian Dendroflora. Acta Botanica Hungarica 63(3–4), pp. 227–284, 2021. https://doi.org/10.1556/034.63.2021.3-4.1",present,https://creativecommons.org/licenses/by/4.0/
wfo-0000663664,Hungary,HUN,HU,introduced,"Bartha, D. (2021). An Annotated And Updated Checklist Of The Hungarian Dendroflora. Acta Botanica Hungarica 63(3–4), pp. 227–284, 2021. https://doi.org/10.1556/034.63.2021.3-4.1",present,https://creativecommons.org/licenses/by/4.0/
wfo-0000663703,Hungary,HUN,HU,introduced,"Bartha, D. (2021). An Annotated And Updated Checklist Of The Hungarian Dendroflora. Acta Botanica Hungarica 63(3–4), pp. 227–284, 2021. https://doi.org/10.1556/034.63.2021.3-4.1",present,https://creativecommons.org/licenses/by/4.0/
wfo-0000794343,Hungary,HUN,HU,native,"Bartha, D. (2021). An Annotated And Updated Checklist Of The Hungarian Dendroflora. Acta Botanica Hungarica 63(3–4), pp. 227–284, 2021. https://doi.org/10.1556/034.63.2021.3-4.1",present,https://creativecommons.org/licenses/by/4.0/
wfo-0000681728,Hungary,HUN,HU,native,"Bartha, D. (2021). An Annotated And Updated Checklist Of The Hungarian Dendroflora. Acta Botanica Hungarica 63(3–4), pp. 227–284, 2021. https://doi.org/10.1556/034.63.2021.3-4.1",present,https://creativecommons.org/licenses/by/4.0/
wfo-0000681760,Hungary,HUN,HU,introduced,"Bartha, D. (2021). An Annotated And Updated Checklist Of The Hungarian Dendroflora. Acta Botanica Hungarica 63(3–4), pp. 227–284, 2021. https://doi.org/10.1556/034.63.2021.3-4.1",rare,https://creativecommons.org/licenses/by/4.0/
wfo-0000682137,Hungary,HUN,HU,native,"Bartha, D. (2021). An Annotated And Updated Checklist Of The Hungarian Dendroflora. Acta Botanica Hungarica 63(3–4), pp. 227–284, 2021. https://doi.org/10.1556/034.63.2021.3-4.1",present,https://creativecommons.org/licenses/by/4.0/
wfo-0000966528,Hungary,HUN,HU,uncertain,"Bartha, D. (2021). An Annotated And Updated Checklist Of The Hungarian Dendroflora. Acta Botanica Hungarica 63(3–4), pp. 227–284, 2021. https://doi.org/10.1556/034.63.2021.3-4.1",doubtful,https://creativecommons.org/licenses/by/4.0/
wfo-0000966507,Hungary,HUN,HU,native,"Bartha, D. (2021). An Annotated And Updated Checklist Of The Hungarian Dendroflora. Acta Botanica Hungarica 63(3–4), pp. 227–284, 2021. https://doi.org/10.1556/034.63.2021.3-4.1",present,https://creativecommons.org/licenses/by/4.0/
wfo-0000685778,Hungary,HUN,HU,introduced,"Bartha, D. (2021). An Annotated And Updated Checklist Of The Hungarian Dendroflora. Acta Botanica Hungarica 63(3–4), pp. 227–284, 2021. https://doi.org/10.1556/034.63.2021.3-4.1",rare,https://creativecommons.org/licenses/by/4.0/
wfo-0000685779,Hungary,HUN,HU,introduced,"Bartha, D. (2021). An Annotated And Updated Checklist Of The Hungarian Dendroflora. Acta Botanica Hungarica 63(3–4), pp. 227–284, 2021. https://doi.org/10.1556/034.63.2021.3-4.1",rare,https://creativecommons.org/licenses/by/4.0/
wfo-0000691852,Hungary,HUN,HU,native,"Bartha, D. (2021). An Annotated And Updated Checklist Of The Hungarian Dendroflora. Acta Botanica Hungarica 63(3–4), pp. 227–284, 2021. https://doi.org/10.1556/034.63.2021.3-4.1",present,https://creativecommons.org/licenses/by/4.0/
wfo-0000834541,Hungary,HUN,HU,native,"Bartha, D. (2021). An Annotated And Updated Checklist Of The Hungarian Dendroflora. Acta Botanica Hungarica 63(3–4), pp. 227–284, 2021. https://doi.org/10.1556/034.63.2021.3-4.1",present,https://creativecommons.org/licenses/by/4.0/
wfo-0000834564,Hungary,HUN,HU,native,"Bartha, D. (2021). An Annotated And Updated Checklist Of The Hungarian Dendroflora. Acta Botanica Hungarica 63(3–4), pp. 227–284, 2021. https://doi.org/10.1556/034.63.2021.3-4.1",present,https://creativecommons.org/licenses/by/4.0/
wfo-0000832813,Hungary,HUN,HU,introduced,"Bartha, D. (2021). An Annotated And Updated Checklist Of The Hungarian Dendroflora. Acta Botanica Hungarica 63(3–4), pp. 227–284, 2021. https://doi.org/10.1556/034.63.2021.3-4.1",present,https://creativecommons.org/licenses/by/4.0/
wfo-0000168133,Hungary,HUN,HU,introduced,"Bartha, D. (2021). An Annotated And Updated Checklist Of The Hungarian Dendroflora. Acta Botanica Hungarica 63(3–4), pp. 227–284, 2021. https://doi.org/10.1556/034.63.2021.3-4.1",rare,https://creativecommons.org/licenses/by/4.0/
wfo-0000979730,Hungary,HUN,HU,native,"Bartha, D. (2021). An Annotated And Updated Checklist Of The Hungarian Dendroflora. Acta Botanica Hungarica 63(3–4), pp. 227–284, 2021. https://doi.org/10.1556/034.63.2021.3-4.1",present,https://creativecommons.org/licenses/by/4.0/
wfo-0001428042,Hungary,HUN,HU,native,"Bartha, D. (2021). An Annotated And Updated Checklist Of The Hungarian Dendroflora. Acta Botanica Hungarica 63(3–4), pp. 227–284, 2021. https://doi.org/10.1556/034.63.2021.3-4.1",present,https://creativecommons.org/licenses/by/4.0/
wfo-0001428010,Hungary,HUN,HU,native,"Bartha, D. (2021). An Annotated And Updated Checklist Of The Hungarian Dendroflora. Acta Botanica Hungarica 63(3–4), pp. 227–284, 2021. https://doi.org/10.1556/034.63.2021.3-4.1",present,https://creativecommons.org/licenses/by/4.0/
wfo-0001428014,Hungary,HUN,HU,native,"Bartha, D. (2021). An Annotated And Updated Checklist Of The Hungarian Dendroflora. Acta Botanica Hungarica 63(3–4), pp. 227–284, 2021. https://doi.org/10.1556/034.63.2021.3-4.1",present,https://creativecommons.org/licenses/by/4.0/
wfo-0000214111,Hungary,HUN,HU,native,"Bartha, D. (2021). An Annotated And Updated Checklist Of The Hungarian Dendroflora. Acta Botanica Hungarica 63(3–4), pp. 227–284, 2021. https://doi.org/10.1556/034.63.2021.3-4.1",present,https://creativecommons.org/licenses/by/4.0/
wfo-0000723744,Hungary,HUN,HU,native,"Bartha, D. (2021). An Annotated And Updated Checklist Of The Hungarian Dendroflora. Acta Botanica Hungarica 63(3–4), pp. 227–284, 2021. https://doi.org/10.1556/034.63.2021.3-4.1",present,https://creativecommons.org/licenses/by/4.0/
wfo-0000355141,Hungary,HUN,HU,introduced,"Bartha, D. (2021). An Annotated And Updated Checklist Of The Hungarian Dendroflora. Acta Botanica Hungarica 63(3–4), pp. 227–284, 2021. https://doi.org/10.1556/034.63.2021.3-4.1",present,https://creativecommons.org/licenses/by/4.0/
wfo-0000355126,Hungary,HUN,HU,introduced,"Bartha, D. (2021). An Annotated And Updated Checklist Of The Hungarian Dendroflora. Acta Botanica Hungarica 63(3–4), pp. 227–284, 2021. https://doi.org/10.1556/034.63.2021.3-4.1",rare,https://creativecommons.org/licenses/by/4.0/
wfo-0000355051,Hungary,HUN,HU,managed,"Bartha, D. (2021). An Annotated And Updated Checklist Of The Hungarian Dendroflora. Acta Botanica Hungarica 63(3–4), pp. 227–284, 2021. https://doi.org/10.1556/034.63.2021.3-4.1",present,https://creativecommons.org/licenses/by/4.0/
wfo-0000355532,Hungary,HUN,HU,native,"Bartha, D. (2021). An Annotated And Updated Checklist Of The Hungarian Dendroflora. Acta Botanica Hungarica 63(3–4), pp. 227–284, 2021. https://doi.org/10.1556/034.63.2021.3-4.1",present,https://creativecommons.org/licenses/by/4.0/
wfo-0000354923,Hungary,HUN,HU,introduced,"Bartha, D. (2021). An Annotated And Updated Checklist Of The Hungarian Dendroflora. Acta Botanica Hungarica 63(3–4), pp. 227–284, 2021. https://doi.org/10.1556/034.63.2021.3-4.1",present,https://creativecommons.org/licenses/by/4.0/
wfo-0001427069,Hungary,HUN,HU,native,"Bartha, D. (2021). An Annotated And Updated Checklist Of The Hungarian Dendroflora. Acta Botanica Hungarica 63(3–4), pp. 227–284, 2021. https://doi.org/10.1556/034.63.2021.3-4.1",present,https://creativecommons.org/licenses/by/4.0/
wfo-0001428105,Hungary,HUN,HU,native,"Bartha, D. (2021). An Annotated And Updated Checklist Of The Hungarian Dendroflora. Acta Botanica Hungarica 63(3–4), pp. 227–284, 2021. https://doi.org/10.1556/034.63.2021.3-4.1",endemic,https://creativecommons.org/licenses/by/4.0/
wfo-0001428111,Hungary,HUN,HU,native,"Bartha, D. (2021). An Annotated And Updated Checklist Of The Hungarian Dendroflora. Acta Botanica Hungarica 63(3–4), pp. 227–284, 2021. https://doi.org/10.1556/034.63.2021.3-4.1",endemic,https://creativecommons.org/licenses/by/4.0/
wfo-0001428113,Hungary,HUN,HU,native,"Bartha, D. (2021). An Annotated And Updated Checklist Of The Hungarian Dendroflora. Acta Botanica Hungarica 63(3–4), pp. 227–284, 2021. https://doi.org/10.1556/034.63.2021.3-4.1",endemic,https://creativecommons.org/licenses/by/4.0/
wfo-0001428114,Hungary,HUN,HU,native,"Bartha, D. (2021). An Annotated And Updated Checklist Of The Hungarian Dendroflora. Acta Botanica Hungarica 63(3–4), pp. 227–284, 2021. https://doi.org/10.1556/034.63.2021.3-4.1",endemic,https://creativecommons.org/licenses/by/4.0/
wfo-0001428115,Hungary,HUN,HU,native,"Bartha, D. (2021). An Annotated And Updated Checklist Of The Hungarian Dendroflora. Acta Botanica Hungarica 63(3–4), pp. 227–284, 2021. https://doi.org/10.1556/034.63.2021.3-4.1",endemic,https://creativecommons.org/licenses/by/4.0/
wfo-0001428117,Hungary,HUN,HU,native,"Bartha, D. (2021). An Annotated And Updated Checklist Of The Hungarian Dendroflora. Acta Botanica Hungarica 63(3–4), pp. 227–284, 2021. https://doi.org/10.1556/034.63.2021.3-4.1",endemic,https://creativecommons.org/licenses/by/4.0/
wfo-0001428118,Hungary,HUN,HU,native,"Bartha, D. (2021). An Annotated And Updated Checklist Of The Hungarian Dendroflora. Acta Botanica Hungarica 63(3–4), pp. 227–284, 2021. https://doi.org/10.1556/034.63.2021.3-4.1",endemic,https://creativecommons.org/licenses/by/4.0/
wfo-0001428120,Hungary,HUN,HU,native,"Bartha, D. (2021). An Annotated And Updated Checklist Of The Hungarian Dendroflora. Acta Botanica Hungarica 63(3–4), pp. 227–284, 2021. https://doi.org/10.1556/034.63.2021.3-4.1",endemic,https://creativecommons.org/licenses/by/4.0/
wfo-0001428125,Hungary,HUN,HU,native,"Bartha, D. (2021). An Annotated And Updated Checklist Of The Hungarian Dendroflora. Acta Botanica Hungarica 63(3–4), pp. 227–284, 2021. https://doi.org/10.1556/034.63.2021.3-4.1",endemic,https://creativecommons.org/licenses/by/4.0/
wfo-0001428126,Hungary,HUN,HU,native,"Bartha, D. (2021). An Annotated And Updated Checklist Of The Hungarian Dendroflora. Acta Botanica Hungarica 63(3–4), pp. 227–284, 2021. https://doi.org/10.1556/034.63.2021.3-4.1",endemic,https://creativecommons.org/licenses/by/4.0/
wfo-0001428129,Hungary,HUN,HU,native,"Bartha, D. (2021). An Annotated And Updated Checklist Of The Hungarian Dendroflora. Acta Botanica Hungarica 63(3–4), pp. 227–284, 2021. https://doi.org/10.1556/034.63.2021.3-4.1",endemic,https://creativecommons.org/licenses/by/4.0/
wfo-0000357203,Hungary,HUN,HU,introduced,"Bartha, D. (2021). An Annotated And Updated Checklist Of The Hungarian Dendroflora. Acta Botanica Hungarica 63(3–4), pp. 227–284, 2021. https://doi.org/10.1556/034.63.2021.3-4.1",rare,https://creativecommons.org/licenses/by/4.0/
wfo-0000736101,Hungary,HUN,HU,introduced,"Bartha, D. (2021). An Annotated And Updated Checklist Of The Hungarian Dendroflora. Acta Botanica Hungarica 63(3–4), pp. 227–284, 2021. https://doi.org/10.1556/034.63.2021.3-4.1",present,https://creativecommons.org/licenses/by/4.0/
wfo-0000443338,Hungary,HUN,HU,introduced,"Bartha, D. (2021). An Annotated And Updated Checklist Of The Hungarian Dendroflora. Acta Botanica Hungarica 63(3–4), pp. 227–284, 2021. https://doi.org/10.1556/034.63.2021.3-4.1",rare,https://creativecommons.org/licenses/by/4.0/
wfo-0000443374,Hungary,HUN,HU,introduced,"Bartha, D. (2021). An Annotated And Updated Checklist Of The Hungarian Dendroflora. Acta Botanica Hungarica 63(3–4), pp. 227–284, 2021. https://doi.org/10.1556/034.63.2021.3-4.1",present,https://creativecommons.org/licenses/by/4.0/
wfo-0000815984,Hungary,HUN,HU,native,"Bartha, D. (2021). An Annotated And Updated Checklist Of The Hungarian Dendroflora. Acta Botanica Hungarica 63(3–4), pp. 227–284, 2021. https://doi.org/10.1556/034.63.2021.3-4.1",present,https://creativecommons.org/licenses/by/4.0/
wfo-0000359853,Hungary,HUN,HU,native,"Bartha, D. (2021). An Annotated And Updated Checklist Of The Hungarian Dendroflora. Acta Botanica Hungarica 63(3–4), pp. 227–284, 2021. https://doi.org/10.1556/034.63.2021.3-4.1",rare,https://creativecommons.org/licenses/by/4.0/
wfo-0000359656,Hungary,HUN,HU,native,"Bartha, D. (2021). An Annotated And Updated Checklist Of The Hungarian Dendroflora. Acta Botanica Hungarica 63(3–4), pp. 227–284, 2021. https://doi.org/10.1556/034.63.2021.3-4.1",present,https://creativecommons.org/licenses/by/4.0/
wfo-0000361644,Hungary,HUN,HU,native,"Bartha, D. (2021). An Annotated And Updated Checklist Of The Hungarian Dendroflora. Acta Botanica Hungarica 63(3–4), pp. 227–284, 2021. https://doi.org/10.1556/034.63.2021.3-4.1",present,https://creativecommons.org/licenses/by/4.0/
wfo-0000366197,Hungary,HUN,HU,native,"Bartha, D. (2021). An Annotated And Updated Checklist Of The Hungarian Dendroflora. Acta Botanica Hungarica 63(3–4), pp. 227–284, 2021. https://doi.org/10.1556/034.63.2021.3-4.1",present,https://creativecommons.org/licenses/by/4.0/
wfo-0001022663,Hungary,HUN,HU,introduced,"Bartha, D. (2021). An Annotated And Updated Checklist Of The Hungarian Dendroflora. Acta Botanica Hungarica 63(3–4), pp. 227–284, 2021. https://doi.org/10.1556/034.63.2021.3-4.1",present,https://creativecommons.org/licenses/by/4.0/
wfo-0000447854,Hungary,HUN,HU,introduced,"Bartha, D. (2021). An Annotated And Updated Checklist Of The Hungarian Dendroflora. Acta Botanica Hungarica 63(3–4), pp. 227–284, 2021. https://doi.org/10.1556/034.63.2021.3-4.1",present,https://creativecommons.org/licenses/by/4.0/
wfo-0001016915,Hungary,HUN,HU,native,"Bartha, D. (2021). An Annotated And Updated Checklist Of The Hungarian Dendroflora. Acta Botanica Hungarica 63(3–4), pp. 227–284, 2021. https://doi.org/10.1556/034.63.2021.3-4.1",present,https://creativecommons.org/licenses/by/4.0/
wfo-0001008355,Hungary,HUN,HU,managed,"Bartha, D. (2021). An Annotated And Updated Checklist Of The Hungarian Dendroflora. Acta Botanica Hungarica 63(3–4), pp. 227–284, 2021. https://doi.org/10.1556/034.63.2021.3-4.1",present,https://creativecommons.org/licenses/by/4.0/
wfo-0000447905,Hungary,HUN,HU,introduced,"Bartha, D. (2021). An Annotated And Updated Checklist Of The Hungarian Dendroflora. Acta Botanica Hungarica 63(3–4), pp. 227–284, 2021. https://doi.org/10.1556/034.63.2021.3-4.1",rare,https://creativecommons.org/licenses/by/4.0/
wfo-0000261449,Hungary,HUN,HU,native,"Bartha, D. (2021). An Annotated And Updated Checklist Of The Hungarian Dendroflora. Acta Botanica Hungarica 63(3–4), pp. 227–284, 2021. https://doi.org/10.1556/034.63.2021.3-4.1",extinct,https://creativecommons.org/licenses/by/4.0/
wfo-0000476975,Hungary,HUN,HU,introduced,"Bartha, D. (2021). An Annotated And Updated Checklist Of The Hungarian Dendroflora. Acta Botanica Hungarica 63(3–4), pp. 227–284, 2021. https://doi.org/10.1556/034.63.2021.3-4.1",present,https://creativecommons.org/licenses/by/4.0/
wfo-0000474309,Hungary,HUN,HU,introduced,"Bartha, D. (2021). An Annotated And Updated Checklist Of The Hungarian Dendroflora. Acta Botanica Hungarica 63(3–4), pp. 227–284, 2021. https://doi.org/10.1556/034.63.2021.3-4.1",rare,https://creativecommons.org/licenses/by/4.0/
wfo-0001140122,Hungary,HUN,HU,introduced,"Bartha, D. (2021). An Annotated And Updated Checklist Of The Hungarian Dendroflora. Acta Botanica Hungarica 63(3–4), pp. 227–284, 2021. https://doi.org/10.1556/034.63.2021.3-4.1",present,https://creativecommons.org/licenses/by/4.0/
wfo-0001137342,Hungary,HUN,HU,introduced,"Bartha, D. (2021). An Annotated And Updated Checklist Of The Hungarian Dendroflora. Acta Botanica Hungarica 63(3–4), pp. 227–284, 2021. https://doi.org/10.1556/034.63.2021.3-4.1",present,https://creativecommons.org/licenses/by/4.0/
wfo-0000470767,Hungary,HUN,HU,introduced,"Bartha, D. (2021). An Annotated And Updated Checklist Of The Hungarian Dendroflora. Acta Botanica Hungarica 63(3–4), pp. 227–284, 2021. https://doi.org/10.1556/034.63.2021.3-4.1",rare,https://creativecommons.org/licenses/by/4.0/
wfo-0000482353,Hungary,HUN,HU,introduced,"Bartha, D. (2021). An Annotated And Updated Checklist Of The Hungarian Dendroflora. Acta Botanica Hungarica 63(3–4), pp. 227–284, 2021. https://doi.org/10.1556/034.63.2021.3-4.1",present,https://creativecommons.org/licenses/by/4.0/
wfo-0000481903,Hungary,HUN,HU,introduced,"Bartha, D. (2021). An Annotated And Updated Checklist Of The Hungarian Dendroflora. Acta Botanica Hungarica 63(3–4), pp. 227–284, 2021. https://doi.org/10.1556/034.63.2021.3-4.1",present,https://creativecommons.org/licenses/by/4.0/
wfo-0000481530,Hungary,HUN,HU,introduced,"Bartha, D. (2021). An Annotated And Updated Checklist Of The Hungarian Dendroflora. Acta Botanica Hungarica 63(3–4), pp. 227–284, 2021. https://doi.org/10.1556/034.63.2021.3-4.1",present,https://creativecommons.org/licenses/by/4.0/
wfo-0000481648,Hungary,HUN,HU,native,"Bartha, D. (2021). An Annotated And Updated Checklist Of The Hungarian Dendroflora. Acta Botanica Hungarica 63(3–4), pp. 227–284, 2021. https://doi.org/10.1556/034.63.2021.3-4.1",rare,https://creativecommons.org/licenses/by/4.0/
wfo-0000486955,Hungary,HUN,HU,introduced,"Bartha, D. (2021). An Annotated And Updated Checklist Of The Hungarian Dendroflora. Acta Botanica Hungarica 63(3–4), pp. 227–284, 2021. https://doi.org/10.1556/034.63.2021.3-4.1",rare,https://creativecommons.org/licenses/by/4.0/
wfo-0000396774,Hungary,HUN,HU,introduced,"Bartha, D. (2021). An Annotated And Updated Checklist Of The Hungarian Dendroflora. Acta Botanica Hungarica 63(3–4), pp. 227–284, 2021. https://doi.org/10.1556/034.63.2021.3-4.1",rare,https://creativecommons.org/licenses/by/4.0/
wfo-0000930752,Hungary,HUN,HU,introduced,"Bartha, D. (2021). An Annotated And Updated Checklist Of The Hungarian Dendroflora. Acta Botanica Hungarica 63(3–4), pp. 227–284, 2021. https://doi.org/10.1556/034.63.2021.3-4.1",present,https://creativecommons.org/licenses/by/4.0/
wfo-0000928145,Hungary,HUN,HU,native,"Bartha, D. (2021). An Annotated And Updated Checklist Of The Hungarian Dendroflora. Acta Botanica Hungarica 63(3–4), pp. 227–284, 2021. https://doi.org/10.1556/034.63.2021.3-4.1",present,https://creativecommons.org/licenses/by/4.0/
wfo-0000928384,Hungary,HUN,HU,native,"Bartha, D. (2021). An Annotated And Updated Checklist Of The Hungarian Dendroflora. Acta Botanica Hungarica 63(3–4), pp. 227–284, 2021. https://doi.org/10.1556/034.63.2021.3-4.1",present,https://creativecommons.org/licenses/by/4.0/
wfo-0000928297,Hungary,HUN,HU,native,"Bartha, D. (2021). An Annotated And Updated Checklist Of The Hungarian Dendroflora. Acta Botanica Hungarica 63(3–4), pp. 227–284, 2021. https://doi.org/10.1556/034.63.2021.3-4.1",present,https://creativecommons.org/licenses/by/4.0/
wfo-0000928187,Hungary,HUN,HU,introduced,"Bartha, D. (2021). An Annotated And Updated Checklist Of The Hungarian Dendroflora. Acta Botanica Hungarica 63(3–4), pp. 227–284, 2021. https://doi.org/10.1556/034.63.2021.3-4.1",present,https://creativecommons.org/licenses/by/4.0/
wfo-0000928205,Hungary,HUN,HU,native,"Bartha, D. (2021). An Annotated And Updated Checklist Of The Hungarian Dendroflora. Acta Botanica Hungarica 63(3–4), pp. 227–284, 2021. https://doi.org/10.1556/034.63.2021.3-4.1",present,https://creativecommons.org/licenses/by/4.0/
wfo-0000995964,Hungary,HUN,HU,native,"Bartha, D. (2021). An Annotated And Updated Checklist Of The Hungarian Dendroflora. Acta Botanica Hungarica 63(3–4), pp. 227–284, 2021. https://doi.org/10.1556/034.63.2021.3-4.1",present,https://creativecommons.org/licenses/by/4.0/
wfo-0000995963,Hungary,HUN,HU,native,"Bartha, D. (2021). An Annotated And Updated Checklist Of The Hungarian Dendroflora. Acta Botanica Hungarica 63(3–4), pp. 227–284, 2021. https://doi.org/10.1556/034.63.2021.3-4.1",present,https://creativecommons.org/licenses/by/4.0/
wfo-0001009805,Hungary,HUN,HU,native,"Bartha, D. (2021). An Annotated And Updated Checklist Of The Hungarian Dendroflora. Acta Botanica Hungarica 63(3–4), pp. 227–284, 2021. https://doi.org/10.1556/034.63.2021.3-4.1",rare,https://creativecommons.org/licenses/by/4.0/
wfo-0000996195,Hungary,HUN,HU,uncertain,"Bartha, D. (2021). An Annotated And Updated Checklist Of The Hungarian Dendroflora. Acta Botanica Hungarica 63(3–4), pp. 227–284, 2021. https://doi.org/10.1556/034.63.2021.3-4.1",doubtful,https://creativecommons.org/licenses/by/4.0/
wfo-0000996194,Hungary,HUN,HU,managed,"Bartha, D. (2021). An Annotated And Updated Checklist Of The Hungarian Dendroflora. Acta Botanica Hungarica 63(3–4), pp. 227–284, 2021. https://doi.org/10.1556/034.63.2021.3-4.1",present,https://creativecommons.org/licenses/by/4.0/
wfo-0001015846,Hungary,HUN,HU,managed,"Bartha, D. (2021). An Annotated And Updated Checklist Of The Hungarian Dendroflora. Acta Botanica Hungarica 63(3–4), pp. 227–284, 2021. https://doi.org/10.1556/034.63.2021.3-4.1",present,https://creativecommons.org/licenses/by/4.0/
wfo-0000991689,Hungary,HUN,HU,managed,"Bartha, D. (2021). An Annotated And Updated Checklist Of The Hungarian Dendroflora. Acta Botanica Hungarica 63(3–4), pp. 227–284, 2021. https://doi.org/10.1556/034.63.2021.3-4.1",present,https://creativecommons.org/licenses/by/4.0/
wfo-0001005630,Hungary,HUN,HU,native,"Bartha, D. (2021). An Annotated And Updated Checklist Of The Hungarian Dendroflora. Acta Botanica Hungarica 63(3–4), pp. 227–284, 2021. https://doi.org/10.1556/034.63.2021.3-4.1",present,https://creativecommons.org/licenses/by/4.0/
wfo-0001007955,Hungary,HUN,HU,managed,"Bartha, D. (2021). An Annotated And Updated Checklist Of The Hungarian Dendroflora. Acta Botanica Hungarica 63(3–4), pp. 227–284, 2021. https://doi.org/10.1556/034.63.2021.3-4.1",present,https://creativecommons.org/licenses/by/4.0/
wfo-0001016331,Hungary,HUN,HU,managed,"Bartha, D. (2021). An Annotated And Updated Checklist Of The Hungarian Dendroflora. Acta Botanica Hungarica 63(3–4), pp. 227–284, 2021. https://doi.org/10.1556/034.63.2021.3-4.1",present,https://creativecommons.org/licenses/by/4.0/
wfo-0000984349,Hungary,HUN,HU,managed,"Bartha, D. (2021). An Annotated And Updated Checklist Of The Hungarian Dendroflora. Acta Botanica Hungarica 63(3–4), pp. 227–284, 2021. https://doi.org/10.1556/034.63.2021.3-4.1",present,https://creativecommons.org/licenses/by/4.0/
wfo-0001013852,Hungary,HUN,HU,native,"Bartha, D. (2021). An Annotated And Updated Checklist Of The Hungarian Dendroflora. Acta Botanica Hungarica 63(3–4), pp. 227–284, 2021. https://doi.org/10.1556/034.63.2021.3-4.1",present,https://creativecommons.org/licenses/by/4.0/
wfo-0000983763,Hungary,HUN,HU,managed,"Bartha, D. (2021). An Annotated And Updated Checklist Of The Hungarian Dendroflora. Acta Botanica Hungarica 63(3–4), pp. 227–284, 2021. https://doi.org/10.1556/034.63.2021.3-4.1",present,https://creativecommons.org/licenses/by/4.0/
wfo-0000983726,Hungary,HUN,HU,native,"Bartha, D. (2021). An Annotated And Updated Checklist Of The Hungarian Dendroflora. Acta Botanica Hungarica 63(3–4), pp. 227–284, 2021. https://doi.org/10.1556/034.63.2021.3-4.1",present,https://creativecommons.org/licenses/by/4.0/
wfo-0001005418,Hungary,HUN,HU,managed,"Bartha, D. (2021). An Annotated And Updated Checklist Of The Hungarian Dendroflora. Acta Botanica Hungarica 63(3–4), pp. 227–284, 2021. https://doi.org/10.1556/034.63.2021.3-4.1",present,https://creativecommons.org/licenses/by/4.0/
wfo-0000995988,Hungary,HUN,HU,introduced,"Bartha, D. (2021). An Annotated And Updated Checklist Of The Hungarian Dendroflora. Acta Botanica Hungarica 63(3–4), pp. 227–284, 2021. https://doi.org/10.1556/034.63.2021.3-4.1",present,https://creativecommons.org/licenses/by/4.0/
wfo-0001007437,Hungary,HUN,HU,native,"Bartha, D. (2021). An Annotated And Updated Checklist Of The Hungarian Dendroflora. Acta Botanica Hungarica 63(3–4), pp. 227–284, 2021. https://doi.org/10.1556/034.63.2021.3-4.1",present,https://creativecommons.org/licenses/by/4.0/
wfo-0001018576,Hungary,HUN,HU,native,"Bartha, D. (2021). An Annotated And Updated Checklist Of The Hungarian Dendroflora. Acta Botanica Hungarica 63(3–4), pp. 227–284, 2021. https://doi.org/10.1556/034.63.2021.3-4.1",present,https://creativecommons.org/licenses/by/4.0/
wfo-0000478194,Hungary,HUN,HU,introduced,"Bartha, D. (2021). An Annotated And Updated Checklist Of The Hungarian Dendroflora. Acta Botanica Hungarica 63(3–4), pp. 227–284, 2021. https://doi.org/10.1556/034.63.2021.3-4.1",present,https://creativecommons.org/licenses/by/4.0/
wfo-0000471373,Hungary,HUN,HU,introduced,"Bartha, D. (2021). An Annotated And Updated Checklist Of The Hungarian Dendroflora. Acta Botanica Hungarica 63(3–4), pp. 227–284, 2021. https://doi.org/10.1556/034.63.2021.3-4.1",present,https://creativecommons.org/licenses/by/4.0/
wfo-0000465166,Hungary,HUN,HU,introduced,"Bartha, D. (2021). An Annotated And Updated Checklist Of The Hungarian Dendroflora. Acta Botanica Hungarica 63(3–4), pp. 227–284, 2021. https://doi.org/10.1556/034.63.2021.3-4.1",present,https://creativecommons.org/licenses/by/4.0/
wfo-0000998864,Hungary,HUN,HU,native,"Bartha, D. (2021). An Annotated And Updated Checklist Of The Hungarian Dendroflora. Acta Botanica Hungarica 63(3–4), pp. 227–284, 2021. https://doi.org/10.1556/034.63.2021.3-4.1",rare,https://creativecommons.org/licenses/by/4.0/
wfo-0001010785,Hungary,HUN,HU,native,"Bartha, D. (2021). An Annotated And Updated Checklist Of The Hungarian Dendroflora. Acta Botanica Hungarica 63(3–4), pp. 227–284, 2021. https://doi.org/10.1556/034.63.2021.3-4.1",present,https://creativecommons.org/licenses/by/4.0/
wfo-0001010821,Hungary,HUN,HU,native,"Bartha, D. (2021). An Annotated And Updated Checklist Of The Hungarian Dendroflora. Acta Botanica Hungarica 63(3–4), pp. 227–284, 2021. https://doi.org/10.1556/034.63.2021.3-4.1",rare,https://creativecommons.org/licenses/by/4.0/
wfo-0001006195,Hungary,HUN,HU,managed,"Bartha, D. (2021). An Annotated And Updated Checklist Of The Hungarian Dendroflora. Acta Botanica Hungarica 63(3–4), pp. 227–284, 2021. https://doi.org/10.1556/034.63.2021.3-4.1",present,https://creativecommons.org/licenses/by/4.0/
wfo-0001010819,Hungary,HUN,HU,managed,"Bartha, D. (2021). An Annotated And Updated Checklist Of The Hungarian Dendroflora. Acta Botanica Hungarica 63(3–4), pp. 227–284, 2021. https://doi.org/10.1556/034.63.2021.3-4.1",present,https://creativecommons.org/licenses/by/4.0/
wfo-0000998862,Hungary,HUN,HU,managed,"Bartha, D. (2021). An Annotated And Updated Checklist Of The Hungarian Dendroflora. Acta Botanica Hungarica 63(3–4), pp. 227–284, 2021. https://doi.org/10.1556/034.63.2021.3-4.1",present,https://creativecommons.org/licenses/by/4.0/
wfo-0001015799,Hungary,HUN,HU,managed,"Bartha, D. (2021). An Annotated And Updated Checklist Of The Hungarian Dendroflora. Acta Botanica Hungarica 63(3–4), pp. 227–284, 2021. https://doi.org/10.1556/034.63.2021.3-4.1",present,https://creativecommons.org/licenses/by/4.0/
wfo-0001018751,Hungary,HUN,HU,uncertain,"Bartha, D. (2021). An Annotated And Updated Checklist Of The Hungarian Dendroflora. Acta Botanica Hungarica 63(3–4), pp. 227–284, 2021. https://doi.org/10.1556/034.63.2021.3-4.1",present,https://creativecommons.org/licenses/by/4.0/
wfo-0000983612,Hungary,HUN,HU,native,"Bartha, D. (2021). An Annotated And Updated Checklist Of The Hungarian Dendroflora. Acta Botanica Hungarica 63(3–4), pp. 227–284, 2021. https://doi.org/10.1556/034.63.2021.3-4.1",present,https://creativecommons.org/licenses/by/4.0/
wfo-0000998826,Hungary,HUN,HU,managed,"Bartha, D. (2021). An Annotated And Updated Checklist Of The Hungarian Dendroflora. Acta Botanica Hungarica 63(3–4), pp. 227–284, 2021. https://doi.org/10.1556/034.63.2021.3-4.1",present,https://creativecommons.org/licenses/by/4.0/
wfo-0000289720,Hungary,HUN,HU,uncertain,"Bartha, D. (2021). An Annotated And Updated Checklist Of The Hungarian Dendroflora. Acta Botanica Hungarica 63(3–4), pp. 227–284, 2021. https://doi.org/10.1556/034.63.2021.3-4.1",doubtful,https://creativecommons.org/licenses/by/4.0/
wfo-0000289808,Hungary,HUN,HU,introduced,"Bartha, D. (2021). An Annotated And Updated Checklist Of The Hungarian Dendroflora. Acta Botanica Hungarica 63(3–4), pp. 227–284, 2021. https://doi.org/10.1556/034.63.2021.3-4.1",rare,https://creativecommons.org/licenses/by/4.0/
wfo-0000289879,Hungary,HUN,HU,native,"Bartha, D. (2021). An Annotated And Updated Checklist Of The Hungarian Dendroflora. Acta Botanica Hungarica 63(3–4), pp. 227–284, 2021. https://doi.org/10.1556/034.63.2021.3-4.1",present,https://creativecommons.org/licenses/by/4.0/
wfo-0000290155,Hungary,HUN,HU,introduced,"Bartha, D. (2021). An Annotated And Updated Checklist Of The Hungarian Dendroflora. Acta Botanica Hungarica 63(3–4), pp. 227–284, 2021. https://doi.org/10.1556/034.63.2021.3-4.1",rare,https://creativecommons.org/licenses/by/4.0/
wfo-0000290374,Hungary,HUN,HU,native,"Bartha, D. (2021). An Annotated And Updated Checklist Of The Hungarian Dendroflora. Acta Botanica Hungarica 63(3–4), pp. 227–284, 2021. https://doi.org/10.1556/034.63.2021.3-4.1",present,https://creativecommons.org/licenses/by/4.0/
wfo-0000290410,Hungary,HUN,HU,native,"Bartha, D. (2021). An Annotated And Updated Checklist Of The Hungarian Dendroflora. Acta Botanica Hungarica 63(3–4), pp. 227–284, 2021. https://doi.org/10.1556/034.63.2021.3-4.1",present,https://creativecommons.org/licenses/by/4.0/
wfo-0000290530,Hungary,HUN,HU,native,"Bartha, D. (2021). An Annotated And Updated Checklist Of The Hungarian Dendroflora. Acta Botanica Hungarica 63(3–4), pp. 227–284, 2021. https://doi.org/10.1556/034.63.2021.3-4.1",present,https://creativecommons.org/licenses/by/4.0/
wfo-0000291075,Hungary,HUN,HU,introduced,"Bartha, D. (2021). An Annotated And Updated Checklist Of The Hungarian Dendroflora. Acta Botanica Hungarica 63(3–4), pp. 227–284, 2021. https://doi.org/10.1556/034.63.2021.3-4.1",rare,https://creativecommons.org/licenses/by/4.0/
wfo-0000291330,Hungary,HUN,HU,native,"Bartha, D. (2021). An Annotated And Updated Checklist Of The Hungarian Dendroflora. Acta Botanica Hungarica 63(3–4), pp. 227–284, 2021. https://doi.org/10.1556/034.63.2021.3-4.1",present,https://creativecommons.org/licenses/by/4.0/
wfo-0000292435,Hungary,HUN,HU,native,"Bartha, D. (2021). An Annotated And Updated Checklist Of The Hungarian Dendroflora. Acta Botanica Hungarica 63(3–4), pp. 227–284, 2021. https://doi.org/10.1556/034.63.2021.3-4.1",present,https://creativecommons.org/licenses/by/4.0/
wfo-0000292577,Hungary,HUN,HU,native,"Bartha, D. (2021). An Annotated And Updated Checklist Of The Hungarian Dendroflora. Acta Botanica Hungarica 63(3–4), pp. 227–284, 2021. https://doi.org/10.1556/034.63.2021.3-4.1",present,https://creativecommons.org/licenses/by/4.0/
wfo-0000292646,Hungary,HUN,HU,native,"Bartha, D. (2021). An Annotated And Updated Checklist Of The Hungarian Dendroflora. Acta Botanica Hungarica 63(3–4), pp. 227–284, 2021. https://doi.org/10.1556/034.63.2021.3-4.1",present,https://creativecommons.org/licenses/by/4.0/
wfo-0000292978,Hungary,HUN,HU,native,"Bartha, D. (2021). An Annotated And Updated Checklist Of The Hungarian Dendroflora. Acta Botanica Hungarica 63(3–4), pp. 227–284, 2021. https://doi.org/10.1556/034.63.2021.3-4.1",present,https://creativecommons.org/licenses/by/4.0/
wfo-0000293432,Hungary,HUN,HU,native,"Bartha, D. (2021). An Annotated And Updated Checklist Of The Hungarian Dendroflora. Acta Botanica Hungarica 63(3–4), pp. 227–284, 2021. https://doi.org/10.1556/034.63.2021.3-4.1",present,https://creativecommons.org/licenses/by/4.0/
wfo-0000293554,Hungary,HUN,HU,introduced,"Bartha, D. (2021). An Annotated And Updated Checklist Of The Hungarian Dendroflora. Acta Botanica Hungarica 63(3–4), pp. 227–284, 2021. https://doi.org/10.1556/034.63.2021.3-4.1",rare,https://creativecommons.org/licenses/by/4.0/
wfo-0000293733,Hungary,HUN,HU,introduced,"Bartha, D. (2021). An Annotated And Updated Checklist Of The Hungarian Dendroflora. Acta Botanica Hungarica 63(3–4), pp. 227–284, 2021. https://doi.org/10.1556/034.63.2021.3-4.1",rare,https://creativecommons.org/licenses/by/4.0/
wfo-0000289665,Hungary,HUN,HU,native,"Bartha, D. (2021). An Annotated And Updated Checklist Of The Hungarian Dendroflora. Acta Botanica Hungarica 63(3–4), pp. 227–284, 2021. https://doi.org/10.1556/034.63.2021.3-4.1",present,https://creativecommons.org/licenses/by/4.0/
wfo-0000290053,Hungary,HUN,HU,native,"Bartha, D. (2021). An Annotated And Updated Checklist Of The Hungarian Dendroflora. Acta Botanica Hungarica 63(3–4), pp. 227–284, 2021. https://doi.org/10.1556/034.63.2021.3-4.1",present,https://creativecommons.org/licenses/by/4.0/
wfo-0000290823,Hungary,HUN,HU,introduced,"Bartha, D. (2021). An Annotated And Updated Checklist Of The Hungarian Dendroflora. Acta Botanica Hungarica 63(3–4), pp. 227–284, 2021. https://doi.org/10.1556/034.63.2021.3-4.1",present,https://creativecommons.org/licenses/by/4.0/
wfo-0000292323,Hungary,HUN,HU,introduced,"Bartha, D. (2021). An Annotated And Updated Checklist Of The Hungarian Dendroflora. Acta Botanica Hungarica 63(3–4), pp. 227–284, 2021. https://doi.org/10.1556/034.63.2021.3-4.1",present,https://creativecommons.org/licenses/by/4.0/
wfo-0000292479,Hungary,HUN,HU,native,"Bartha, D. (2021). An Annotated And Updated Checklist Of The Hungarian Dendroflora. Acta Botanica Hungarica 63(3–4), pp. 227–284, 2021. https://doi.org/10.1556/034.63.2021.3-4.1",present,https://creativecommons.org/licenses/by/4.0/
wfo-0000292573,Hungary,HUN,HU,native,"Bartha, D. (2021). An Annotated And Updated Checklist Of The Hungarian Dendroflora. Acta Botanica Hungarica 63(3–4), pp. 227–284, 2021. https://doi.org/10.1556/034.63.2021.3-4.1",present,https://creativecommons.org/licenses/by/4.0/
wfo-0000292702,Hungary,HUN,HU,native,"Bartha, D. (2021). An Annotated And Updated Checklist Of The Hungarian Dendroflora. Acta Botanica Hungarica 63(3–4), pp. 227–284, 2021. https://doi.org/10.1556/034.63.2021.3-4.1",present,https://creativecommons.org/licenses/by/4.0/
wfo-0000292938,Hungary,HUN,HU,introduced,"Bartha, D. (2021). An Annotated And Updated Checklist Of The Hungarian Dendroflora. Acta Botanica Hungarica 63(3–4), pp. 227–284, 2021. https://doi.org/10.1556/034.63.2021.3-4.1",present,https://creativecommons.org/licenses/by/4.0/
wfo-0000292948,Hungary,HUN,HU,native,"Bartha, D. (2021). An Annotated And Updated Checklist Of The Hungarian Dendroflora. Acta Botanica Hungarica 63(3–4), pp. 227–284, 2021. https://doi.org/10.1556/034.63.2021.3-4.1",present,https://creativecommons.org/licenses/by/4.0/
wfo-0000292954,Hungary,HUN,HU,introduced,"Bartha, D. (2021). An Annotated And Updated Checklist Of The Hungarian Dendroflora. Acta Botanica Hungarica 63(3–4), pp. 227–284, 2021. https://doi.org/10.1556/034.63.2021.3-4.1",present,https://creativecommons.org/licenses/by/4.0/
wfo-0000293006,Hungary,HUN,HU,introduced,"Bartha, D. (2021). An Annotated And Updated Checklist Of The Hungarian Dendroflora. Acta Botanica Hungarica 63(3–4), pp. 227–284, 2021. https://doi.org/10.1556/034.63.2021.3-4.1",rare,https://creativecommons.org/licenses/by/4.0/
wfo-0000293876,Hungary,HUN,HU,native,"Bartha, D. (2021). An Annotated And Updated Checklist Of The Hungarian Dendroflora. Acta Botanica Hungarica 63(3–4), pp. 227–284, 2021. https://doi.org/10.1556/034.63.2021.3-4.1",present,https://creativecommons.org/licenses/by/4.0/
wfo-0000460215,Hungary,HUN,HU,native,"Bartha, D. (2021). An Annotated And Updated Checklist Of The Hungarian Dendroflora. Acta Botanica Hungarica 63(3–4), pp. 227–284, 2021. https://doi.org/10.1556/034.63.2021.3-4.1",present,https://creativecommons.org/licenses/by/4.0/
wfo-0000460239,Hungary,HUN,HU,native,"Bartha, D. (2021). An Annotated And Updated Checklist Of The Hungarian Dendroflora. Acta Botanica Hungarica 63(3–4), pp. 227–284, 2021. https://doi.org/10.1556/034.63.2021.3-4.1",present,https://creativecommons.org/licenses/by/4.0/
wfo-0000403060,Hungary,HUN,HU,introduced,"Bartha, D. (2021). An Annotated And Updated Checklist Of The Hungarian Dendroflora. Acta Botanica Hungarica 63(3–4), pp. 227–284, 2021. https://doi.org/10.1556/034.63.2021.3-4.1",rare,https://creativecommons.org/licenses/by/4.0/
wfo-0000404909,Hungary,HUN,HU,native,"Bartha, D. (2021). An Annotated And Updated Checklist Of The Hungarian Dendroflora. Acta Botanica Hungarica 63(3–4), pp. 227–284, 2021. https://doi.org/10.1556/034.63.2021.3-4.1",present,https://creativecommons.org/licenses/by/4.0/
wfo-0000404928,Hungary,HUN,HU,introduced,"Bartha, D. (2021). An Annotated And Updated Checklist Of The Hungarian Dendroflora. Acta Botanica Hungarica 63(3–4), pp. 227–284, 2021. https://doi.org/10.1556/034.63.2021.3-4.1",present,https://creativecommons.org/licenses/by/4.0/
wfo-0000405161,Hungary,HUN,HU,uncertain,"Bartha, D. (2021). An Annotated And Updated Checklist Of The Hungarian Dendroflora. Acta Botanica Hungarica 63(3–4), pp. 227–284, 2021. https://doi.org/10.1556/034.63.2021.3-4.1",present,https://creativecommons.org/licenses/by/4.0/
wfo-0000405142,Hungary,HUN,HU,native,"Bartha, D. (2021). An Annotated And Updated Checklist Of The Hungarian Dendroflora. Acta Botanica Hungarica 63(3–4), pp. 227–284, 2021. https://doi.org/10.1556/034.63.2021.3-4.1",extinct,https://creativecommons.org/licenses/by/4.0/
wfo-0000405218,Hungary,HUN,HU,introduced,"Bartha, D. (2021). An Annotated And Updated Checklist Of The Hungarian Dendroflora. Acta Botanica Hungarica 63(3–4), pp. 227–284, 2021. https://doi.org/10.1556/034.63.2021.3-4.1",present,https://creativecommons.org/licenses/by/4.0/
wfo-0000405193,Hungary,HUN,HU,native,"Bartha, D. (2021). An Annotated And Updated Checklist Of The Hungarian Dendroflora. Acta Botanica Hungarica 63(3–4), pp. 227–284, 2021. https://doi.org/10.1556/034.63.2021.3-4.1",rare,https://creativecommons.org/licenses/by/4.0/
wfo-0001056985,Hungary,HUN,HU,introduced,"Bartha, D. (2021). An Annotated And Updated Checklist Of The Hungarian Dendroflora. Acta Botanica Hungarica 63(3–4), pp. 227–284, 2021. https://doi.org/10.1556/034.63.2021.3-4.1",present,https://creativecommons.org/licenses/by/4.0/
wfo-0000213931,Hungary,HUN,HU,introduced,"Bartha, D. (2021). An Annotated And Updated Checklist Of The Hungarian Dendroflora. Acta Botanica Hungarica 63(3–4), pp. 227–284, 2021. https://doi.org/10.1556/034.63.2021.3-4.1",present,https://creativecommons.org/licenses/by/4.0/
wfo-0000213932,Hungary,HUN,HU,introduced,"Bartha, D. (2021). An Annotated And Updated Checklist Of The Hungarian Dendroflora. Acta Botanica Hungarica 63(3–4), pp. 227–284, 2021. https://doi.org/10.1556/034.63.2021.3-4.1",rare,https://creativecommons.org/licenses/by/4.0/
wfo-0000985592,Hungary,HUN,HU,native,"Bartha, D. (2021). An Annotated And Updated Checklist Of The Hungarian Dendroflora. Acta Botanica Hungarica 63(3–4), pp. 227–284, 2021. https://doi.org/10.1556/034.63.2021.3-4.1",present,https://creativecommons.org/licenses/by/4.0/
wfo-0001018026,Hungary,HUN,HU,native,"Bartha, D. (2021). An Annotated And Updated Checklist Of The Hungarian Dendroflora. Acta Botanica Hungarica 63(3–4), pp. 227–284, 2021. https://doi.org/10.1556/034.63.2021.3-4.1",present,https://creativecommons.org/licenses/by/4.0/
wfo-0000984331,Hungary,HUN,HU,native,"Bartha, D. (2021). An Annotated And Updated Checklist Of The Hungarian Dendroflora. Acta Botanica Hungarica 63(3–4), pp. 227–284, 2021. https://doi.org/10.1556/034.63.2021.3-4.1",present,https://creativecommons.org/licenses/by/4.0/
wfo-0001004168,Hungary,HUN,HU,native,"Bartha, D. (2021). An Annotated And Updated Checklist Of The Hungarian Dendroflora. Acta Botanica Hungarica 63(3–4), pp. 227–284, 2021. https://doi.org/10.1556/034.63.2021.3-4.1",possibly extinct,https://creativecommons.org/licenses/by/4.0/
wfo-0001011369,Hungary,HUN,HU,native,"Bartha, D. (2021). An Annotated And Updated Checklist Of The Hungarian Dendroflora. Acta Botanica Hungarica 63(3–4), pp. 227–284, 2021. https://doi.org/10.1556/034.63.2021.3-4.1",present,https://creativecommons.org/licenses/by/4.0/
wfo-0001002585,Hungary,HUN,HU,native,"Bartha, D. (2021). An Annotated And Updated Checklist Of The Hungarian Dendroflora. Acta Botanica Hungarica 63(3–4), pp. 227–284, 2021. https://doi.org/10.1556/034.63.2021.3-4.1",present,https://creativecommons.org/licenses/by/4.0/
wfo-0001004657,Hungary,HUN,HU,native,"Bartha, D. (2021). An Annotated And Updated Checklist Of The Hungarian Dendroflora. Acta Botanica Hungarica 63(3–4), pp. 227–284, 2021. https://doi.org/10.1556/034.63.2021.3-4.1",present,https://creativecommons.org/licenses/by/4.0/
wfo-0001001814,Hungary,HUN,HU,native,"Bartha, D. (2021). An Annotated And Updated Checklist Of The Hungarian Dendroflora. Acta Botanica Hungarica 63(3–4), pp. 227–284, 2021. https://doi.org/10.1556/034.63.2021.3-4.1",present,https://creativecommons.org/licenses/by/4.0/
wfo-0000984390,Hungary,HUN,HU,native,"Bartha, D. (2021). An Annotated And Updated Checklist Of The Hungarian Dendroflora. Acta Botanica Hungarica 63(3–4), pp. 227–284, 2021. https://doi.org/10.1556/034.63.2021.3-4.1",present,https://creativecommons.org/licenses/by/4.0/
wfo-0000984907,Hungary,HUN,HU,native,"Bartha, D. (2021). An Annotated And Updated Checklist Of The Hungarian Dendroflora. Acta Botanica Hungarica 63(3–4), pp. 227–284, 2021. https://doi.org/10.1556/034.63.2021.3-4.1",endemic,https://creativecommons.org/licenses/by/4.0/
wfo-0000988424,Hungary,HUN,HU,native,"Bartha, D. (2021). An Annotated And Updated Checklist Of The Hungarian Dendroflora. Acta Botanica Hungarica 63(3–4), pp. 227–284, 2021. https://doi.org/10.1556/034.63.2021.3-4.1",present,https://creativecommons.org/licenses/by/4.0/
wfo-0000998010,Hungary,HUN,HU,native,"Bartha, D. (2021). An Annotated And Updated Checklist Of The Hungarian Dendroflora. Acta Botanica Hungarica 63(3–4), pp. 227–284, 2021. https://doi.org/10.1556/034.63.2021.3-4.1",present,https://creativecommons.org/licenses/by/4.0/
wfo-0001001272,Hungary,HUN,HU,native,"Bartha, D. (2021). An Annotated And Updated Checklist Of The Hungarian Dendroflora. Acta Botanica Hungarica 63(3–4), pp. 227–284, 2021. https://doi.org/10.1556/034.63.2021.3-4.1",present,https://creativecommons.org/licenses/by/4.0/
wfo-0001011294,Hungary,HUN,HU,native,"Bartha, D. (2021). An Annotated And Updated Checklist Of The Hungarian Dendroflora. Acta Botanica Hungarica 63(3–4), pp. 227–284, 2021. https://doi.org/10.1556/034.63.2021.3-4.1",endemic,https://creativecommons.org/licenses/by/4.0/
wfo-0000985731,Hungary,HUN,HU,native,"Bartha, D. (2021). An Annotated And Updated Checklist Of The Hungarian Dendroflora. Acta Botanica Hungarica 63(3–4), pp. 227–284, 2021. https://doi.org/10.1556/034.63.2021.3-4.1",present,https://creativecommons.org/licenses/by/4.0/
wfo-0001012155,Hungary,HUN,HU,native,"Bartha, D. (2021). An Annotated And Updated Checklist Of The Hungarian Dendroflora. Acta Botanica Hungarica 63(3–4), pp. 227–284, 2021. https://doi.org/10.1556/034.63.2021.3-4.1",present,https://creativecommons.org/licenses/by/4.0/
wfo-0000987895,Hungary,HUN,HU,native,"Bartha, D. (2021). An Annotated And Updated Checklist Of The Hungarian Dendroflora. Acta Botanica Hungarica 63(3–4), pp. 227–284, 2021. https://doi.org/10.1556/034.63.2021.3-4.1",present,https://creativecommons.org/licenses/by/4.0/
wfo-0000985454,Hungary,HUN,HU,native,"Bartha, D. (2021). An Annotated And Updated Checklist Of The Hungarian Dendroflora. Acta Botanica Hungarica 63(3–4), pp. 227–284, 2021. https://doi.org/10.1556/034.63.2021.3-4.1",present,https://creativecommons.org/licenses/by/4.0/
wfo-0001005999,Hungary,HUN,HU,native,"Bartha, D. (2021). An Annotated And Updated Checklist Of The Hungarian Dendroflora. Acta Botanica Hungarica 63(3–4), pp. 227–284, 2021. https://doi.org/10.1556/034.63.2021.3-4.1",present,https://creativecommons.org/licenses/by/4.0/
wfo-0000989662,Hungary,HUN,HU,managed,"Bartha, D. (2021). An Annotated And Updated Checklist Of The Hungarian Dendroflora. Acta Botanica Hungarica 63(3–4), pp. 227–284, 2021. https://doi.org/10.1556/034.63.2021.3-4.1",present,https://creativecommons.org/licenses/by/4.0/
wfo-0001018851,Hungary,HUN,HU,native,"Bartha, D. (2021). An Annotated And Updated Checklist Of The Hungarian Dendroflora. Acta Botanica Hungarica 63(3–4), pp. 227–284, 2021. https://doi.org/10.1556/034.63.2021.3-4.1",present,https://creativecommons.org/licenses/by/4.0/
wfo-0001013515,Hungary,HUN,HU,native,"Bartha, D. (2021). An Annotated And Updated Checklist Of The Hungarian Dendroflora. Acta Botanica Hungarica 63(3–4), pp. 227–284, 2021. https://doi.org/10.1556/034.63.2021.3-4.1",present,https://creativecommons.org/licenses/by/4.0/
wfo-0001014839,Hungary,HUN,HU,native,"Bartha, D. (2021). An Annotated And Updated Checklist Of The Hungarian Dendroflora. Acta Botanica Hungarica 63(3–4), pp. 227–284, 2021. https://doi.org/10.1556/034.63.2021.3-4.1",present,https://creativecommons.org/licenses/by/4.0/
wfo-0000983164,Hungary,HUN,HU,native,"Bartha, D. (2021). An Annotated And Updated Checklist Of The Hungarian Dendroflora. Acta Botanica Hungarica 63(3–4), pp. 227–284, 2021. https://doi.org/10.1556/034.63.2021.3-4.1",present,https://creativecommons.org/licenses/by/4.0/
wfo-0000983687,Hungary,HUN,HU,native,"Bartha, D. (2021). An Annotated And Updated Checklist Of The Hungarian Dendroflora. Acta Botanica Hungarica 63(3–4), pp. 227–284, 2021. https://doi.org/10.1556/034.63.2021.3-4.1",extinct,https://creativecommons.org/licenses/by/4.0/
wfo-0000987930,Hungary,HUN,HU,native,"Bartha, D. (2021). An Annotated And Updated Checklist Of The Hungarian Dendroflora. Acta Botanica Hungarica 63(3–4), pp. 227–284, 2021. https://doi.org/10.1556/034.63.2021.3-4.1",present,https://creativecommons.org/licenses/by/4.0/
wfo-0001008298,Hungary,HUN,HU,native,"Bartha, D. (2021). An Annotated And Updated Checklist Of The Hungarian Dendroflora. Acta Botanica Hungarica 63(3–4), pp. 227–284, 2021. https://doi.org/10.1556/034.63.2021.3-4.1",present,https://creativecommons.org/licenses/by/4.0/
wfo-0000994975,Hungary,HUN,HU,native,"Bartha, D. (2021). An Annotated And Updated Checklist Of The Hungarian Dendroflora. Acta Botanica Hungarica 63(3–4), pp. 227–284, 2021. https://doi.org/10.1556/034.63.2021.3-4.1",present,https://creativecommons.org/licenses/by/4.0/
wfo-0000984236,Hungary,HUN,HU,native,"Bartha, D. (2021). An Annotated And Updated Checklist Of The Hungarian Dendroflora. Acta Botanica Hungarica 63(3–4), pp. 227–284, 2021. https://doi.org/10.1556/034.63.2021.3-4.1",present,https://creativecommons.org/licenses/by/4.0/
wfo-0001018161,Hungary,HUN,HU,native,"Bartha, D. (2021). An Annotated And Updated Checklist Of The Hungarian Dendroflora. Acta Botanica Hungarica 63(3–4), pp. 227–284, 2021. https://doi.org/10.1556/034.63.2021.3-4.1",present,https://creativecommons.org/licenses/by/4.0/
wfo-0001004321,Hungary,HUN,HU,native,"Bartha, D. (2021). An Annotated And Updated Checklist Of The Hungarian Dendroflora. Acta Botanica Hungarica 63(3–4), pp. 227–284, 2021. https://doi.org/10.1556/034.63.2021.3-4.1",present,https://creativecommons.org/licenses/by/4.0/
wfo-0001017421,Hungary,HUN,HU,introduced,"Bartha, D. (2021). An Annotated And Updated Checklist Of The Hungarian Dendroflora. Acta Botanica Hungarica 63(3–4), pp. 227–284, 2021. https://doi.org/10.1556/034.63.2021.3-4.1",present,https://creativecommons.org/licenses/by/4.0/
wfo-0001006828,Hungary,HUN,HU,native,"Bartha, D. (2021). An Annotated And Updated Checklist Of The Hungarian Dendroflora. Acta Botanica Hungarica 63(3–4), pp. 227–284, 2021. https://doi.org/10.1556/034.63.2021.3-4.1",present,https://creativecommons.org/licenses/by/4.0/
wfo-0001014557,Hungary,HUN,HU,native,"Bartha, D. (2021). An Annotated And Updated Checklist Of The Hungarian Dendroflora. Acta Botanica Hungarica 63(3–4), pp. 227–284, 2021. https://doi.org/10.1556/034.63.2021.3-4.1",present,https://creativecommons.org/licenses/by/4.0/
wfo-0001002631,Hungary,HUN,HU,native,"Bartha, D. (2021). An Annotated And Updated Checklist Of The Hungarian Dendroflora. Acta Botanica Hungarica 63(3–4), pp. 227–284, 2021. https://doi.org/10.1556/034.63.2021.3-4.1",extinct,https://creativecommons.org/licenses/by/4.0/
wfo-0000998621,Hungary,HUN,HU,native,"Bartha, D. (2021). An Annotated And Updated Checklist Of The Hungarian Dendroflora. Acta Botanica Hungarica 63(3–4), pp. 227–284, 2021. https://doi.org/10.1556/034.63.2021.3-4.1",present,https://creativecommons.org/licenses/by/4.0/
wfo-0001131910,Hungary,HUN,HU,native,"Bartha, D. (2021). An Annotated And Updated Checklist Of The Hungarian Dendroflora. Acta Botanica Hungarica 63(3–4), pp. 227–284, 2021. https://doi.org/10.1556/034.63.2021.3-4.1",present,https://creativecommons.org/licenses/by/4.0/
wfo-0001006360,Hungary,HUN,HU,native,"Bartha, D. (2021). An Annotated And Updated Checklist Of The Hungarian Dendroflora. Acta Botanica Hungarica 63(3–4), pp. 227–284, 2021. https://doi.org/10.1556/034.63.2021.3-4.1",present,https://creativecommons.org/licenses/by/4.0/
wfo-0001003088,Hungary,HUN,HU,native,"Bartha, D. (2021). An Annotated And Updated Checklist Of The Hungarian Dendroflora. Acta Botanica Hungarica 63(3–4), pp. 227–284, 2021. https://doi.org/10.1556/034.63.2021.3-4.1",present,https://creativecommons.org/licenses/by/4.0/
wfo-0000988010,Hungary,HUN,HU,native,"Bartha, D. (2021). An Annotated And Updated Checklist Of The Hungarian Dendroflora. Acta Botanica Hungarica 63(3–4), pp. 227–284, 2021. https://doi.org/10.1556/034.63.2021.3-4.1",present,https://creativecommons.org/licenses/by/4.0/
wfo-0000732428,Hungary,HUN,HU,native,"Bartha, D. (2021). An Annotated And Updated Checklist Of The Hungarian Dendroflora. Acta Botanica Hungarica 63(3–4), pp. 227–284, 2021. https://doi.org/10.1556/034.63.2021.3-4.1",present,https://creativecommons.org/licenses/by/4.0/
wfo-0000732848,Hungary,HUN,HU,native,"Bartha, D. (2021). An Annotated And Updated Checklist Of The Hungarian Dendroflora. Acta Botanica Hungarica 63(3–4), pp. 227–284, 2021. https://doi.org/10.1556/034.63.2021.3-4.1",present,https://creativecommons.org/licenses/by/4.0/
wfo-0000928949,Hungary,HUN,HU,introduced,"Bartha, D. (2021). An Annotated And Updated Checklist Of The Hungarian Dendroflora. Acta Botanica Hungarica 63(3–4), pp. 227–284, 2021. https://doi.org/10.1556/034.63.2021.3-4.1",rare,https://creativecommons.org/licenses/by/4.0/
wfo-0000929250,Hungary,HUN,HU,native,"Bartha, D. (2021). An Annotated And Updated Checklist Of The Hungarian Dendroflora. Acta Botanica Hungarica 63(3–4), pp. 227–284, 2021. https://doi.org/10.1556/034.63.2021.3-4.1",present,https://creativecommons.org/licenses/by/4.0/
wfo-0000929270,Hungary,HUN,HU,native,"Bartha, D. (2021). An Annotated And Updated Checklist Of The Hungarian Dendroflora. Acta Botanica Hungarica 63(3–4), pp. 227–284, 2021. https://doi.org/10.1556/034.63.2021.3-4.1",present,https://creativecommons.org/licenses/by/4.0/
wfo-0000929217,Hungary,HUN,HU,uncertain,"Bartha, D. (2021). An Annotated And Updated Checklist Of The Hungarian Dendroflora. Acta Botanica Hungarica 63(3–4), pp. 227–284, 2021. https://doi.org/10.1556/034.63.2021.3-4.1",doubtful,https://creativecommons.org/licenses/by/4.0/
wfo-0000929315,Hungary,HUN,HU,uncertain,"Bartha, D. (2021). An Annotated And Updated Checklist Of The Hungarian Dendroflora. Acta Botanica Hungarica 63(3–4), pp. 227–284, 2021. https://doi.org/10.1556/034.63.2021.3-4.1",doubtful,https://creativecommons.org/licenses/by/4.0/
wfo-0001036068,Hungary,HUN,HU,native,"Bartha, D. (2021). An Annotated And Updated Checklist Of The Hungarian Dendroflora. Acta Botanica Hungarica 63(3–4), pp. 227–284, 2021. https://doi.org/10.1556/034.63.2021.3-4.1",present,https://creativecommons.org/licenses/by/4.0/
wfo-0000929170,Hungary,HUN,HU,native,"Bartha, D. (2021). An Annotated And Updated Checklist Of The Hungarian Dendroflora. Acta Botanica Hungarica 63(3–4), pp. 227–284, 2021. https://doi.org/10.1556/034.63.2021.3-4.1",present,https://creativecommons.org/licenses/by/4.0/
wfo-0000928582,Hungary,HUN,HU,native,"Bartha, D. (2021). An Annotated And Updated Checklist Of The Hungarian Dendroflora. Acta Botanica Hungarica 63(3–4), pp. 227–284, 2021. https://doi.org/10.1556/034.63.2021.3-4.1",present,https://creativecommons.org/licenses/by/4.0/
wfo-0000928647,Hungary,HUN,HU,native,"Bartha, D. (2021). An Annotated And Updated Checklist Of The Hungarian Dendroflora. Acta Botanica Hungarica 63(3–4), pp. 227–284, 2021. https://doi.org/10.1556/034.63.2021.3-4.1",present,https://creativecommons.org/licenses/by/4.0/
wfo-0000928470,Hungary,HUN,HU,introduced,"Bartha, D. (2021). An Annotated And Updated Checklist Of The Hungarian Dendroflora. Acta Botanica Hungarica 63(3–4), pp. 227–284, 2021. https://doi.org/10.1556/034.63.2021.3-4.1",present,https://creativecommons.org/licenses/by/4.0/
wfo-0000928458,Hungary,HUN,HU,uncertain,"Bartha, D. (2021). An Annotated And Updated Checklist Of The Hungarian Dendroflora. Acta Botanica Hungarica 63(3–4), pp. 227–284, 2021. https://doi.org/10.1556/034.63.2021.3-4.1",doubtful,https://creativecommons.org/licenses/by/4.0/
wfo-0000928835,Hungary,HUN,HU,native,"Bartha, D. (2021). An Annotated And Updated Checklist Of The Hungarian Dendroflora. Acta Botanica Hungarica 63(3–4), pp. 227–284, 2021. https://doi.org/10.1556/034.63.2021.3-4.1",present,https://creativecommons.org/licenses/by/4.0/
wfo-0000928895,Hungary,HUN,HU,native,"Bartha, D. (2021). An Annotated And Updated Checklist Of The Hungarian Dendroflora. Acta Botanica Hungarica 63(3–4), pp. 227–284, 2021. https://doi.org/10.1556/034.63.2021.3-4.1",present,https://creativecommons.org/licenses/by/4.0/
wfo-0000928703,Hungary,HUN,HU,uncertain,"Bartha, D. (2021). An Annotated And Updated Checklist Of The Hungarian Dendroflora. Acta Botanica Hungarica 63(3–4), pp. 227–284, 2021. https://doi.org/10.1556/034.63.2021.3-4.1",doubtful,https://creativecommons.org/licenses/by/4.0/
wfo-0000928675,Hungary,HUN,HU,uncertain,"Bartha, D. (2021). An Annotated And Updated Checklist Of The Hungarian Dendroflora. Acta Botanica Hungarica 63(3–4), pp. 227–284, 2021. https://doi.org/10.1556/034.63.2021.3-4.1",doubtful,https://creativecommons.org/licenses/by/4.0/
wfo-0000928773,Hungary,HUN,HU,uncertain,"Bartha, D. (2021). An Annotated And Updated Checklist Of The Hungarian Dendroflora. Acta Botanica Hungarica 63(3–4), pp. 227–284, 2021. https://doi.org/10.1556/034.63.2021.3-4.1",doubtful,https://creativecommons.org/licenses/by/4.0/
wfo-0000930129,Hungary,HUN,HU,uncertain,"Bartha, D. (2021). An Annotated And Updated Checklist Of The Hungarian Dendroflora. Acta Botanica Hungarica 63(3–4), pp. 227–284, 2021. https://doi.org/10.1556/034.63.2021.3-4.1",doubtful,https://creativecommons.org/licenses/by/4.0/
wfo-0000930101,Hungary,HUN,HU,introduced,"Bartha, D. (2021). An Annotated And Updated Checklist Of The Hungarian Dendroflora. Acta Botanica Hungarica 63(3–4), pp. 227–284, 2021. https://doi.org/10.1556/034.63.2021.3-4.1",rare,https://creativecommons.org/licenses/by/4.0/
wfo-0000929877,Hungary,HUN,HU,native,"Bartha, D. (2021). An Annotated And Updated Checklist Of The Hungarian Dendroflora. Acta Botanica Hungarica 63(3–4), pp. 227–284, 2021. https://doi.org/10.1556/034.63.2021.3-4.1",present,https://creativecommons.org/licenses/by/4.0/
wfo-0000931007,Hungary,HUN,HU,native,"Bartha, D. (2021). An Annotated And Updated Checklist Of The Hungarian Dendroflora. Acta Botanica Hungarica 63(3–4), pp. 227–284, 2021. https://doi.org/10.1556/034.63.2021.3-4.1",present,https://creativecommons.org/licenses/by/4.0/
wfo-0000931096,Hungary,HUN,HU,uncertain,"Bartha, D. (2021). An Annotated And Updated Checklist Of The Hungarian Dendroflora. Acta Botanica Hungarica 63(3–4), pp. 227–284, 2021. https://doi.org/10.1556/034.63.2021.3-4.1",doubtful,https://creativecommons.org/licenses/by/4.0/
wfo-0000930357,Hungary,HUN,HU,native,"Bartha, D. (2021). An Annotated And Updated Checklist Of The Hungarian Dendroflora. Acta Botanica Hungarica 63(3–4), pp. 227–284, 2021. https://doi.org/10.1556/034.63.2021.3-4.1",present,https://creativecommons.org/licenses/by/4.0/
wfo-0000930396,Hungary,HUN,HU,native,"Bartha, D. (2021). An Annotated And Updated Checklist Of The Hungarian Dendroflora. Acta Botanica Hungarica 63(3–4), pp. 227–284, 2021. https://doi.org/10.1556/034.63.2021.3-4.1",present,https://creativecommons.org/licenses/by/4.0/
wfo-0000930214,Hungary,HUN,HU,native,"Bartha, D. (2021). An Annotated And Updated Checklist Of The Hungarian Dendroflora. Acta Botanica Hungarica 63(3–4), pp. 227–284, 2021. https://doi.org/10.1556/034.63.2021.3-4.1",present,https://creativecommons.org/licenses/by/4.0/
wfo-0000930291,Hungary,HUN,HU,uncertain,"Bartha, D. (2021). An Annotated And Updated Checklist Of The Hungarian Dendroflora. Acta Botanica Hungarica 63(3–4), pp. 227–284, 2021. https://doi.org/10.1556/034.63.2021.3-4.1",doubtful,https://creativecommons.org/licenses/by/4.0/
wfo-0001133508,Hungary,HUN,HU,native,"Bartha, D. (2021). An Annotated And Updated Checklist Of The Hungarian Dendroflora. Acta Botanica Hungarica 63(3–4), pp. 227–284, 2021. https://doi.org/10.1556/034.63.2021.3-4.1",present,https://creativecommons.org/licenses/by/4.0/
wfo-0000930268,Hungary,HUN,HU,uncertain,"Bartha, D. (2021). An Annotated And Updated Checklist Of The Hungarian Dendroflora. Acta Botanica Hungarica 63(3–4), pp. 227–284, 2021. https://doi.org/10.1556/034.63.2021.3-4.1",doubtful,https://creativecommons.org/licenses/by/4.0/
wfo-0000929372,Hungary,HUN,HU,uncertain,"Bartha, D. (2021). An Annotated And Updated Checklist Of The Hungarian Dendroflora. Acta Botanica Hungarica 63(3–4), pp. 227–284, 2021. https://doi.org/10.1556/034.63.2021.3-4.1",doubtful,https://creativecommons.org/licenses/by/4.0/
wfo-0000929353,Hungary,HUN,HU,native,"Bartha, D. (2021). An Annotated And Updated Checklist Of The Hungarian Dendroflora. Acta Botanica Hungarica 63(3–4), pp. 227–284, 2021. https://doi.org/10.1556/034.63.2021.3-4.1",present,https://creativecommons.org/licenses/by/4.0/
wfo-0000928969,Hungary,HUN,HU,native,"Bartha, D. (2021). An Annotated And Updated Checklist Of The Hungarian Dendroflora. Acta Botanica Hungarica 63(3–4), pp. 227–284, 2021. https://doi.org/10.1556/034.63.2021.3-4.1",present,https://creativecommons.org/licenses/by/4.0/
wfo-0001400450,Hungary,HUN,HU,introduced,"Bartha, D. (2021). An Annotated And Updated Checklist Of The Hungarian Dendroflora. Acta Botanica Hungarica 63(3–4), pp. 227–284, 2021. https://doi.org/10.1556/034.63.2021.3-4.1",present,https://creativecommons.org/licenses/by/4.0/
wfo-0000929313,Hungary,HUN,HU,native,"Bartha, D. (2021). An Annotated And Updated Checklist Of The Hungarian Dendroflora. Acta Botanica Hungarica 63(3–4), pp. 227–284, 2021. https://doi.org/10.1556/034.63.2021.3-4.1",present,https://creativecommons.org/licenses/by/4.0/
wfo-0000929149,Hungary,HUN,HU,native,"Bartha, D. (2021). An Annotated And Updated Checklist Of The Hungarian Dendroflora. Acta Botanica Hungarica 63(3–4), pp. 227–284, 2021. https://doi.org/10.1556/034.63.2021.3-4.1",present,https://creativecommons.org/licenses/by/4.0/
wfo-0000930981,Hungary,HUN,HU,introduced,"Bartha, D. (2021). An Annotated And Updated Checklist Of The Hungarian Dendroflora. Acta Botanica Hungarica 63(3–4), pp. 227–284, 2021. https://doi.org/10.1556/034.63.2021.3-4.1",present,https://creativecommons.org/licenses/by/4.0/
wfo-0000928687,Hungary,HUN,HU,native,"Bartha, D. (2021). An Annotated And Updated Checklist Of The Hungarian Dendroflora. Acta Botanica Hungarica 63(3–4), pp. 227–284, 2021. https://doi.org/10.1556/034.63.2021.3-4.1",present,https://creativecommons.org/licenses/by/4.0/
wfo-0000930408,Hungary,HUN,HU,native,"Bartha, D. (2021). An Annotated And Updated Checklist Of The Hungarian Dendroflora. Acta Botanica Hungarica 63(3–4), pp. 227–284, 2021. https://doi.org/10.1556/034.63.2021.3-4.1",present,https://creativecommons.org/licenses/by/4.0/
wfo-0000929571,Hungary,HUN,HU,native,"Bartha, D. (2021). An Annotated And Updated Checklist Of The Hungarian Dendroflora. Acta Botanica Hungarica 63(3–4), pp. 227–284, 2021. https://doi.org/10.1556/034.63.2021.3-4.1",present,https://creativecommons.org/licenses/by/4.0/
wfo-0000929391,Hungary,HUN,HU,native,"Bartha, D. (2021). An Annotated And Updated Checklist Of The Hungarian Dendroflora. Acta Botanica Hungarica 63(3–4), pp. 227–284, 2021. https://doi.org/10.1556/034.63.2021.3-4.1",present,https://creativecommons.org/licenses/by/4.0/
wfo-0000439308,Hungary,HUN,HU,native,"Bartha, D. (2021). An Annotated And Updated Checklist Of The Hungarian Dendroflora. Acta Botanica Hungarica 63(3–4), pp. 227–284, 2021. https://doi.org/10.1556/034.63.2021.3-4.1",present,https://creativecommons.org/licenses/by/4.0/
wfo-0000439333,Hungary,HUN,HU,native,"Bartha, D. (2021). An Annotated And Updated Checklist Of The Hungarian Dendroflora. Acta Botanica Hungarica 63(3–4), pp. 227–284, 2021. https://doi.org/10.1556/034.63.2021.3-4.1",present,https://creativecommons.org/licenses/by/4.0/
wfo-0000984418,Hungary,HUN,HU,native,"Bartha, D. (2021). An Annotated And Updated Checklist Of The Hungarian Dendroflora. Acta Botanica Hungarica 63(3–4), pp. 227–284, 2021. https://doi.org/10.1556/034.63.2021.3-4.1",rare,https://creativecommons.org/licenses/by/4.0/
wfo-0001012054,Hungary,HUN,HU,native,"Bartha, D. (2021). An Annotated And Updated Checklist Of The Hungarian Dendroflora. Acta Botanica Hungarica 63(3–4), pp. 227–284, 2021. https://doi.org/10.1556/034.63.2021.3-4.1",present,https://creativecommons.org/licenses/by/4.0/
wfo-0000984424,Hungary,HUN,HU,native,"Bartha, D. (2021). An Annotated And Updated Checklist Of The Hungarian Dendroflora. Acta Botanica Hungarica 63(3–4), pp. 227–284, 2021. https://doi.org/10.1556/034.63.2021.3-4.1",present,https://creativecommons.org/licenses/by/4.0/
wfo-0000997542,Hungary,HUN,HU,uncertain,"Bartha, D. (2021). An Annotated And Updated Checklist Of The Hungarian Dendroflora. Acta Botanica Hungarica 63(3–4), pp. 227–284, 2021. https://doi.org/10.1556/034.63.2021.3-4.1",present,https://creativecommons.org/licenses/by/4.0/
wfo-0000493112,Hungary,HUN,HU,native,"Bartha, D. (2021). An Annotated And Updated Checklist Of The Hungarian Dendroflora. Acta Botanica Hungarica 63(3–4), pp. 227–284, 2021. https://doi.org/10.1556/034.63.2021.3-4.1",present,https://creativecommons.org/licenses/by/4.0/
wfo-0000186724,Hungary,HUN,HU,introduced,"Bartha, D. (2021). An Annotated And Updated Checklist Of The Hungarian Dendroflora. Acta Botanica Hungarica 63(3–4), pp. 227–284, 2021. https://doi.org/10.1556/034.63.2021.3-4.1",present,https://creativecommons.org/licenses/by/4.0/
wfo-0000818704,Hungary,HUN,HU,introduced,"Bartha, D. (2021). An Annotated And Updated Checklist Of The Hungarian Dendroflora. Acta Botanica Hungarica 63(3–4), pp. 227–284, 2021. https://doi.org/10.1556/034.63.2021.3-4.1",present,https://creativecommons.org/licenses/by/4.0/
wfo-0000458614,Hungary,HUN,HU,introduced,"Bartha, D. (2021). An Annotated And Updated Checklist Of The Hungarian Dendroflora. Acta Botanica Hungarica 63(3–4), pp. 227–284, 2021. https://doi.org/10.1556/034.63.2021.3-4.1",present,https://creativecommons.org/licenses/by/4.0/
wfo-0000459447,Hungary,HUN,HU,introduced,"Bartha, D. (2021). An Annotated And Updated Checklist Of The Hungarian Dendroflora. Acta Botanica Hungarica 63(3–4), pp. 227–284, 2021. https://doi.org/10.1556/034.63.2021.3-4.1",present,https://creativecommons.org/licenses/by/4.0/
wfo-0000459419,Hungary,HUN,HU,introduced,"Bartha, D. (2021). An Annotated And Updated Checklist Of The Hungarian Dendroflora. Acta Botanica Hungarica 63(3–4), pp. 227–284, 2021. https://doi.org/10.1556/034.63.2021.3-4.1",present,https://creativecommons.org/licenses/by/4.0/
wfo-0000408602,Hungary,HUN,HU,introduced,"Bartha, D. (2021). An Annotated And Updated Checklist Of The Hungarian Dendroflora. Acta Botanica Hungarica 63(3–4), pp. 227–284, 2021. https://doi.org/10.1556/034.63.2021.3-4.1",present,https://creativecommons.org/licenses/by/4.0/
wfo-0000408637,Hungary,HUN,HU,native,"Bartha, D. (2021). An Annotated And Updated Checklist Of The Hungarian Dendroflora. Acta Botanica Hungarica 63(3–4), pp. 227–284, 2021. https://doi.org/10.1556/034.63.2021.3-4.1",rare,https://creativecommons.org/licenses/by/4.0/
wfo-0000407772,Hungary,HUN,HU,introduced,"Bartha, D. (2021). An Annotated And Updated Checklist Of The Hungarian Dendroflora. Acta Botanica Hungarica 63(3–4), pp. 227–284, 2021. https://doi.org/10.1556/034.63.2021.3-4.1",rare,https://creativecommons.org/licenses/by/4.0/
wfo-0000457539,Hungary,HUN,HU,native,"Bartha, D. (2021). An Annotated And Updated Checklist Of The Hungarian Dendroflora. Acta Botanica Hungarica 63(3–4), pp. 227–284, 2021. https://doi.org/10.1556/034.63.2021.3-4.1",present,https://creativecommons.org/licenses/by/4.0/
wfo-0000457522,Hungary,HUN,HU,introduced,"Bartha, D. (2021). An Annotated And Updated Checklist Of The Hungarian Dendroflora. Acta Botanica Hungarica 63(3–4), pp. 227–284, 2021. https://doi.org/10.1556/034.63.2021.3-4.1",present,https://creativecommons.org/licenses/by/4.0/
wfo-0000457101,Hungary,HUN,HU,introduced,"Bartha, D. (2021). An Annotated And Updated Checklist Of The Hungarian Dendroflora. Acta Botanica Hungarica 63(3–4), pp. 227–284, 2021. https://doi.org/10.1556/034.63.2021.3-4.1",present,https://creativecommons.org/licenses/by/4.0/
wfo-0000457451,Hungary,HUN,HU,native,"Bartha, D. (2021). An Annotated And Updated Checklist Of The Hungarian Dendroflora. Acta Botanica Hungarica 63(3–4), pp. 227–284, 2021. https://doi.org/10.1556/034.63.2021.3-4.1",present,https://creativecommons.org/licenses/by/4.0/
wfo-0000457026,Hungary,HUN,HU,native,"Bartha, D. (2021). An Annotated And Updated Checklist Of The Hungarian Dendroflora. Acta Botanica Hungarica 63(3–4), pp. 227–284, 2021. https://doi.org/10.1556/034.63.2021.3-4.1",present,https://creativecommons.org/licenses/by/4.0/
wfo-0001427470,Hungary,HUN,HU,native,"Bartha, D. (2021). An Annotated And Updated Checklist Of The Hungarian Dendroflora. Acta Botanica Hungarica 63(3–4), pp. 227–284, 2021. https://doi.org/10.1556/034.63.2021.3-4.1",present,https://creativecommons.org/licenses/by/4.0/
wfo-0000416745,Hungary,HUN,HU,native,"Bartha, D. (2021). An Annotated And Updated Checklist Of The Hungarian Dendroflora. Acta Botanica Hungarica 63(3–4), pp. 227–284, 2021. https://doi.org/10.1556/034.63.2021.3-4.1",present,https://creativecommons.org/licenses/by/4.0/
wfo-0000416717,Hungary,HUN,HU,native,"Bartha, D. (2021). An Annotated And Updated Checklist Of The Hungarian Dendroflora. Acta Botanica Hungarica 63(3–4), pp. 227–284, 2021. https://doi.org/10.1556/034.63.2021.3-4.1",present,https://creativecommons.org/licenses/by/4.0/
wfo-0000416715,Hungary,HUN,HU,native,"Bartha, D. (2021). An Annotated And Updated Checklist Of The Hungarian Dendroflora. Acta Botanica Hungarica 63(3–4), pp. 227–284, 2021. https://doi.org/10.1556/034.63.2021.3-4.1",present,https://creativecommons.org/licenses/by/4.0/
wfo-0000416674,Hungary,HUN,HU,native,"Bartha, D. (2021). An Annotated And Updated Checklist Of The Hungarian Dendroflora. Acta Botanica Hungarica 63(3–4), pp. 227–284, 2021. https://doi.org/10.1556/034.63.2021.3-4.1",present,https://creativecommons.org/licenses/by/4.0/
wfo-0000416672,Hungary,HUN,HU,uncertain,"Bartha, D. (2021). An Annotated And Updated Checklist Of The Hungarian Dendroflora. Acta Botanica Hungarica 63(3–4), pp. 227–284, 2021. https://doi.org/10.1556/034.63.2021.3-4.1",doubtful,https://creativecommons.org/licenses/by/4.0/
wfo-0000416815,Hungary,HUN,HU,introduced,"Bartha, D. (2021). An Annotated And Updated Checklist Of The Hungarian Dendroflora. Acta Botanica Hungarica 63(3–4), pp. 227–284, 2021. https://doi.org/10.1556/034.63.2021.3-4.1",present,https://creativecommons.org/licenses/by/4.0/
wfo-0000422107,Hungary,HUN,HU,uncertain,"Bartha, D. (2021). An Annotated And Updated Checklist Of The Hungarian Dendroflora. Acta Botanica Hungarica 63(3–4), pp. 227–284, 2021. https://doi.org/10.1556/034.63.2021.3-4.1",doubtful,https://creativecommons.org/licenses/by/4.0/
wfo-0000422953,Hungary,HUN,HU,introduced,"Bartha, D. (2021). An Annotated And Updated Checklist Of The Hungarian Dendroflora. Acta Botanica Hungarica 63(3–4), pp. 227–284, 2021. https://doi.org/10.1556/034.63.2021.3-4.1",present,https://creativecommons.org/licenses/by/4.0/
wfo-0000510573,Hungary,HUN,HU,introduced,"Bartha, D. (2021). An Annotated And Updated Checklist Of The Hungarian Dendroflora. Acta Botanica Hungarica 63(3–4), pp. 227–284, 2021. https://doi.org/10.1556/034.63.2021.3-4.1",present,https://creativecommons.org/licenses/by/4.0/
wfo-0000422209,Hungary,HUN,HU,native,"Bartha, D. (2021). An Annotated And Updated Checklist Of The Hungarian Dendroflora. Acta Botanica Hungarica 63(3–4), pp. 227–284, 2021. https://doi.org/10.1556/034.63.2021.3-4.1",present,https://creativecommons.org/licenses/by/4.0/
wfo-0000421932,Hungary,HUN,HU,native,"Bartha, D. (2021). An Annotated And Updated Checklist Of The Hungarian Dendroflora. Acta Botanica Hungarica 63(3–4), pp. 227–284, 2021. https://doi.org/10.1556/034.63.2021.3-4.1",present,https://creativecommons.org/licenses/by/4.0/
wfo-0000421966,Hungary,HUN,HU,native,"Bartha, D. (2021). An Annotated And Updated Checklist Of The Hungarian Dendroflora. Acta Botanica Hungarica 63(3–4), pp. 227–284, 2021. https://doi.org/10.1556/034.63.2021.3-4.1",present,https://creativecommons.org/licenses/by/4.0/
wfo-0000421166,Hungary,HUN,HU,native,"Bartha, D. (2021). An Annotated And Updated Checklist Of The Hungarian Dendroflora. Acta Botanica Hungarica 63(3–4), pp. 227–284, 2021. https://doi.org/10.1556/034.63.2021.3-4.1",present,https://creativecommons.org/licenses/by/4.0/
wfo-0001042041,Hungary,HUN,HU,native,"Bartha, D. (2021). An Annotated And Updated Checklist Of The Hungarian Dendroflora. Acta Botanica Hungarica 63(3–4), pp. 227–284, 2021. https://doi.org/10.1556/034.63.2021.3-4.1",present,https://creativecommons.org/licenses/by/4.0/
wfo-0001316400,Hungary,HUN,HU,native,"Bartha, D. (2021). An Annotated And Updated Checklist Of The Hungarian Dendroflora. Acta Botanica Hungarica 63(3–4), pp. 227–284, 2021. https://doi.org/10.1556/034.63.2021.3-4.1",present,https://creativecommons.org/licenses/by/4.0/
wfo-0000734048,Hungary,HUN,HU,native,"Bartha, D. (2021). An Annotated And Updated Checklist Of The Hungarian Dendroflora. Acta Botanica Hungarica 63(3–4), pp. 227–284, 2021. https://doi.org/10.1556/034.63.2021.3-4.1",present,https://creativecommons.org/licenses/by/4.0/
wfo-0000734053,Hungary,HUN,HU,native,"Bartha, D. (2021). An Annotated And Updated Checklist Of The Hungarian Dendroflora. Acta Botanica Hungarica 63(3–4), pp. 227–284, 2021. https://doi.org/10.1556/034.63.2021.3-4.1",present,https://creativecommons.org/licenses/by/4.0/
wfo-0001339922,Hungary,HUN,HU,introduced,"Bartha, D. (2021). An Annotated And Updated Checklist Of The Hungarian Dendroflora. Acta Botanica Hungarica 63(3–4), pp. 227–284, 2021. https://doi.org/10.1556/034.63.2021.3-4.1",present,https://creativecommons.org/licenses/by/4.0/
wfo-0001339923,Hungary,HUN,HU,introduced,"Bartha, D. (2021). An Annotated And Updated Checklist Of The Hungarian Dendroflora. Acta Botanica Hungarica 63(3–4), pp. 227–284, 2021. https://doi.org/10.1556/034.63.2021.3-4.1",present,https://creativecommons.org/licenses/by/4.0/
wfo-0001145344,Hungary,HUN,HU,uncertain,"Bartha, D. (2021). An Annotated And Updated Checklist Of The Hungarian Dendroflora. Acta Botanica Hungarica 63(3–4), pp. 227–284, 2021. https://doi.org/10.1556/034.63.2021.3-4.1",doubtful,https://creativecommons.org/licenses/by/4.0/
wfo-0001339924,Hungary,HUN,HU,introduced,"Bartha, D. (2021). An Annotated And Updated Checklist Of The Hungarian Dendroflora. Acta Botanica Hungarica 63(3–4), pp. 227–284, 2021. https://doi.org/10.1556/034.63.2021.3-4.1",present,https://creativecommons.org/licenses/by/4.0/
wfo-0000421544,wwwww,HUN,HU,introduced,"Bartha, D. (2021). An Annotated And Updated Checklist Of The Hungarian Dendroflora. Acta Botanica Hungarica 63(3–4), pp. 227–284, 2021. https://doi.org/10.1556/034.63.2021.3-4.1",rare,https://creativecommons.org/licenses/by/4.0/
wfo-0000421505,Hungary,HUN,HU,introduced,"Bartha, D. (2021). An Annotated And Updated Checklist Of The Hungarian Dendroflora. Acta Botanica Hungarica 63(3–4), pp. 227–284, 2021. https://doi.org/10.1556/034.63.2021.3-4.1",rare,https://creativecommons.org/licenses/by/4.0/
wfo-0001145269,Hungary,HUN,HU,introduced,"Bartha, D. (2021). An Annotated And Updated Checklist Of The Hungarian Dendroflora. Acta Botanica Hungarica 63(3–4), pp. 227–284, 2021. https://doi.org/10.1556/034.63.2021.3-4.1",rare,https://creativecommons.org/licenses/by/4.0/
wfo-0000421309,Hungary,HUN,HU,introduced,"Bartha, D. (2021). An Annotated And Updated Checklist Of The Hungarian Dendroflora. Acta Botanica Hungarica 63(3–4), pp. 227–284, 2021. https://doi.org/10.1556/034.63.2021.3-4.1",rare,https://creativecommons.org/licenses/by/4.0/
wfo-0000421816,Hungary,HUN,HU,introduced,"Bartha, D. (2021). An Annotated And Updated Checklist Of The Hungarian Dendroflora. Acta Botanica Hungarica 63(3–4), pp. 227–284, 2021. https://doi.org/10.1556/034.63.2021.3-4.1",present,https://creativecommons.org/licenses/by/4.0/
wfo-0000421804,Hungary,HUN,HU,introduced,"Bartha, D. (2021). An Annotated And Updated Checklist Of The Hungarian Dendroflora. Acta Botanica Hungarica 63(3–4), pp. 227–284, 2021. https://doi.org/10.1556/034.63.2021.3-4.1",rare,https://creativecommons.org/licenses/by/4.0/
wfo-0000737682,Hungary,HUN,HU,native,"Bartha, D. (2021). An Annotated And Updated Checklist Of The Hungarian Dendroflora. Acta Botanica Hungarica 63(3–4), pp. 227–284, 2021. https://doi.org/10.1556/034.63.2021.3-4.1",present,https://creativecommons.org/licenses/by/4.0/
wfo-0000421791,Hungary,HUN,HU,managed,"Bartha, D. (2021). An Annotated And Updated Checklist Of The Hungarian Dendroflora. Acta Botanica Hungarica 63(3–4), pp. 227–284, 2021. https://doi.org/10.1556/034.63.2021.3-4.1",present,https://creativecommons.org/licenses/by/4.0/
wfo-0000752251,Hungary,HUN,HU,introduced,"Bartha, D. (2021). An Annotated And Updated Checklist Of The Hungarian Dendroflora. Acta Botanica Hungarica 63(3–4), pp. 227–284, 2021. https://doi.org/10.1556/034.63.2021.3-4.1",present,https://creativecommons.org/licenses/by/4.0/