WFOID,measurementValue,measurementID,measurementType,measurementRemarks
wfo-0000510976,Tree,"Tree	""Bartha, D. (2021). An Annotated And Updated Checklist Of The Hungarian Dendroflora. Acta Botanica Hungarica 63(3–4), pp. 227–284, 2021. https://doi.org/10.1556/034.63.2021.3-4.1""	https://creativecommons.org/licenses/by/4.0/	Attribution 4.0 International (CC BY 4.0)",http://kew.org/wcs/terms/lifeform,
wfo-0000511042,Tree,"Tree	""Bartha, D. (2021). An Annotated And Updated Checklist Of The Hungarian Dendroflora. Acta Botanica Hungarica 63(3–4), pp. 227–284, 2021. https://doi.org/10.1556/034.63.2021.3-4.1""	https://creativecommons.org/licenses/by/4.0/	Attribution 4.0 International (CC BY 4.0)",http://kew.org/wcs/terms/lifeform,
wfo-0000919689,Tree,"Tree	""Bartha, D. (2021). An Annotated And Updated Checklist Of The Hungarian Dendroflora. Acta Botanica Hungarica 63(3–4), pp. 227–284, 2021. https://doi.org/10.1556/034.63.2021.3-4.1""	https://creativecommons.org/licenses/by/4.0/	Attribution 4.0 International (CC BY 4.0)",http://kew.org/wcs/terms/lifeform,
wfo-0000514040,Tree,"Tree	""Bartha, D. (2021). An Annotated And Updated Checklist Of The Hungarian Dendroflora. Acta Botanica Hungarica 63(3–4), pp. 227–284, 2021. https://doi.org/10.1556/034.63.2021.3-4.1""	https://creativecommons.org/licenses/by/4.0/	Attribution 4.0 International (CC BY 4.0)",http://kew.org/wcs/terms/lifeform,
wfo-0001078629,Tree,"Tree	""Bartha, D. (2021). An Annotated And Updated Checklist Of The Hungarian Dendroflora. Acta Botanica Hungarica 63(3–4), pp. 227–284, 2021. https://doi.org/10.1556/034.63.2021.3-4.1""	https://creativecommons.org/licenses/by/4.0/	Attribution 4.0 International (CC BY 4.0)",http://kew.org/wcs/terms/lifeform,
wfo-0000514884,Tree,"Tree	""Bartha, D. (2021). An Annotated And Updated Checklist Of The Hungarian Dendroflora. Acta Botanica Hungarica 63(3–4), pp. 227–284, 2021. https://doi.org/10.1556/034.63.2021.3-4.1""	https://creativecommons.org/licenses/by/4.0/	Attribution 4.0 International (CC BY 4.0)",http://kew.org/wcs/terms/lifeform,
wfo-0000514908,Tree,"Tree	""Bartha, D. (2021). An Annotated And Updated Checklist Of The Hungarian Dendroflora. Acta Botanica Hungarica 63(3–4), pp. 227–284, 2021. https://doi.org/10.1556/034.63.2021.3-4.1""	https://creativecommons.org/licenses/by/4.0/	Attribution 4.0 International (CC BY 4.0)",http://kew.org/wcs/terms/lifeform,
wfo-0000515004,Tree,"Tree	""Bartha, D. (2021). An Annotated And Updated Checklist Of The Hungarian Dendroflora. Acta Botanica Hungarica 63(3–4), pp. 227–284, 2021. https://doi.org/10.1556/034.63.2021.3-4.1""	https://creativecommons.org/licenses/by/4.0/	Attribution 4.0 International (CC BY 4.0)",http://kew.org/wcs/terms/lifeform,
wfo-0000515184,Tree,"Tree	""Bartha, D. (2021). An Annotated And Updated Checklist Of The Hungarian Dendroflora. Acta Botanica Hungarica 63(3–4), pp. 227–284, 2021. https://doi.org/10.1556/034.63.2021.3-4.1""	https://creativecommons.org/licenses/by/4.0/	Attribution 4.0 International (CC BY 4.0)",http://kew.org/wcs/terms/lifeform,
wfo-0000515176,Tree,"Tree	""Bartha, D. (2021). An Annotated And Updated Checklist Of The Hungarian Dendroflora. Acta Botanica Hungarica 63(3–4), pp. 227–284, 2021. https://doi.org/10.1556/034.63.2021.3-4.1""	https://creativecommons.org/licenses/by/4.0/	Attribution 4.0 International (CC BY 4.0)",http://kew.org/wcs/terms/lifeform,
wfo-0000522249,Tree,"Tree	""Bartha, D. (2021). An Annotated And Updated Checklist Of The Hungarian Dendroflora. Acta Botanica Hungarica 63(3–4), pp. 227–284, 2021. https://doi.org/10.1556/034.63.2021.3-4.1""	https://creativecommons.org/licenses/by/4.0/	Attribution 4.0 International (CC BY 4.0)",http://kew.org/wcs/terms/lifeform,
wfo-0000522287,Tree,"Tree	""Bartha, D. (2021). An Annotated And Updated Checklist Of The Hungarian Dendroflora. Acta Botanica Hungarica 63(3–4), pp. 227–284, 2021. https://doi.org/10.1556/034.63.2021.3-4.1""	https://creativecommons.org/licenses/by/4.0/	Attribution 4.0 International (CC BY 4.0)",http://kew.org/wcs/terms/lifeform,
wfo-0000524599,Tree,"Tree	""Bartha, D. (2021). An Annotated And Updated Checklist Of The Hungarian Dendroflora. Acta Botanica Hungarica 63(3–4), pp. 227–284, 2021. https://doi.org/10.1556/034.63.2021.3-4.1""	https://creativecommons.org/licenses/by/4.0/	Attribution 4.0 International (CC BY 4.0)",http://kew.org/wcs/terms/lifeform,
wfo-0000947344,Tree,"Tree	""Bartha, D. (2021). An Annotated And Updated Checklist Of The Hungarian Dendroflora. Acta Botanica Hungarica 63(3–4), pp. 227–284, 2021. https://doi.org/10.1556/034.63.2021.3-4.1""	https://creativecommons.org/licenses/by/4.0/	Attribution 4.0 International (CC BY 4.0)",http://kew.org/wcs/terms/lifeform,
wfo-0000945311,Tree,"Tree	""Bartha, D. (2021). An Annotated And Updated Checklist Of The Hungarian Dendroflora. Acta Botanica Hungarica 63(3–4), pp. 227–284, 2021. https://doi.org/10.1556/034.63.2021.3-4.1""	https://creativecommons.org/licenses/by/4.0/	Attribution 4.0 International (CC BY 4.0)",http://kew.org/wcs/terms/lifeform,
wfo-0000945898,Tree,"Tree	""Bartha, D. (2021). An Annotated And Updated Checklist Of The Hungarian Dendroflora. Acta Botanica Hungarica 63(3–4), pp. 227–284, 2021. https://doi.org/10.1556/034.63.2021.3-4.1""	https://creativecommons.org/licenses/by/4.0/	Attribution 4.0 International (CC BY 4.0)",http://kew.org/wcs/terms/lifeform,
wfo-0001428997,Tree,"Tree	""Bartha, D. (2021). An Annotated And Updated Checklist Of The Hungarian Dendroflora. Acta Botanica Hungarica 63(3–4), pp. 227–284, 2021. https://doi.org/10.1556/034.63.2021.3-4.1""	https://creativecommons.org/licenses/by/4.0/	Attribution 4.0 International (CC BY 4.0)",http://kew.org/wcs/terms/lifeform,
wfo-0001427624,Tree,"Tree	""Bartha, D. (2021). An Annotated And Updated Checklist Of The Hungarian Dendroflora. Acta Botanica Hungarica 63(3–4), pp. 227–284, 2021. https://doi.org/10.1556/034.63.2021.3-4.1""	https://creativecommons.org/licenses/by/4.0/	Attribution 4.0 International (CC BY 4.0)",http://kew.org/wcs/terms/lifeform,
wfo-0000990619,Tree,"Tree	""Bartha, D. (2021). An Annotated And Updated Checklist Of The Hungarian Dendroflora. Acta Botanica Hungarica 63(3–4), pp. 227–284, 2021. https://doi.org/10.1556/034.63.2021.3-4.1""	https://creativecommons.org/licenses/by/4.0/	Attribution 4.0 International (CC BY 4.0)",http://kew.org/wcs/terms/lifeform,
wfo-0001427631,Tree,"Tree	""Bartha, D. (2021). An Annotated And Updated Checklist Of The Hungarian Dendroflora. Acta Botanica Hungarica 63(3–4), pp. 227–284, 2021. https://doi.org/10.1556/034.63.2021.3-4.1""	https://creativecommons.org/licenses/by/4.0/	Attribution 4.0 International (CC BY 4.0)",http://kew.org/wcs/terms/lifeform,
wfo-0001427635,Tree,"Tree	""Bartha, D. (2021). An Annotated And Updated Checklist Of The Hungarian Dendroflora. Acta Botanica Hungarica 63(3–4), pp. 227–284, 2021. https://doi.org/10.1556/034.63.2021.3-4.1""	https://creativecommons.org/licenses/by/4.0/	Attribution 4.0 International (CC BY 4.0)",http://kew.org/wcs/terms/lifeform,
wfo-0001427644,Tree,"Tree	""Bartha, D. (2021). An Annotated And Updated Checklist Of The Hungarian Dendroflora. Acta Botanica Hungarica 63(3–4), pp. 227–284, 2021. https://doi.org/10.1556/034.63.2021.3-4.1""	https://creativecommons.org/licenses/by/4.0/	Attribution 4.0 International (CC BY 4.0)",http://kew.org/wcs/terms/lifeform,
wfo-0001427647,Tree,"Tree	""Bartha, D. (2021). An Annotated And Updated Checklist Of The Hungarian Dendroflora. Acta Botanica Hungarica 63(3–4), pp. 227–284, 2021. https://doi.org/10.1556/034.63.2021.3-4.1""	https://creativecommons.org/licenses/by/4.0/	Attribution 4.0 International (CC BY 4.0)",http://kew.org/wcs/terms/lifeform,
wfo-0001427649,Tree,"Tree	""Bartha, D. (2021). An Annotated And Updated Checklist Of The Hungarian Dendroflora. Acta Botanica Hungarica 63(3–4), pp. 227–284, 2021. https://doi.org/10.1556/034.63.2021.3-4.1""	https://creativecommons.org/licenses/by/4.0/	Attribution 4.0 International (CC BY 4.0)",http://kew.org/wcs/terms/lifeform,
wfo-0001427652,Tree,"Tree	""Bartha, D. (2021). An Annotated And Updated Checklist Of The Hungarian Dendroflora. Acta Botanica Hungarica 63(3–4), pp. 227–284, 2021. https://doi.org/10.1556/034.63.2021.3-4.1""	https://creativecommons.org/licenses/by/4.0/	Attribution 4.0 International (CC BY 4.0)",http://kew.org/wcs/terms/lifeform,
wfo-0000331222,Tree,"Tree	""Bartha, D. (2021). An Annotated And Updated Checklist Of The Hungarian Dendroflora. Acta Botanica Hungarica 63(3–4), pp. 227–284, 2021. https://doi.org/10.1556/034.63.2021.3-4.1""	https://creativecommons.org/licenses/by/4.0/	Attribution 4.0 International (CC BY 4.0)",http://kew.org/wcs/terms/lifeform,
wfo-0000335449,Tree,"Tree	""Bartha, D. (2021). An Annotated And Updated Checklist Of The Hungarian Dendroflora. Acta Botanica Hungarica 63(3–4), pp. 227–284, 2021. https://doi.org/10.1556/034.63.2021.3-4.1""	https://creativecommons.org/licenses/by/4.0/	Attribution 4.0 International (CC BY 4.0)",http://kew.org/wcs/terms/lifeform,
wfo-0000335985,Tree,"Tree	""Bartha, D. (2021). An Annotated And Updated Checklist Of The Hungarian Dendroflora. Acta Botanica Hungarica 63(3–4), pp. 227–284, 2021. https://doi.org/10.1556/034.63.2021.3-4.1""	https://creativecommons.org/licenses/by/4.0/	Attribution 4.0 International (CC BY 4.0)",http://kew.org/wcs/terms/lifeform,
wfo-0000572577,Tree,"Tree	""Bartha, D. (2021). An Annotated And Updated Checklist Of The Hungarian Dendroflora. Acta Botanica Hungarica 63(3–4), pp. 227–284, 2021. https://doi.org/10.1556/034.63.2021.3-4.1""	https://creativecommons.org/licenses/by/4.0/	Attribution 4.0 International (CC BY 4.0)",http://kew.org/wcs/terms/lifeform,
wfo-0000804581,Tree,"Tree	""Bartha, D. (2021). An Annotated And Updated Checklist Of The Hungarian Dendroflora. Acta Botanica Hungarica 63(3–4), pp. 227–284, 2021. https://doi.org/10.1556/034.63.2021.3-4.1""	https://creativecommons.org/licenses/by/4.0/	Attribution 4.0 International (CC BY 4.0)",http://kew.org/wcs/terms/lifeform,
wfo-0000805801,Tree,"Tree	""Bartha, D. (2021). An Annotated And Updated Checklist Of The Hungarian Dendroflora. Acta Botanica Hungarica 63(3–4), pp. 227–284, 2021. https://doi.org/10.1556/034.63.2021.3-4.1""	https://creativecommons.org/licenses/by/4.0/	Attribution 4.0 International (CC BY 4.0)",http://kew.org/wcs/terms/lifeform,
wfo-0000812271,Tree,"Tree	""Bartha, D. (2021). An Annotated And Updated Checklist Of The Hungarian Dendroflora. Acta Botanica Hungarica 63(3–4), pp. 227–284, 2021. https://doi.org/10.1556/034.63.2021.3-4.1""	https://creativecommons.org/licenses/by/4.0/	Attribution 4.0 International (CC BY 4.0)",http://kew.org/wcs/terms/lifeform,
wfo-0000781866,Tree,"Tree	""Bartha, D. (2021). An Annotated And Updated Checklist Of The Hungarian Dendroflora. Acta Botanica Hungarica 63(3–4), pp. 227–284, 2021. https://doi.org/10.1556/034.63.2021.3-4.1""	https://creativecommons.org/licenses/by/4.0/	Attribution 4.0 International (CC BY 4.0)",http://kew.org/wcs/terms/lifeform,
wfo-0000592525,Tree,"Tree	""Bartha, D. (2021). An Annotated And Updated Checklist Of The Hungarian Dendroflora. Acta Botanica Hungarica 63(3–4), pp. 227–284, 2021. https://doi.org/10.1556/034.63.2021.3-4.1""	https://creativecommons.org/licenses/by/4.0/	Attribution 4.0 International (CC BY 4.0)",http://kew.org/wcs/terms/lifeform,
wfo-0000593422,Tree,"Tree	""Bartha, D. (2021). An Annotated And Updated Checklist Of The Hungarian Dendroflora. Acta Botanica Hungarica 63(3–4), pp. 227–284, 2021. https://doi.org/10.1556/034.63.2021.3-4.1""	https://creativecommons.org/licenses/by/4.0/	Attribution 4.0 International (CC BY 4.0)",http://kew.org/wcs/terms/lifeform,
wfo-0000593651,Tree,"Tree	""Bartha, D. (2021). An Annotated And Updated Checklist Of The Hungarian Dendroflora. Acta Botanica Hungarica 63(3–4), pp. 227–284, 2021. https://doi.org/10.1556/034.63.2021.3-4.1""	https://creativecommons.org/licenses/by/4.0/	Attribution 4.0 International (CC BY 4.0)",http://kew.org/wcs/terms/lifeform,
wfo-0000599456,Tree,"Tree	""Bartha, D. (2021). An Annotated And Updated Checklist Of The Hungarian Dendroflora. Acta Botanica Hungarica 63(3–4), pp. 227–284, 2021. https://doi.org/10.1556/034.63.2021.3-4.1""	https://creativecommons.org/licenses/by/4.0/	Attribution 4.0 International (CC BY 4.0)",http://kew.org/wcs/terms/lifeform,
wfo-0001003501,Tree,"Tree	""Bartha, D. (2021). An Annotated And Updated Checklist Of The Hungarian Dendroflora. Acta Botanica Hungarica 63(3–4), pp. 227–284, 2021. https://doi.org/10.1556/034.63.2021.3-4.1""	https://creativecommons.org/licenses/by/4.0/	Attribution 4.0 International (CC BY 4.0)",http://kew.org/wcs/terms/lifeform,
wfo-0000925290,Tree,"Tree	""Bartha, D. (2021). An Annotated And Updated Checklist Of The Hungarian Dendroflora. Acta Botanica Hungarica 63(3–4), pp. 227–284, 2021. https://doi.org/10.1556/034.63.2021.3-4.1""	https://creativecommons.org/licenses/by/4.0/	Attribution 4.0 International (CC BY 4.0)",http://kew.org/wcs/terms/lifeform,
wfo-0000990421,Tree,"Tree	""Bartha, D. (2021). An Annotated And Updated Checklist Of The Hungarian Dendroflora. Acta Botanica Hungarica 63(3–4), pp. 227–284, 2021. https://doi.org/10.1556/034.63.2021.3-4.1""	https://creativecommons.org/licenses/by/4.0/	Attribution 4.0 International (CC BY 4.0)",http://kew.org/wcs/terms/lifeform,
wfo-0001011708,Tree,"Tree	""Bartha, D. (2021). An Annotated And Updated Checklist Of The Hungarian Dendroflora. Acta Botanica Hungarica 63(3–4), pp. 227–284, 2021. https://doi.org/10.1556/034.63.2021.3-4.1""	https://creativecommons.org/licenses/by/4.0/	Attribution 4.0 International (CC BY 4.0)",http://kew.org/wcs/terms/lifeform,
wfo-0000663664,Tree,"Tree	""Bartha, D. (2021). An Annotated And Updated Checklist Of The Hungarian Dendroflora. Acta Botanica Hungarica 63(3–4), pp. 227–284, 2021. https://doi.org/10.1556/034.63.2021.3-4.1""	https://creativecommons.org/licenses/by/4.0/	Attribution 4.0 International (CC BY 4.0)",http://kew.org/wcs/terms/lifeform,
wfo-0000966528,Tree,"Tree	""Bartha, D. (2021). An Annotated And Updated Checklist Of The Hungarian Dendroflora. Acta Botanica Hungarica 63(3–4), pp. 227–284, 2021. https://doi.org/10.1556/034.63.2021.3-4.1""	https://creativecommons.org/licenses/by/4.0/	Attribution 4.0 International (CC BY 4.0)",http://kew.org/wcs/terms/lifeform,
wfo-0000966507,Tree,"Tree	""Bartha, D. (2021). An Annotated And Updated Checklist Of The Hungarian Dendroflora. Acta Botanica Hungarica 63(3–4), pp. 227–284, 2021. https://doi.org/10.1556/034.63.2021.3-4.1""	https://creativecommons.org/licenses/by/4.0/	Attribution 4.0 International (CC BY 4.0)",http://kew.org/wcs/terms/lifeform,
wfo-0000834541,Tree,"Tree	""Bartha, D. (2021). An Annotated And Updated Checklist Of The Hungarian Dendroflora. Acta Botanica Hungarica 63(3–4), pp. 227–284, 2021. https://doi.org/10.1556/034.63.2021.3-4.1""	https://creativecommons.org/licenses/by/4.0/	Attribution 4.0 International (CC BY 4.0)",http://kew.org/wcs/terms/lifeform,
wfo-0000834564,Tree,"Tree	""Bartha, D. (2021). An Annotated And Updated Checklist Of The Hungarian Dendroflora. Acta Botanica Hungarica 63(3–4), pp. 227–284, 2021. https://doi.org/10.1556/034.63.2021.3-4.1""	https://creativecommons.org/licenses/by/4.0/	Attribution 4.0 International (CC BY 4.0)",http://kew.org/wcs/terms/lifeform,
wfo-0000832813,Tree,"Tree	""Bartha, D. (2021). An Annotated And Updated Checklist Of The Hungarian Dendroflora. Acta Botanica Hungarica 63(3–4), pp. 227–284, 2021. https://doi.org/10.1556/034.63.2021.3-4.1""	https://creativecommons.org/licenses/by/4.0/	Attribution 4.0 International (CC BY 4.0)",http://kew.org/wcs/terms/lifeform,
wfo-0000168133,Tree,"Tree	""Bartha, D. (2021). An Annotated And Updated Checklist Of The Hungarian Dendroflora. Acta Botanica Hungarica 63(3–4), pp. 227–284, 2021. https://doi.org/10.1556/034.63.2021.3-4.1""	https://creativecommons.org/licenses/by/4.0/	Attribution 4.0 International (CC BY 4.0)",http://kew.org/wcs/terms/lifeform,
wfo-0001428042,Tree,"Tree	""Bartha, D. (2021). An Annotated And Updated Checklist Of The Hungarian Dendroflora. Acta Botanica Hungarica 63(3–4), pp. 227–284, 2021. https://doi.org/10.1556/034.63.2021.3-4.1""	https://creativecommons.org/licenses/by/4.0/	Attribution 4.0 International (CC BY 4.0)",http://kew.org/wcs/terms/lifeform,
wfo-0001428010,Tree,"Tree	""Bartha, D. (2021). An Annotated And Updated Checklist Of The Hungarian Dendroflora. Acta Botanica Hungarica 63(3–4), pp. 227–284, 2021. https://doi.org/10.1556/034.63.2021.3-4.1""	https://creativecommons.org/licenses/by/4.0/	Attribution 4.0 International (CC BY 4.0)",http://kew.org/wcs/terms/lifeform,
wfo-0001428014,Tree,"Tree	""Bartha, D. (2021). An Annotated And Updated Checklist Of The Hungarian Dendroflora. Acta Botanica Hungarica 63(3–4), pp. 227–284, 2021. https://doi.org/10.1556/034.63.2021.3-4.1""	https://creativecommons.org/licenses/by/4.0/	Attribution 4.0 International (CC BY 4.0)",http://kew.org/wcs/terms/lifeform,
wfo-0000355141,Tree,"Tree	""Bartha, D. (2021). An Annotated And Updated Checklist Of The Hungarian Dendroflora. Acta Botanica Hungarica 63(3–4), pp. 227–284, 2021. https://doi.org/10.1556/034.63.2021.3-4.1""	https://creativecommons.org/licenses/by/4.0/	Attribution 4.0 International (CC BY 4.0)",http://kew.org/wcs/terms/lifeform,
wfo-0000355126,Tree,"Tree	""Bartha, D. (2021). An Annotated And Updated Checklist Of The Hungarian Dendroflora. Acta Botanica Hungarica 63(3–4), pp. 227–284, 2021. https://doi.org/10.1556/034.63.2021.3-4.1""	https://creativecommons.org/licenses/by/4.0/	Attribution 4.0 International (CC BY 4.0)",http://kew.org/wcs/terms/lifeform,
wfo-0000355051,Tree,"Tree	""Bartha, D. (2021). An Annotated And Updated Checklist Of The Hungarian Dendroflora. Acta Botanica Hungarica 63(3–4), pp. 227–284, 2021. https://doi.org/10.1556/034.63.2021.3-4.1""	https://creativecommons.org/licenses/by/4.0/	Attribution 4.0 International (CC BY 4.0)",http://kew.org/wcs/terms/lifeform,
wfo-0000354923,Tree,"Tree	""Bartha, D. (2021). An Annotated And Updated Checklist Of The Hungarian Dendroflora. Acta Botanica Hungarica 63(3–4), pp. 227–284, 2021. https://doi.org/10.1556/034.63.2021.3-4.1""	https://creativecommons.org/licenses/by/4.0/	Attribution 4.0 International (CC BY 4.0)",http://kew.org/wcs/terms/lifeform,
wfo-0001427069,Tree,"Tree	""Bartha, D. (2021). An Annotated And Updated Checklist Of The Hungarian Dendroflora. Acta Botanica Hungarica 63(3–4), pp. 227–284, 2021. https://doi.org/10.1556/034.63.2021.3-4.1""	https://creativecommons.org/licenses/by/4.0/	Attribution 4.0 International (CC BY 4.0)",http://kew.org/wcs/terms/lifeform,
wfo-0001428105,Tree,"Tree	""Bartha, D. (2021). An Annotated And Updated Checklist Of The Hungarian Dendroflora. Acta Botanica Hungarica 63(3–4), pp. 227–284, 2021. https://doi.org/10.1556/034.63.2021.3-4.1""	https://creativecommons.org/licenses/by/4.0/	Attribution 4.0 International (CC BY 4.0)",http://kew.org/wcs/terms/lifeform,
wfo-0001428111,Tree,"Tree	""Bartha, D. (2021). An Annotated And Updated Checklist Of The Hungarian Dendroflora. Acta Botanica Hungarica 63(3–4), pp. 227–284, 2021. https://doi.org/10.1556/034.63.2021.3-4.1""	https://creativecommons.org/licenses/by/4.0/	Attribution 4.0 International (CC BY 4.0)",http://kew.org/wcs/terms/lifeform,
wfo-0001428113,Tree,"Tree	""Bartha, D. (2021). An Annotated And Updated Checklist Of The Hungarian Dendroflora. Acta Botanica Hungarica 63(3–4), pp. 227–284, 2021. https://doi.org/10.1556/034.63.2021.3-4.1""	https://creativecommons.org/licenses/by/4.0/	Attribution 4.0 International (CC BY 4.0)",http://kew.org/wcs/terms/lifeform,
wfo-0001428114,Tree,"Tree	""Bartha, D. (2021). An Annotated And Updated Checklist Of The Hungarian Dendroflora. Acta Botanica Hungarica 63(3–4), pp. 227–284, 2021. https://doi.org/10.1556/034.63.2021.3-4.1""	https://creativecommons.org/licenses/by/4.0/	Attribution 4.0 International (CC BY 4.0)",http://kew.org/wcs/terms/lifeform,
wfo-0001428115,Tree,"Tree	""Bartha, D. (2021). An Annotated And Updated Checklist Of The Hungarian Dendroflora. Acta Botanica Hungarica 63(3–4), pp. 227–284, 2021. https://doi.org/10.1556/034.63.2021.3-4.1""	https://creativecommons.org/licenses/by/4.0/	Attribution 4.0 International (CC BY 4.0)",http://kew.org/wcs/terms/lifeform,
wfo-0001428117,Tree,"Tree	""Bartha, D. (2021). An Annotated And Updated Checklist Of The Hungarian Dendroflora. Acta Botanica Hungarica 63(3–4), pp. 227–284, 2021. https://doi.org/10.1556/034.63.2021.3-4.1""	https://creativecommons.org/licenses/by/4.0/	Attribution 4.0 International (CC BY 4.0)",http://kew.org/wcs/terms/lifeform,
wfo-0001428118,Tree,"Tree	""Bartha, D. (2021). An Annotated And Updated Checklist Of The Hungarian Dendroflora. Acta Botanica Hungarica 63(3–4), pp. 227–284, 2021. https://doi.org/10.1556/034.63.2021.3-4.1""	https://creativecommons.org/licenses/by/4.0/	Attribution 4.0 International (CC BY 4.0)",http://kew.org/wcs/terms/lifeform,
wfo-0001428120,Tree,"Tree	""Bartha, D. (2021). An Annotated And Updated Checklist Of The Hungarian Dendroflora. Acta Botanica Hungarica 63(3–4), pp. 227–284, 2021. https://doi.org/10.1556/034.63.2021.3-4.1""	https://creativecommons.org/licenses/by/4.0/	Attribution 4.0 International (CC BY 4.0)",http://kew.org/wcs/terms/lifeform,
wfo-0001428125,Tree,"Tree	""Bartha, D. (2021). An Annotated And Updated Checklist Of The Hungarian Dendroflora. Acta Botanica Hungarica 63(3–4), pp. 227–284, 2021. https://doi.org/10.1556/034.63.2021.3-4.1""	https://creativecommons.org/licenses/by/4.0/	Attribution 4.0 International (CC BY 4.0)",http://kew.org/wcs/terms/lifeform,
wfo-0001428126,Tree,"Tree	""Bartha, D. (2021). An Annotated And Updated Checklist Of The Hungarian Dendroflora. Acta Botanica Hungarica 63(3–4), pp. 227–284, 2021. https://doi.org/10.1556/034.63.2021.3-4.1""	https://creativecommons.org/licenses/by/4.0/	Attribution 4.0 International (CC BY 4.0)",http://kew.org/wcs/terms/lifeform,
wfo-0001428129,Tree,"Tree	""Bartha, D. (2021). An Annotated And Updated Checklist Of The Hungarian Dendroflora. Acta Botanica Hungarica 63(3–4), pp. 227–284, 2021. https://doi.org/10.1556/034.63.2021.3-4.1""	https://creativecommons.org/licenses/by/4.0/	Attribution 4.0 International (CC BY 4.0)",http://kew.org/wcs/terms/lifeform,
wfo-0000357203,Tree,"Tree	""Bartha, D. (2021). An Annotated And Updated Checklist Of The Hungarian Dendroflora. Acta Botanica Hungarica 63(3–4), pp. 227–284, 2021. https://doi.org/10.1556/034.63.2021.3-4.1""	https://creativecommons.org/licenses/by/4.0/	Attribution 4.0 International (CC BY 4.0)",http://kew.org/wcs/terms/lifeform,
wfo-0000736101,Tree,"Tree	""Bartha, D. (2021). An Annotated And Updated Checklist Of The Hungarian Dendroflora. Acta Botanica Hungarica 63(3–4), pp. 227–284, 2021. https://doi.org/10.1556/034.63.2021.3-4.1""	https://creativecommons.org/licenses/by/4.0/	Attribution 4.0 International (CC BY 4.0)",http://kew.org/wcs/terms/lifeform,
wfo-0000443338,Tree,"Tree	""Bartha, D. (2021). An Annotated And Updated Checklist Of The Hungarian Dendroflora. Acta Botanica Hungarica 63(3–4), pp. 227–284, 2021. https://doi.org/10.1556/034.63.2021.3-4.1""	https://creativecommons.org/licenses/by/4.0/	Attribution 4.0 International (CC BY 4.0)",http://kew.org/wcs/terms/lifeform,
wfo-0000443374,Tree,"Tree	""Bartha, D. (2021). An Annotated And Updated Checklist Of The Hungarian Dendroflora. Acta Botanica Hungarica 63(3–4), pp. 227–284, 2021. https://doi.org/10.1556/034.63.2021.3-4.1""	https://creativecommons.org/licenses/by/4.0/	Attribution 4.0 International (CC BY 4.0)",http://kew.org/wcs/terms/lifeform,
wfo-0000447854,Tree,"Tree	""Bartha, D. (2021). An Annotated And Updated Checklist Of The Hungarian Dendroflora. Acta Botanica Hungarica 63(3–4), pp. 227–284, 2021. https://doi.org/10.1556/034.63.2021.3-4.1""	https://creativecommons.org/licenses/by/4.0/	Attribution 4.0 International (CC BY 4.0)",http://kew.org/wcs/terms/lifeform,
wfo-0001016915,Tree,"Tree	""Bartha, D. (2021). An Annotated And Updated Checklist Of The Hungarian Dendroflora. Acta Botanica Hungarica 63(3–4), pp. 227–284, 2021. https://doi.org/10.1556/034.63.2021.3-4.1""	https://creativecommons.org/licenses/by/4.0/	Attribution 4.0 International (CC BY 4.0)",http://kew.org/wcs/terms/lifeform,
wfo-0001008355,Tree,"Tree	""Bartha, D. (2021). An Annotated And Updated Checklist Of The Hungarian Dendroflora. Acta Botanica Hungarica 63(3–4), pp. 227–284, 2021. https://doi.org/10.1556/034.63.2021.3-4.1""	https://creativecommons.org/licenses/by/4.0/	Attribution 4.0 International (CC BY 4.0)",http://kew.org/wcs/terms/lifeform,
wfo-0000447905,Tree,"Tree	""Bartha, D. (2021). An Annotated And Updated Checklist Of The Hungarian Dendroflora. Acta Botanica Hungarica 63(3–4), pp. 227–284, 2021. https://doi.org/10.1556/034.63.2021.3-4.1""	https://creativecommons.org/licenses/by/4.0/	Attribution 4.0 International (CC BY 4.0)",http://kew.org/wcs/terms/lifeform,
wfo-0000261449,Tree,"Tree	""Bartha, D. (2021). An Annotated And Updated Checklist Of The Hungarian Dendroflora. Acta Botanica Hungarica 63(3–4), pp. 227–284, 2021. https://doi.org/10.1556/034.63.2021.3-4.1""	https://creativecommons.org/licenses/by/4.0/	Attribution 4.0 International (CC BY 4.0)",http://kew.org/wcs/terms/lifeform,
wfo-0001140122,Tree,"Tree	""Bartha, D. (2021). An Annotated And Updated Checklist Of The Hungarian Dendroflora. Acta Botanica Hungarica 63(3–4), pp. 227–284, 2021. https://doi.org/10.1556/034.63.2021.3-4.1""	https://creativecommons.org/licenses/by/4.0/	Attribution 4.0 International (CC BY 4.0)",http://kew.org/wcs/terms/lifeform,
wfo-0001137342,Tree,"Tree	""Bartha, D. (2021). An Annotated And Updated Checklist Of The Hungarian Dendroflora. Acta Botanica Hungarica 63(3–4), pp. 227–284, 2021. https://doi.org/10.1556/034.63.2021.3-4.1""	https://creativecommons.org/licenses/by/4.0/	Attribution 4.0 International (CC BY 4.0)",http://kew.org/wcs/terms/lifeform,
wfo-0000470767,Tree,"Tree	""Bartha, D. (2021). An Annotated And Updated Checklist Of The Hungarian Dendroflora. Acta Botanica Hungarica 63(3–4), pp. 227–284, 2021. https://doi.org/10.1556/034.63.2021.3-4.1""	https://creativecommons.org/licenses/by/4.0/	Attribution 4.0 International (CC BY 4.0)",http://kew.org/wcs/terms/lifeform,
wfo-0000482353,Tree,"Tree	""Bartha, D. (2021). An Annotated And Updated Checklist Of The Hungarian Dendroflora. Acta Botanica Hungarica 63(3–4), pp. 227–284, 2021. https://doi.org/10.1556/034.63.2021.3-4.1""	https://creativecommons.org/licenses/by/4.0/	Attribution 4.0 International (CC BY 4.0)",http://kew.org/wcs/terms/lifeform,
wfo-0000481903,Tree,"Tree	""Bartha, D. (2021). An Annotated And Updated Checklist Of The Hungarian Dendroflora. Acta Botanica Hungarica 63(3–4), pp. 227–284, 2021. https://doi.org/10.1556/034.63.2021.3-4.1""	https://creativecommons.org/licenses/by/4.0/	Attribution 4.0 International (CC BY 4.0)",http://kew.org/wcs/terms/lifeform,
wfo-0000481530,Tree,"Tree	""Bartha, D. (2021). An Annotated And Updated Checklist Of The Hungarian Dendroflora. Acta Botanica Hungarica 63(3–4), pp. 227–284, 2021. https://doi.org/10.1556/034.63.2021.3-4.1""	https://creativecommons.org/licenses/by/4.0/	Attribution 4.0 International (CC BY 4.0)",http://kew.org/wcs/terms/lifeform,
wfo-0000481648,Tree,"Tree	""Bartha, D. (2021). An Annotated And Updated Checklist Of The Hungarian Dendroflora. Acta Botanica Hungarica 63(3–4), pp. 227–284, 2021. https://doi.org/10.1556/034.63.2021.3-4.1""	https://creativecommons.org/licenses/by/4.0/	Attribution 4.0 International (CC BY 4.0)",http://kew.org/wcs/terms/lifeform,
wfo-0000486955,Tree,"Tree	""Bartha, D. (2021). An Annotated And Updated Checklist Of The Hungarian Dendroflora. Acta Botanica Hungarica 63(3–4), pp. 227–284, 2021. https://doi.org/10.1556/034.63.2021.3-4.1""	https://creativecommons.org/licenses/by/4.0/	Attribution 4.0 International (CC BY 4.0)",http://kew.org/wcs/terms/lifeform,
wfo-0000396774,Tree,"Tree	""Bartha, D. (2021). An Annotated And Updated Checklist Of The Hungarian Dendroflora. Acta Botanica Hungarica 63(3–4), pp. 227–284, 2021. https://doi.org/10.1556/034.63.2021.3-4.1""	https://creativecommons.org/licenses/by/4.0/	Attribution 4.0 International (CC BY 4.0)",http://kew.org/wcs/terms/lifeform,
wfo-0000930752,Tree,"Tree	""Bartha, D. (2021). An Annotated And Updated Checklist Of The Hungarian Dendroflora. Acta Botanica Hungarica 63(3–4), pp. 227–284, 2021. https://doi.org/10.1556/034.63.2021.3-4.1""	https://creativecommons.org/licenses/by/4.0/	Attribution 4.0 International (CC BY 4.0)",http://kew.org/wcs/terms/lifeform,
wfo-0000928145,Tree,"Tree	""Bartha, D. (2021). An Annotated And Updated Checklist Of The Hungarian Dendroflora. Acta Botanica Hungarica 63(3–4), pp. 227–284, 2021. https://doi.org/10.1556/034.63.2021.3-4.1""	https://creativecommons.org/licenses/by/4.0/	Attribution 4.0 International (CC BY 4.0)",http://kew.org/wcs/terms/lifeform,
wfo-0000928384,Tree,"Tree	""Bartha, D. (2021). An Annotated And Updated Checklist Of The Hungarian Dendroflora. Acta Botanica Hungarica 63(3–4), pp. 227–284, 2021. https://doi.org/10.1556/034.63.2021.3-4.1""	https://creativecommons.org/licenses/by/4.0/	Attribution 4.0 International (CC BY 4.0)",http://kew.org/wcs/terms/lifeform,
wfo-0000928297,Tree,"Tree	""Bartha, D. (2021). An Annotated And Updated Checklist Of The Hungarian Dendroflora. Acta Botanica Hungarica 63(3–4), pp. 227–284, 2021. https://doi.org/10.1556/034.63.2021.3-4.1""	https://creativecommons.org/licenses/by/4.0/	Attribution 4.0 International (CC BY 4.0)",http://kew.org/wcs/terms/lifeform,
wfo-0000928187,Tree,"Tree	""Bartha, D. (2021). An Annotated And Updated Checklist Of The Hungarian Dendroflora. Acta Botanica Hungarica 63(3–4), pp. 227–284, 2021. https://doi.org/10.1556/034.63.2021.3-4.1""	https://creativecommons.org/licenses/by/4.0/	Attribution 4.0 International (CC BY 4.0)",http://kew.org/wcs/terms/lifeform,
wfo-0000928205,Tree,"Tree	""Bartha, D. (2021). An Annotated And Updated Checklist Of The Hungarian Dendroflora. Acta Botanica Hungarica 63(3–4), pp. 227–284, 2021. https://doi.org/10.1556/034.63.2021.3-4.1""	https://creativecommons.org/licenses/by/4.0/	Attribution 4.0 International (CC BY 4.0)",http://kew.org/wcs/terms/lifeform,
wfo-0000996194,Tree,"Tree	""Bartha, D. (2021). An Annotated And Updated Checklist Of The Hungarian Dendroflora. Acta Botanica Hungarica 63(3–4), pp. 227–284, 2021. https://doi.org/10.1556/034.63.2021.3-4.1""	https://creativecommons.org/licenses/by/4.0/	Attribution 4.0 International (CC BY 4.0)",http://kew.org/wcs/terms/lifeform,
wfo-0001015846,Tree,"Tree	""Bartha, D. (2021). An Annotated And Updated Checklist Of The Hungarian Dendroflora. Acta Botanica Hungarica 63(3–4), pp. 227–284, 2021. https://doi.org/10.1556/034.63.2021.3-4.1""	https://creativecommons.org/licenses/by/4.0/	Attribution 4.0 International (CC BY 4.0)",http://kew.org/wcs/terms/lifeform,
wfo-0000991689,Tree,"Tree	""Bartha, D. (2021). An Annotated And Updated Checklist Of The Hungarian Dendroflora. Acta Botanica Hungarica 63(3–4), pp. 227–284, 2021. https://doi.org/10.1556/034.63.2021.3-4.1""	https://creativecommons.org/licenses/by/4.0/	Attribution 4.0 International (CC BY 4.0)",http://kew.org/wcs/terms/lifeform,
wfo-0001005630,Tree,"Tree	""Bartha, D. (2021). An Annotated And Updated Checklist Of The Hungarian Dendroflora. Acta Botanica Hungarica 63(3–4), pp. 227–284, 2021. https://doi.org/10.1556/034.63.2021.3-4.1""	https://creativecommons.org/licenses/by/4.0/	Attribution 4.0 International (CC BY 4.0)",http://kew.org/wcs/terms/lifeform,
wfo-0001007955,Tree,"Tree	""Bartha, D. (2021). An Annotated And Updated Checklist Of The Hungarian Dendroflora. Acta Botanica Hungarica 63(3–4), pp. 227–284, 2021. https://doi.org/10.1556/034.63.2021.3-4.1""	https://creativecommons.org/licenses/by/4.0/	Attribution 4.0 International (CC BY 4.0)",http://kew.org/wcs/terms/lifeform,
wfo-0001016331,Tree,"Tree	""Bartha, D. (2021). An Annotated And Updated Checklist Of The Hungarian Dendroflora. Acta Botanica Hungarica 63(3–4), pp. 227–284, 2021. https://doi.org/10.1556/034.63.2021.3-4.1""	https://creativecommons.org/licenses/by/4.0/	Attribution 4.0 International (CC BY 4.0)",http://kew.org/wcs/terms/lifeform,
wfo-0000984349,Tree,"Tree	""Bartha, D. (2021). An Annotated And Updated Checklist Of The Hungarian Dendroflora. Acta Botanica Hungarica 63(3–4), pp. 227–284, 2021. https://doi.org/10.1556/034.63.2021.3-4.1""	https://creativecommons.org/licenses/by/4.0/	Attribution 4.0 International (CC BY 4.0)",http://kew.org/wcs/terms/lifeform,
wfo-0000983763,Tree,"Tree	""Bartha, D. (2021). An Annotated And Updated Checklist Of The Hungarian Dendroflora. Acta Botanica Hungarica 63(3–4), pp. 227–284, 2021. https://doi.org/10.1556/034.63.2021.3-4.1""	https://creativecommons.org/licenses/by/4.0/	Attribution 4.0 International (CC BY 4.0)",http://kew.org/wcs/terms/lifeform,
wfo-0000983726,Tree,"Tree	""Bartha, D. (2021). An Annotated And Updated Checklist Of The Hungarian Dendroflora. Acta Botanica Hungarica 63(3–4), pp. 227–284, 2021. https://doi.org/10.1556/034.63.2021.3-4.1""	https://creativecommons.org/licenses/by/4.0/	Attribution 4.0 International (CC BY 4.0)",http://kew.org/wcs/terms/lifeform,
wfo-0001005418,Tree,"Tree	""Bartha, D. (2021). An Annotated And Updated Checklist Of The Hungarian Dendroflora. Acta Botanica Hungarica 63(3–4), pp. 227–284, 2021. https://doi.org/10.1556/034.63.2021.3-4.1""	https://creativecommons.org/licenses/by/4.0/	Attribution 4.0 International (CC BY 4.0)",http://kew.org/wcs/terms/lifeform,
wfo-0000995988,Tree,"Tree	""Bartha, D. (2021). An Annotated And Updated Checklist Of The Hungarian Dendroflora. Acta Botanica Hungarica 63(3–4), pp. 227–284, 2021. https://doi.org/10.1556/034.63.2021.3-4.1""	https://creativecommons.org/licenses/by/4.0/	Attribution 4.0 International (CC BY 4.0)",http://kew.org/wcs/terms/lifeform,
wfo-0000478194,Tree,"Tree	""Bartha, D. (2021). An Annotated And Updated Checklist Of The Hungarian Dendroflora. Acta Botanica Hungarica 63(3–4), pp. 227–284, 2021. https://doi.org/10.1556/034.63.2021.3-4.1""	https://creativecommons.org/licenses/by/4.0/	Attribution 4.0 International (CC BY 4.0)",http://kew.org/wcs/terms/lifeform,
wfo-0000465166,Tree,"Tree	""Bartha, D. (2021). An Annotated And Updated Checklist Of The Hungarian Dendroflora. Acta Botanica Hungarica 63(3–4), pp. 227–284, 2021. https://doi.org/10.1556/034.63.2021.3-4.1""	https://creativecommons.org/licenses/by/4.0/	Attribution 4.0 International (CC BY 4.0)",http://kew.org/wcs/terms/lifeform,
wfo-0000998864,Tree,"Tree	""Bartha, D. (2021). An Annotated And Updated Checklist Of The Hungarian Dendroflora. Acta Botanica Hungarica 63(3–4), pp. 227–284, 2021. https://doi.org/10.1556/034.63.2021.3-4.1""	https://creativecommons.org/licenses/by/4.0/	Attribution 4.0 International (CC BY 4.0)",http://kew.org/wcs/terms/lifeform,
wfo-0001010785,Tree,"Tree	""Bartha, D. (2021). An Annotated And Updated Checklist Of The Hungarian Dendroflora. Acta Botanica Hungarica 63(3–4), pp. 227–284, 2021. https://doi.org/10.1556/034.63.2021.3-4.1""	https://creativecommons.org/licenses/by/4.0/	Attribution 4.0 International (CC BY 4.0)",http://kew.org/wcs/terms/lifeform,
wfo-0001010821,Tree,"Tree	""Bartha, D. (2021). An Annotated And Updated Checklist Of The Hungarian Dendroflora. Acta Botanica Hungarica 63(3–4), pp. 227–284, 2021. https://doi.org/10.1556/034.63.2021.3-4.1""	https://creativecommons.org/licenses/by/4.0/	Attribution 4.0 International (CC BY 4.0)",http://kew.org/wcs/terms/lifeform,
wfo-0001006195,Tree,"Tree	""Bartha, D. (2021). An Annotated And Updated Checklist Of The Hungarian Dendroflora. Acta Botanica Hungarica 63(3–4), pp. 227–284, 2021. https://doi.org/10.1556/034.63.2021.3-4.1""	https://creativecommons.org/licenses/by/4.0/	Attribution 4.0 International (CC BY 4.0)",http://kew.org/wcs/terms/lifeform,
wfo-0001010819,Tree,"Tree	""Bartha, D. (2021). An Annotated And Updated Checklist Of The Hungarian Dendroflora. Acta Botanica Hungarica 63(3–4), pp. 227–284, 2021. https://doi.org/10.1556/034.63.2021.3-4.1""	https://creativecommons.org/licenses/by/4.0/	Attribution 4.0 International (CC BY 4.0)",http://kew.org/wcs/terms/lifeform,
wfo-0000998862,Tree,"Tree	""Bartha, D. (2021). An Annotated And Updated Checklist Of The Hungarian Dendroflora. Acta Botanica Hungarica 63(3–4), pp. 227–284, 2021. https://doi.org/10.1556/034.63.2021.3-4.1""	https://creativecommons.org/licenses/by/4.0/	Attribution 4.0 International (CC BY 4.0)",http://kew.org/wcs/terms/lifeform,
wfo-0001015799,Tree,"Tree	""Bartha, D. (2021). An Annotated And Updated Checklist Of The Hungarian Dendroflora. Acta Botanica Hungarica 63(3–4), pp. 227–284, 2021. https://doi.org/10.1556/034.63.2021.3-4.1""	https://creativecommons.org/licenses/by/4.0/	Attribution 4.0 International (CC BY 4.0)",http://kew.org/wcs/terms/lifeform,
wfo-0001018751,Tree,"Tree	""Bartha, D. (2021). An Annotated And Updated Checklist Of The Hungarian Dendroflora. Acta Botanica Hungarica 63(3–4), pp. 227–284, 2021. https://doi.org/10.1556/034.63.2021.3-4.1""	https://creativecommons.org/licenses/by/4.0/	Attribution 4.0 International (CC BY 4.0)",http://kew.org/wcs/terms/lifeform,
wfo-0000983612,Tree,"Tree	""Bartha, D. (2021). An Annotated And Updated Checklist Of The Hungarian Dendroflora. Acta Botanica Hungarica 63(3–4), pp. 227–284, 2021. https://doi.org/10.1556/034.63.2021.3-4.1""	https://creativecommons.org/licenses/by/4.0/	Attribution 4.0 International (CC BY 4.0)",http://kew.org/wcs/terms/lifeform,
wfo-0000998826,Tree,"Tree	""Bartha, D. (2021). An Annotated And Updated Checklist Of The Hungarian Dendroflora. Acta Botanica Hungarica 63(3–4), pp. 227–284, 2021. https://doi.org/10.1556/034.63.2021.3-4.1""	https://creativecommons.org/licenses/by/4.0/	Attribution 4.0 International (CC BY 4.0)",http://kew.org/wcs/terms/lifeform,
wfo-0000289720,Tree,"Tree	""Bartha, D. (2021). An Annotated And Updated Checklist Of The Hungarian Dendroflora. Acta Botanica Hungarica 63(3–4), pp. 227–284, 2021. https://doi.org/10.1556/034.63.2021.3-4.1""	https://creativecommons.org/licenses/by/4.0/	Attribution 4.0 International (CC BY 4.0)",http://kew.org/wcs/terms/lifeform,
wfo-0000289808,Tree,"Tree	""Bartha, D. (2021). An Annotated And Updated Checklist Of The Hungarian Dendroflora. Acta Botanica Hungarica 63(3–4), pp. 227–284, 2021. https://doi.org/10.1556/034.63.2021.3-4.1""	https://creativecommons.org/licenses/by/4.0/	Attribution 4.0 International (CC BY 4.0)",http://kew.org/wcs/terms/lifeform,
wfo-0000289879,Tree,"Tree	""Bartha, D. (2021). An Annotated And Updated Checklist Of The Hungarian Dendroflora. Acta Botanica Hungarica 63(3–4), pp. 227–284, 2021. https://doi.org/10.1556/034.63.2021.3-4.1""	https://creativecommons.org/licenses/by/4.0/	Attribution 4.0 International (CC BY 4.0)",http://kew.org/wcs/terms/lifeform,
wfo-0000290155,Tree,"Tree	""Bartha, D. (2021). An Annotated And Updated Checklist Of The Hungarian Dendroflora. Acta Botanica Hungarica 63(3–4), pp. 227–284, 2021. https://doi.org/10.1556/034.63.2021.3-4.1""	https://creativecommons.org/licenses/by/4.0/	Attribution 4.0 International (CC BY 4.0)",http://kew.org/wcs/terms/lifeform,
wfo-0000290374,Tree,"Tree	""Bartha, D. (2021). An Annotated And Updated Checklist Of The Hungarian Dendroflora. Acta Botanica Hungarica 63(3–4), pp. 227–284, 2021. https://doi.org/10.1556/034.63.2021.3-4.1""	https://creativecommons.org/licenses/by/4.0/	Attribution 4.0 International (CC BY 4.0)",http://kew.org/wcs/terms/lifeform,
wfo-0000290410,Tree,"Tree	""Bartha, D. (2021). An Annotated And Updated Checklist Of The Hungarian Dendroflora. Acta Botanica Hungarica 63(3–4), pp. 227–284, 2021. https://doi.org/10.1556/034.63.2021.3-4.1""	https://creativecommons.org/licenses/by/4.0/	Attribution 4.0 International (CC BY 4.0)",http://kew.org/wcs/terms/lifeform,
wfo-0000290530,Tree,"Tree	""Bartha, D. (2021). An Annotated And Updated Checklist Of The Hungarian Dendroflora. Acta Botanica Hungarica 63(3–4), pp. 227–284, 2021. https://doi.org/10.1556/034.63.2021.3-4.1""	https://creativecommons.org/licenses/by/4.0/	Attribution 4.0 International (CC BY 4.0)",http://kew.org/wcs/terms/lifeform,
wfo-0000291075,Tree,"Tree	""Bartha, D. (2021). An Annotated And Updated Checklist Of The Hungarian Dendroflora. Acta Botanica Hungarica 63(3–4), pp. 227–284, 2021. https://doi.org/10.1556/034.63.2021.3-4.1""	https://creativecommons.org/licenses/by/4.0/	Attribution 4.0 International (CC BY 4.0)",http://kew.org/wcs/terms/lifeform,
wfo-0000291330,Tree,"Tree	""Bartha, D. (2021). An Annotated And Updated Checklist Of The Hungarian Dendroflora. Acta Botanica Hungarica 63(3–4), pp. 227–284, 2021. https://doi.org/10.1556/034.63.2021.3-4.1""	https://creativecommons.org/licenses/by/4.0/	Attribution 4.0 International (CC BY 4.0)",http://kew.org/wcs/terms/lifeform,
wfo-0000292435,Tree,"Tree	""Bartha, D. (2021). An Annotated And Updated Checklist Of The Hungarian Dendroflora. Acta Botanica Hungarica 63(3–4), pp. 227–284, 2021. https://doi.org/10.1556/034.63.2021.3-4.1""	https://creativecommons.org/licenses/by/4.0/	Attribution 4.0 International (CC BY 4.0)",http://kew.org/wcs/terms/lifeform,
wfo-0000292577,Tree,"Tree	""Bartha, D. (2021). An Annotated And Updated Checklist Of The Hungarian Dendroflora. Acta Botanica Hungarica 63(3–4), pp. 227–284, 2021. https://doi.org/10.1556/034.63.2021.3-4.1""	https://creativecommons.org/licenses/by/4.0/	Attribution 4.0 International (CC BY 4.0)",http://kew.org/wcs/terms/lifeform,
wfo-0000292646,Tree,"Tree	""Bartha, D. (2021). An Annotated And Updated Checklist Of The Hungarian Dendroflora. Acta Botanica Hungarica 63(3–4), pp. 227–284, 2021. https://doi.org/10.1556/034.63.2021.3-4.1""	https://creativecommons.org/licenses/by/4.0/	Attribution 4.0 International (CC BY 4.0)",http://kew.org/wcs/terms/lifeform,
wfo-0000292978,Tree,"Tree	""Bartha, D. (2021). An Annotated And Updated Checklist Of The Hungarian Dendroflora. Acta Botanica Hungarica 63(3–4), pp. 227–284, 2021. https://doi.org/10.1556/034.63.2021.3-4.1""	https://creativecommons.org/licenses/by/4.0/	Attribution 4.0 International (CC BY 4.0)",http://kew.org/wcs/terms/lifeform,
wfo-0000293432,Tree,"Tree	""Bartha, D. (2021). An Annotated And Updated Checklist Of The Hungarian Dendroflora. Acta Botanica Hungarica 63(3–4), pp. 227–284, 2021. https://doi.org/10.1556/034.63.2021.3-4.1""	https://creativecommons.org/licenses/by/4.0/	Attribution 4.0 International (CC BY 4.0)",http://kew.org/wcs/terms/lifeform,
wfo-0000293554,Tree,"Tree	""Bartha, D. (2021). An Annotated And Updated Checklist Of The Hungarian Dendroflora. Acta Botanica Hungarica 63(3–4), pp. 227–284, 2021. https://doi.org/10.1556/034.63.2021.3-4.1""	https://creativecommons.org/licenses/by/4.0/	Attribution 4.0 International (CC BY 4.0)",http://kew.org/wcs/terms/lifeform,
wfo-0000293733,Tree,"Tree	""Bartha, D. (2021). An Annotated And Updated Checklist Of The Hungarian Dendroflora. Acta Botanica Hungarica 63(3–4), pp. 227–284, 2021. https://doi.org/10.1556/034.63.2021.3-4.1""	https://creativecommons.org/licenses/by/4.0/	Attribution 4.0 International (CC BY 4.0)",http://kew.org/wcs/terms/lifeform,
wfo-0000289665,Tree,"Tree	""Bartha, D. (2021). An Annotated And Updated Checklist Of The Hungarian Dendroflora. Acta Botanica Hungarica 63(3–4), pp. 227–284, 2021. https://doi.org/10.1556/034.63.2021.3-4.1""	https://creativecommons.org/licenses/by/4.0/	Attribution 4.0 International (CC BY 4.0)",http://kew.org/wcs/terms/lifeform,
wfo-0000290053,Tree,"Tree	""Bartha, D. (2021). An Annotated And Updated Checklist Of The Hungarian Dendroflora. Acta Botanica Hungarica 63(3–4), pp. 227–284, 2021. https://doi.org/10.1556/034.63.2021.3-4.1""	https://creativecommons.org/licenses/by/4.0/	Attribution 4.0 International (CC BY 4.0)",http://kew.org/wcs/terms/lifeform,
wfo-0000290823,Tree,"Tree	""Bartha, D. (2021). An Annotated And Updated Checklist Of The Hungarian Dendroflora. Acta Botanica Hungarica 63(3–4), pp. 227–284, 2021. https://doi.org/10.1556/034.63.2021.3-4.1""	https://creativecommons.org/licenses/by/4.0/	Attribution 4.0 International (CC BY 4.0)",http://kew.org/wcs/terms/lifeform,
wfo-0000292323,Tree,"Tree	""Bartha, D. (2021). An Annotated And Updated Checklist Of The Hungarian Dendroflora. Acta Botanica Hungarica 63(3–4), pp. 227–284, 2021. https://doi.org/10.1556/034.63.2021.3-4.1""	https://creativecommons.org/licenses/by/4.0/	Attribution 4.0 International (CC BY 4.0)",http://kew.org/wcs/terms/lifeform,
wfo-0000292479,Tree,"Tree	""Bartha, D. (2021). An Annotated And Updated Checklist Of The Hungarian Dendroflora. Acta Botanica Hungarica 63(3–4), pp. 227–284, 2021. https://doi.org/10.1556/034.63.2021.3-4.1""	https://creativecommons.org/licenses/by/4.0/	Attribution 4.0 International (CC BY 4.0)",http://kew.org/wcs/terms/lifeform,
wfo-0000292573,Tree,"Tree	""Bartha, D. (2021). An Annotated And Updated Checklist Of The Hungarian Dendroflora. Acta Botanica Hungarica 63(3–4), pp. 227–284, 2021. https://doi.org/10.1556/034.63.2021.3-4.1""	https://creativecommons.org/licenses/by/4.0/	Attribution 4.0 International (CC BY 4.0)",http://kew.org/wcs/terms/lifeform,
wfo-0000292702,Tree,"Tree	""Bartha, D. (2021). An Annotated And Updated Checklist Of The Hungarian Dendroflora. Acta Botanica Hungarica 63(3–4), pp. 227–284, 2021. https://doi.org/10.1556/034.63.2021.3-4.1""	https://creativecommons.org/licenses/by/4.0/	Attribution 4.0 International (CC BY 4.0)",http://kew.org/wcs/terms/lifeform,
wfo-0000292938,Tree,"Tree	""Bartha, D. (2021). An Annotated And Updated Checklist Of The Hungarian Dendroflora. Acta Botanica Hungarica 63(3–4), pp. 227–284, 2021. https://doi.org/10.1556/034.63.2021.3-4.1""	https://creativecommons.org/licenses/by/4.0/	Attribution 4.0 International (CC BY 4.0)",http://kew.org/wcs/terms/lifeform,
wfo-0000292948,Tree,"Tree	""Bartha, D. (2021). An Annotated And Updated Checklist Of The Hungarian Dendroflora. Acta Botanica Hungarica 63(3–4), pp. 227–284, 2021. https://doi.org/10.1556/034.63.2021.3-4.1""	https://creativecommons.org/licenses/by/4.0/	Attribution 4.0 International (CC BY 4.0)",http://kew.org/wcs/terms/lifeform,
wfo-0000292954,Tree,"Tree	""Bartha, D. (2021). An Annotated And Updated Checklist Of The Hungarian Dendroflora. Acta Botanica Hungarica 63(3–4), pp. 227–284, 2021. https://doi.org/10.1556/034.63.2021.3-4.1""	https://creativecommons.org/licenses/by/4.0/	Attribution 4.0 International (CC BY 4.0)",http://kew.org/wcs/terms/lifeform,
wfo-0000293006,Tree,"Tree	""Bartha, D. (2021). An Annotated And Updated Checklist Of The Hungarian Dendroflora. Acta Botanica Hungarica 63(3–4), pp. 227–284, 2021. https://doi.org/10.1556/034.63.2021.3-4.1""	https://creativecommons.org/licenses/by/4.0/	Attribution 4.0 International (CC BY 4.0)",http://kew.org/wcs/terms/lifeform,
wfo-0000293876,Tree,"Tree	""Bartha, D. (2021). An Annotated And Updated Checklist Of The Hungarian Dendroflora. Acta Botanica Hungarica 63(3–4), pp. 227–284, 2021. https://doi.org/10.1556/034.63.2021.3-4.1""	https://creativecommons.org/licenses/by/4.0/	Attribution 4.0 International (CC BY 4.0)",http://kew.org/wcs/terms/lifeform,
wfo-0000403060,Tree,"Tree	""Bartha, D. (2021). An Annotated And Updated Checklist Of The Hungarian Dendroflora. Acta Botanica Hungarica 63(3–4), pp. 227–284, 2021. https://doi.org/10.1556/034.63.2021.3-4.1""	https://creativecommons.org/licenses/by/4.0/	Attribution 4.0 International (CC BY 4.0)",http://kew.org/wcs/terms/lifeform,
wfo-0001056985,Tree,"Tree	""Bartha, D. (2021). An Annotated And Updated Checklist Of The Hungarian Dendroflora. Acta Botanica Hungarica 63(3–4), pp. 227–284, 2021. https://doi.org/10.1556/034.63.2021.3-4.1""	https://creativecommons.org/licenses/by/4.0/	Attribution 4.0 International (CC BY 4.0)",http://kew.org/wcs/terms/lifeform,
wfo-0000213931,Tree,"Tree	""Bartha, D. (2021). An Annotated And Updated Checklist Of The Hungarian Dendroflora. Acta Botanica Hungarica 63(3–4), pp. 227–284, 2021. https://doi.org/10.1556/034.63.2021.3-4.1""	https://creativecommons.org/licenses/by/4.0/	Attribution 4.0 International (CC BY 4.0)",http://kew.org/wcs/terms/lifeform,
wfo-0000213932,Tree,"Tree	""Bartha, D. (2021). An Annotated And Updated Checklist Of The Hungarian Dendroflora. Acta Botanica Hungarica 63(3–4), pp. 227–284, 2021. https://doi.org/10.1556/034.63.2021.3-4.1""	https://creativecommons.org/licenses/by/4.0/	Attribution 4.0 International (CC BY 4.0)",http://kew.org/wcs/terms/lifeform,
wfo-0000928470,Tree,"Tree	""Bartha, D. (2021). An Annotated And Updated Checklist Of The Hungarian Dendroflora. Acta Botanica Hungarica 63(3–4), pp. 227–284, 2021. https://doi.org/10.1556/034.63.2021.3-4.1""	https://creativecommons.org/licenses/by/4.0/	Attribution 4.0 International (CC BY 4.0)",http://kew.org/wcs/terms/lifeform,
wfo-0000930101,Tree,"Tree	""Bartha, D. (2021). An Annotated And Updated Checklist Of The Hungarian Dendroflora. Acta Botanica Hungarica 63(3–4), pp. 227–284, 2021. https://doi.org/10.1556/034.63.2021.3-4.1""	https://creativecommons.org/licenses/by/4.0/	Attribution 4.0 International (CC BY 4.0)",http://kew.org/wcs/terms/lifeform,
wfo-0001400450,Tree,"Tree	""Bartha, D. (2021). An Annotated And Updated Checklist Of The Hungarian Dendroflora. Acta Botanica Hungarica 63(3–4), pp. 227–284, 2021. https://doi.org/10.1556/034.63.2021.3-4.1""	https://creativecommons.org/licenses/by/4.0/	Attribution 4.0 International (CC BY 4.0)",http://kew.org/wcs/terms/lifeform,
wfo-0000930981,Tree,"Tree	""Bartha, D. (2021). An Annotated And Updated Checklist Of The Hungarian Dendroflora. Acta Botanica Hungarica 63(3–4), pp. 227–284, 2021. https://doi.org/10.1556/034.63.2021.3-4.1""	https://creativecommons.org/licenses/by/4.0/	Attribution 4.0 International (CC BY 4.0)",http://kew.org/wcs/terms/lifeform,
wfo-0000928687,Tree,"Tree	""Bartha, D. (2021). An Annotated And Updated Checklist Of The Hungarian Dendroflora. Acta Botanica Hungarica 63(3–4), pp. 227–284, 2021. https://doi.org/10.1556/034.63.2021.3-4.1""	https://creativecommons.org/licenses/by/4.0/	Attribution 4.0 International (CC BY 4.0)",http://kew.org/wcs/terms/lifeform,
wfo-0000984418,Tree,"Tree	""Bartha, D. (2021). An Annotated And Updated Checklist Of The Hungarian Dendroflora. Acta Botanica Hungarica 63(3–4), pp. 227–284, 2021. https://doi.org/10.1556/034.63.2021.3-4.1""	https://creativecommons.org/licenses/by/4.0/	Attribution 4.0 International (CC BY 4.0)",http://kew.org/wcs/terms/lifeform,
wfo-0000186724,Tree,"Tree	""Bartha, D. (2021). An Annotated And Updated Checklist Of The Hungarian Dendroflora. Acta Botanica Hungarica 63(3–4), pp. 227–284, 2021. https://doi.org/10.1556/034.63.2021.3-4.1""	https://creativecommons.org/licenses/by/4.0/	Attribution 4.0 International (CC BY 4.0)",http://kew.org/wcs/terms/lifeform,
wfo-0000408602,Tree,"Tree	""Bartha, D. (2021). An Annotated And Updated Checklist Of The Hungarian Dendroflora. Acta Botanica Hungarica 63(3–4), pp. 227–284, 2021. https://doi.org/10.1556/034.63.2021.3-4.1""	https://creativecommons.org/licenses/by/4.0/	Attribution 4.0 International (CC BY 4.0)",http://kew.org/wcs/terms/lifeform,
wfo-0000408637,Tree,"Tree	""Bartha, D. (2021). An Annotated And Updated Checklist Of The Hungarian Dendroflora. Acta Botanica Hungarica 63(3–4), pp. 227–284, 2021. https://doi.org/10.1556/034.63.2021.3-4.1""	https://creativecommons.org/licenses/by/4.0/	Attribution 4.0 International (CC BY 4.0)",http://kew.org/wcs/terms/lifeform,
wfo-0000407772,Tree,"Tree	""Bartha, D. (2021). An Annotated And Updated Checklist Of The Hungarian Dendroflora. Acta Botanica Hungarica 63(3–4), pp. 227–284, 2021. https://doi.org/10.1556/034.63.2021.3-4.1""	https://creativecommons.org/licenses/by/4.0/	Attribution 4.0 International (CC BY 4.0)",http://kew.org/wcs/terms/lifeform,
wfo-0000457539,Tree,"Tree	""Bartha, D. (2021). An Annotated And Updated Checklist Of The Hungarian Dendroflora. Acta Botanica Hungarica 63(3–4), pp. 227–284, 2021. https://doi.org/10.1556/034.63.2021.3-4.1""	https://creativecommons.org/licenses/by/4.0/	Attribution 4.0 International (CC BY 4.0)",http://kew.org/wcs/terms/lifeform,
wfo-0000457522,Tree,"Tree	""Bartha, D. (2021). An Annotated And Updated Checklist Of The Hungarian Dendroflora. Acta Botanica Hungarica 63(3–4), pp. 227–284, 2021. https://doi.org/10.1556/034.63.2021.3-4.1""	https://creativecommons.org/licenses/by/4.0/	Attribution 4.0 International (CC BY 4.0)",http://kew.org/wcs/terms/lifeform,
wfo-0000457101,Tree,"Tree	""Bartha, D. (2021). An Annotated And Updated Checklist Of The Hungarian Dendroflora. Acta Botanica Hungarica 63(3–4), pp. 227–284, 2021. https://doi.org/10.1556/034.63.2021.3-4.1""	https://creativecommons.org/licenses/by/4.0/	Attribution 4.0 International (CC BY 4.0)",http://kew.org/wcs/terms/lifeform,
wfo-0000457451,Tree,"Tree	""Bartha, D. (2021). An Annotated And Updated Checklist Of The Hungarian Dendroflora. Acta Botanica Hungarica 63(3–4), pp. 227–284, 2021. https://doi.org/10.1556/034.63.2021.3-4.1""	https://creativecommons.org/licenses/by/4.0/	Attribution 4.0 International (CC BY 4.0)",http://kew.org/wcs/terms/lifeform,
wfo-0000457026,Tree,"Tree	""Bartha, D. (2021). An Annotated And Updated Checklist Of The Hungarian Dendroflora. Acta Botanica Hungarica 63(3–4), pp. 227–284, 2021. https://doi.org/10.1556/034.63.2021.3-4.1""	https://creativecommons.org/licenses/by/4.0/	Attribution 4.0 International (CC BY 4.0)",http://kew.org/wcs/terms/lifeform,
wfo-0001427470,Tree,"Tree	""Bartha, D. (2021). An Annotated And Updated Checklist Of The Hungarian Dendroflora. Acta Botanica Hungarica 63(3–4), pp. 227–284, 2021. https://doi.org/10.1556/034.63.2021.3-4.1""	https://creativecommons.org/licenses/by/4.0/	Attribution 4.0 International (CC BY 4.0)",http://kew.org/wcs/terms/lifeform,
wfo-0000416745,Tree,"Tree	""Bartha, D. (2021). An Annotated And Updated Checklist Of The Hungarian Dendroflora. Acta Botanica Hungarica 63(3–4), pp. 227–284, 2021. https://doi.org/10.1556/034.63.2021.3-4.1""	https://creativecommons.org/licenses/by/4.0/	Attribution 4.0 International (CC BY 4.0)",http://kew.org/wcs/terms/lifeform,
wfo-0000416717,Tree,"Tree	""Bartha, D. (2021). An Annotated And Updated Checklist Of The Hungarian Dendroflora. Acta Botanica Hungarica 63(3–4), pp. 227–284, 2021. https://doi.org/10.1556/034.63.2021.3-4.1""	https://creativecommons.org/licenses/by/4.0/	Attribution 4.0 International (CC BY 4.0)",http://kew.org/wcs/terms/lifeform,
wfo-0000416715,Tree,"Tree	""Bartha, D. (2021). An Annotated And Updated Checklist Of The Hungarian Dendroflora. Acta Botanica Hungarica 63(3–4), pp. 227–284, 2021. https://doi.org/10.1556/034.63.2021.3-4.1""	https://creativecommons.org/licenses/by/4.0/	Attribution 4.0 International (CC BY 4.0)",http://kew.org/wcs/terms/lifeform,
wfo-0000416674,Tree,"Tree	""Bartha, D. (2021). An Annotated And Updated Checklist Of The Hungarian Dendroflora. Acta Botanica Hungarica 63(3–4), pp. 227–284, 2021. https://doi.org/10.1556/034.63.2021.3-4.1""	https://creativecommons.org/licenses/by/4.0/	Attribution 4.0 International (CC BY 4.0)",http://kew.org/wcs/terms/lifeform,
wfo-0000416672,Tree,"Tree	""Bartha, D. (2021). An Annotated And Updated Checklist Of The Hungarian Dendroflora. Acta Botanica Hungarica 63(3–4), pp. 227–284, 2021. https://doi.org/10.1556/034.63.2021.3-4.1""	https://creativecommons.org/licenses/by/4.0/	Attribution 4.0 International (CC BY 4.0)",http://kew.org/wcs/terms/lifeform,
wfo-0000416815,Tree,"Tree	""Bartha, D. (2021). An Annotated And Updated Checklist Of The Hungarian Dendroflora. Acta Botanica Hungarica 63(3–4), pp. 227–284, 2021. https://doi.org/10.1556/034.63.2021.3-4.1""	https://creativecommons.org/licenses/by/4.0/	Attribution 4.0 International (CC BY 4.0)",http://kew.org/wcs/terms/lifeform,
wfo-0000989643,Tree or Shrub,"Tree or Shrub	""Bartha, D. (2021). An Annotated And Updated Checklist Of The Hungarian Dendroflora. Acta Botanica Hungarica 63(3–4), pp. 227–284, 2021. https://doi.org/10.1556/034.63.2021.3-4.1""	https://creativecommons.org/licenses/by/4.0/	Attribution 4.0 International (CC BY 4.0)",http://kew.org/wcs/terms/lifeform,
wfo-0000994234,Tree or Shrub,"Tree or Shrub	""Bartha, D. (2021). An Annotated And Updated Checklist Of The Hungarian Dendroflora. Acta Botanica Hungarica 63(3–4), pp. 227–284, 2021. https://doi.org/10.1556/034.63.2021.3-4.1""	https://creativecommons.org/licenses/by/4.0/	Attribution 4.0 International (CC BY 4.0)",http://kew.org/wcs/terms/lifeform,
wfo-0000663703,Tree or Shrub,"Tree or Shrub	""Bartha, D. (2021). An Annotated And Updated Checklist Of The Hungarian Dendroflora. Acta Botanica Hungarica 63(3–4), pp. 227–284, 2021. https://doi.org/10.1556/034.63.2021.3-4.1""	https://creativecommons.org/licenses/by/4.0/	Attribution 4.0 International (CC BY 4.0)",http://kew.org/wcs/terms/lifeform,
wfo-0000355532,Tree or Shrub,"Tree or Shrub	""Bartha, D. (2021). An Annotated And Updated Checklist Of The Hungarian Dendroflora. Acta Botanica Hungarica 63(3–4), pp. 227–284, 2021. https://doi.org/10.1556/034.63.2021.3-4.1""	https://creativecommons.org/licenses/by/4.0/	Attribution 4.0 International (CC BY 4.0)",http://kew.org/wcs/terms/lifeform,
wfo-0000995964,Tree or Shrub,"Tree or Shrub	""Bartha, D. (2021). An Annotated And Updated Checklist Of The Hungarian Dendroflora. Acta Botanica Hungarica 63(3–4), pp. 227–284, 2021. https://doi.org/10.1556/034.63.2021.3-4.1""	https://creativecommons.org/licenses/by/4.0/	Attribution 4.0 International (CC BY 4.0)",http://kew.org/wcs/terms/lifeform,
wfo-0000995963,Tree or Shrub,"Tree or Shrub	""Bartha, D. (2021). An Annotated And Updated Checklist Of The Hungarian Dendroflora. Acta Botanica Hungarica 63(3–4), pp. 227–284, 2021. https://doi.org/10.1556/034.63.2021.3-4.1""	https://creativecommons.org/licenses/by/4.0/	Attribution 4.0 International (CC BY 4.0)",http://kew.org/wcs/terms/lifeform,
wfo-0001009805,Tree or Shrub,"Tree or Shrub	""Bartha, D. (2021). An Annotated And Updated Checklist Of The Hungarian Dendroflora. Acta Botanica Hungarica 63(3–4), pp. 227–284, 2021. https://doi.org/10.1556/034.63.2021.3-4.1""	https://creativecommons.org/licenses/by/4.0/	Attribution 4.0 International (CC BY 4.0)",http://kew.org/wcs/terms/lifeform,
wfo-0000996195,Tree or Shrub,"Tree or Shrub	""Bartha, D. (2021). An Annotated And Updated Checklist Of The Hungarian Dendroflora. Acta Botanica Hungarica 63(3–4), pp. 227–284, 2021. https://doi.org/10.1556/034.63.2021.3-4.1""	https://creativecommons.org/licenses/by/4.0/	Attribution 4.0 International (CC BY 4.0)",http://kew.org/wcs/terms/lifeform,
wfo-0000471373,Tree or Shrub,"Tree or Shrub	""Bartha, D. (2021). An Annotated And Updated Checklist Of The Hungarian Dendroflora. Acta Botanica Hungarica 63(3–4), pp. 227–284, 2021. https://doi.org/10.1556/034.63.2021.3-4.1""	https://creativecommons.org/licenses/by/4.0/	Attribution 4.0 International (CC BY 4.0)",http://kew.org/wcs/terms/lifeform,
wfo-0000928949,Tree or Shrub,"Tree or Shrub	""Bartha, D. (2021). An Annotated And Updated Checklist Of The Hungarian Dendroflora. Acta Botanica Hungarica 63(3–4), pp. 227–284, 2021. https://doi.org/10.1556/034.63.2021.3-4.1""	https://creativecommons.org/licenses/by/4.0/	Attribution 4.0 International (CC BY 4.0)",http://kew.org/wcs/terms/lifeform,
wfo-0000929217,Tree or Shrub,"Tree or Shrub	""Bartha, D. (2021). An Annotated And Updated Checklist Of The Hungarian Dendroflora. Acta Botanica Hungarica 63(3–4), pp. 227–284, 2021. https://doi.org/10.1556/034.63.2021.3-4.1""	https://creativecommons.org/licenses/by/4.0/	Attribution 4.0 International (CC BY 4.0)",http://kew.org/wcs/terms/lifeform,
wfo-0000928647,Tree or Shrub,"Tree or Shrub	""Bartha, D. (2021). An Annotated And Updated Checklist Of The Hungarian Dendroflora. Acta Botanica Hungarica 63(3–4), pp. 227–284, 2021. https://doi.org/10.1556/034.63.2021.3-4.1""	https://creativecommons.org/licenses/by/4.0/	Attribution 4.0 International (CC BY 4.0)",http://kew.org/wcs/terms/lifeform,
wfo-0000930129,Tree or Shrub,"Tree or Shrub	""Bartha, D. (2021). An Annotated And Updated Checklist Of The Hungarian Dendroflora. Acta Botanica Hungarica 63(3–4), pp. 227–284, 2021. https://doi.org/10.1556/034.63.2021.3-4.1""	https://creativecommons.org/licenses/by/4.0/	Attribution 4.0 International (CC BY 4.0)",http://kew.org/wcs/terms/lifeform,
wfo-0000930291,Tree or Shrub,"Tree or Shrub	""Bartha, D. (2021). An Annotated And Updated Checklist Of The Hungarian Dendroflora. Acta Botanica Hungarica 63(3–4), pp. 227–284, 2021. https://doi.org/10.1556/034.63.2021.3-4.1""	https://creativecommons.org/licenses/by/4.0/	Attribution 4.0 International (CC BY 4.0)",http://kew.org/wcs/terms/lifeform,
wfo-0000929313,Tree or Shrub,"Tree or Shrub	""Bartha, D. (2021). An Annotated And Updated Checklist Of The Hungarian Dendroflora. Acta Botanica Hungarica 63(3–4), pp. 227–284, 2021. https://doi.org/10.1556/034.63.2021.3-4.1""	https://creativecommons.org/licenses/by/4.0/	Attribution 4.0 International (CC BY 4.0)",http://kew.org/wcs/terms/lifeform,
wfo-0000929571,Tree or Shrub,"Tree or Shrub	""Bartha, D. (2021). An Annotated And Updated Checklist Of The Hungarian Dendroflora. Acta Botanica Hungarica 63(3–4), pp. 227–284, 2021. https://doi.org/10.1556/034.63.2021.3-4.1""	https://creativecommons.org/licenses/by/4.0/	Attribution 4.0 International (CC BY 4.0)",http://kew.org/wcs/terms/lifeform,