taxonID,vernacularName,identifier,family,scientificName,scientificNameAuthorship
wfo-0000511062,Toros göknarı,vrn-0000511062,Pinaceae,Abies cilicica,(Antoine & Kotschy) Carrière
wfo-0000511305,Kafkas göknarı,vrn-0000511305,Pinaceae,Abies nordmanniana,(Steven) Spach
wfo-0000350733,Eğirotu,vrn-0000350733,Acoraceae,Acorus calamus,L.
wfo-0001109469,Baldırıkara,vrn-0001109469,Pteridaceae,Adiantum capillus-veneris,L.
wfo-0000755418,İnce çobandüdüğü,vrn-0000755418,Alismataceae,Alisma gramineum,Lej.
wfo-0000755439,Kurbağakaşığı,vrn-0000755439,Alismataceae,Alisma lanceolatum,With.
wfo-0000759386,Altanya,vrn-0000759386,Potamogetonaceae,Althenia orientalis,(Tzvelev) García-Mur. & Talavera
wfo-0001107896,Maydanozeğreltisi,vrn-0001107896,Pteridaceae,Anogramma leptophylla,(L.) Link
wfo-0000260389,Salon arokaryası,vrn-0000260389,Araucariaceae,Araucaria heterophylla,(Salisb.) Franco
wfo-0000547548,Keditaşağı,vrn-0000547548,Aristolochiaceae,Aristolochia auricularia,Boiss.
wfo-0000547567,Kargakeleği,vrn-0000547567,Aristolochiaceae,Aristolochia baseri,Malyer & Erken
wfo-0000547578,Kargakavunu,vrn-0000547578,Aristolochiaceae,Aristolochia billardieri,Jaub. & Spach
wfo-0000547591,Köpektaşağı,vrn-0000547591,Aristolochiaceae,Aristolochia bottae,Jaub. & Spach
wfo-0000547603,Çetükotu,vrn-0000547603,Aristolochiaceae,Aristolochia brevilabris,Bornm.
wfo-0000547663,Köpekyamşağı,vrn-0000547663,Aristolochiaceae,Aristolochia cilicica,P.H.Davis & Khan
wfo-0000547670,Lohusaotu,vrn-0000547670,Aristolochiaceae,Aristolochia clematitis,L.
wfo-0000547819,Zılındar,vrn-0000547819,Aristolochiaceae,Aristolochia geniculata,E.Nardi
wfo-0000547859,Çobandüdüğü,vrn-0000547859,Aristolochiaceae,Aristolochia guichardii,P.H.Davis & Khan
wfo-0000547879,Yılanotu,vrn-0000547879,Aristolochiaceae,Aristolochia hirta,L.
wfo-0000547902,Kocakokorot,vrn-0000547902,Aristolochiaceae,Aristolochia iberica,Fisch. & C.A.Mey. ex Boiss.
wfo-0000547906,Kargadüveleği,vrn-0000547906,Aristolochiaceae,Aristolochia incisa,Duchartre
wfo-0000547949,Kargatopalağı,vrn-0000547949,Aristolochiaceae,Aristolochia krausei,P.H.Davis
wfo-0000548018,Kargakavuğu,vrn-0000548018,Aristolochiaceae,Aristolochia lycica,P.H.Davis & Khan
wfo-0000548049,Kargabardağı,vrn-0000548049,Aristolochiaceae,Aristolochia maurorum,L.
wfo-0000548152,Kundurcınık,vrn-0000548152,Aristolochiaceae,Aristolochia paecilantha,Boiss.
wfo-0000548153,Sarıcaotu,vrn-0000548153,Aristolochiaceae,Aristolochia pallida,Willd.
wfo-0000548174,Kedikirpiği,vrn-0000548174,Aristolochiaceae,Aristolochia parvifolia,Sm.
wfo-0000548216,Dulcikdibi,vrn-0000548216,Aristolochiaceae,Aristolochia poluninii,P.H.Davis & Khan
wfo-0000548220,Gangırdak,vrn-0000548220,Aristolochiaceae,Aristolochia pontica,Lam.
wfo-0000548277,Zeraventotu,vrn-0000548277,Aristolochiaceae,Aristolochia rotunda,L.
wfo-0000548321,Sarıasma,vrn-0000548321,Aristolochiaceae,Aristolochia sempervirens,L.
wfo-0000548361,Kargakulağı,vrn-0000548361,Aristolochiaceae,Aristolochia stenosiphon,P.H.Davis & Khan
wfo-0000278225,Yılanyarpuzu,vrn-0000278225,Araceae,Arum concinnatum,Schott
wfo-0000278374,Adamancarı,vrn-0000278374,Araceae,Arum creticum,Boiss. & Heldr.
wfo-0000278549,Tirşikpancarı,vrn-0000278549,Araceae,Arum dioscoridis,Sm.
wfo-0000278949,Nivik,vrn-0000278949,Araceae,Arum euxinum,R.R.Mill
wfo-0000279256,Ayımarlı,vrn-0000279256,Araceae,Arum hygrophilum,Boiss.
wfo-0000279961,Yılanekmeği,vrn-0000279961,Araceae,Arum maculatum,L.
wfo-0000281480,Kıbrıs yılanyastığı,vrn-0000281480,Araceae,Arum sintenisii,(Engl.) P.C.Boyce
wfo-0000550828,Afşarotu,vrn-0000550828,Aristolochiaceae,Asarum europaeum,L.
wfo-0001109303,Karasaçakotu,vrn-0001109303,Aspleniaceae,Asplenium adiantum-nigrum,L.
wfo-0001115845,Karabacak,vrn-0001115845,Aspleniaceae,Asplenium haussknechtii,Godet & Reut. ex Milde
wfo-0001109353,Duvarsaçağı,vrn-0001109353,Aspleniaceae,Asplenium ruta-muraria,L.
wfo-0001042203,Tekedili,vrn-0001042203,Aspleniaceae,Asplenium sagittatum,(DC.) Bange
wfo-0001110391,Geyikdili,vrn-0001110391,Aspleniaceae,Asplenium scolopendrium,L.
wfo-0001109358,Devesakalı,vrn-0001109358,Aspleniaceae,Asplenium septentrionale,(L.) Hoffm.
wfo-0001109364,Saçakotu,vrn-0001109364,Aspleniaceae,Asplenium trichomanes,L.
wfo-0001109866,Yeşilbaldırıkara,vrn-0001109866,Aspleniaceae,Asplenium viride,Huds.
wfo-0001120024,Dağyeli,vrn-0001120024,Athyriaceae,Athyrium alpestre,(Hoppe) Clairv.
wfo-0001107233,Yeleğreltisi,vrn-0001107233,Athyriaceae,Athyrium filix-femina,(L.) Roth
wfo-0001109620,Kızıleğrelti,vrn-0001109620,Salviniaceae,Azolla filiculoides,Lam.
wfo-0000761108,Sutopuzu,vrn-0000761108,Alismataceae,Baldellia ranunculoides,(L.) Parl.
wfo-0000339004,Urfa yılanpancarı,vrn-0000339004,Araceae,Biarum aleppicum,J.Thiébaut
wfo-0000339071,Yılanpancarı,vrn-0000339071,Araceae,Biarum bovei,Blume
wfo-0000339203,Kardi,vrn-0000339203,Araceae,Biarum carduchorum,(Schott) Engler
wfo-0000339247,Eğri yılanpancarı,vrn-0000339247,Araceae,Biarum crispulum,(Schott) Engl.
wfo-0000339313,Güdük yılanpancarı,vrn-0000339313,Araceae,Biarum ditschianum,Bogner & Boyce
wfo-0000339324,Adanapancarı,vrn-0000339324,Araceae,Biarum eximium,(Schott & Kotschy) Engler
wfo-0000339505,Ağukınası,vrn-0000339505,Araceae,Biarum pyrami,(Schott) Engler
wfo-0000339611,Arapsucukotu,vrn-0000339611,Araceae,Biarum syriacum,(Spreng.) H.Riedl
wfo-0000339715,Sucukotu,vrn-0000339715,Araceae,Biarum tenuifolium ssp. zelebori,(Schott) P.C.Boyce
wfo-0001109054,Gazaldili,vrn-0001109054,Ophioglossaceae,Botrychium lunaria,(L.) Sw.
wfo-0000762573,Bataklıkgülü,vrn-0000762573,Butomaceae,Butomus umbellatus,L.
wfo-0000599456,Yalancıservi,vrn-0000599456,Cupressaceae,Chamaecyparis lawsoniana,(A.Murray bis) Parl.
wfo-0000599479,Japonservisi,vrn-0000599479,Cupressaceae,Chamaecyparis pisifera,(Sieb. &Zucc.) Endl.
wfo-0000810804,Antep mahrutu,vrn-0000810804,Colchicaceae,Colchicum antepense,K.Perss.
wfo-0000763823,Yırtıkçiğdem,vrn-0000763823,Colchicaceae,Colchicum atticum,Spruner ex Tomm.
wfo-0000763829,Uzazuza,vrn-0000763829,Colchicaceae,Colchicum balansae,Planch.
wfo-0000763830,Güzçiğdemi,vrn-0000763830,Colchicaceae,Colchicum baytopiorum,C.D.Brickell
wfo-0000763837,Öksüzoğlan,vrn-0000763837,Colchicaceae,Colchicum bivonae,Guss.
wfo-0000763839,Sürincan,vrn-0000763839,Colchicaceae,Colchicum boissieri,Orph.
wfo-0000763849,Tüylü mahrut,vrn-0000763849,Colchicaceae,Colchicum burttii,Meikle
wfo-0000805565,Yeşil sürincan,vrn-0000805565,Colchicaceae,Colchicum chlorobasis,K.Perss.
wfo-0000763867,Ayıçiğdemi,vrn-0000763867,Colchicaceae,Colchicum cilicicum,(Boiss.) Dammer
wfo-0000763880,Urfa mahrutu,vrn-0000763880,Colchicaceae,Colchicum crocifolium,Boiss.
wfo-0000763883,Ağuçiğdemi,vrn-0000763883,Colchicaceae,Colchicum davisii,C.D.Brickell
wfo-0000763884,Göçkovan,vrn-0000763884,Colchicaceae,Colchicum decaisnei,Boiss.
wfo-0000763889,Hatay mahrutu,vrn-0000763889,Colchicaceae,Colchicum dolichantherum,K.Perss.
wfo-0000810850,Yırtık sürincan,vrn-0000810850,Colchicaceae,Colchicum figlalii,(Varol) Parolly & Eren
wfo-0000763916,Çayır mahrutu,vrn-0000763916,Colchicaceae,Colchicum heldreichii,K.Perss.
wfo-0000763920,Şarşatkovan,vrn-0000763920,Colchicaceae,Colchicum hirsutum,Stef.
wfo-0000763928,İnce sürincan,vrn-0000763928,Colchicaceae,Colchicum inundatum,K.Perss.
wfo-0000763935,Acıçiğdem,vrn-0000763935,Colchicaceae,Colchicum kotschyi,Boiss.
wfo-0000763936,Yırtık mahrut,vrn-0000763936,Colchicaceae,Colchicum kurdicum,(Bornm.) Stef.
wfo-0000810859,Has mahrut,vrn-0000810859,Colchicaceae,Colchicum lagotum,K.Perss.
wfo-0000763943,İtkesen,vrn-0000763943,Colchicaceae,Colchicum leptanthum,K.Perss.
wfo-0000763954,Mahrut,vrn-0000763954,Colchicaceae,Colchicum macrophyllum,B.L.Burtt
wfo-0000810870,İtboğan,vrn-0000810870,Colchicaceae,Colchicum manissadjianii,(Azn.) K.Perss.
wfo-0000763957,Baba mahrutu,vrn-0000763957,Colchicaceae,Colchicum micaceum,K.Perss.
wfo-0000763958,Narin acıçiğdem,vrn-0000763958,Colchicaceae,Colchicum micranthum,Boiss.
wfo-0000763960,Çiçi çiçeği,vrn-0000763960,Colchicaceae,Colchicum minutum,K.Perss.
wfo-0000763966,Munzurçiğdemi,vrn-0000763966,Colchicaceae,Colchicum munzurense,K.Perss.
wfo-0000763983,Yoz mahrut,vrn-0000763983,Colchicaceae,Colchicum paschei,K.Perss.
wfo-0000763987,Acem mahrutu,vrn-0000763987,Colchicaceae,Colchicum persicum,Baker
wfo-0000763992,Likoser,vrn-0000763992,Colchicaceae,Colchicum polyphyllum,Boiss. & Heldr.
wfo-0000764003,Acem cambırtı,vrn-0000764003,Colchicaceae,Colchicum raddeanum,(Regel) K.Perss.
wfo-0000764011,Zurnak,vrn-0000764011,Colchicaceae,Colchicum sanguicolle,K.Perss.
wfo-0000764013,Domuzçiğdemi,vrn-0000764013,Colchicaceae,Colchicum serpentinum,Woronow
wfo-0000764016,Güznevruzu,vrn-0000764016,Colchicaceae,Colchicum sieheanum,Hausskn. ex Stef.
wfo-0000764017,Koyungöğsü,vrn-0000764017,Colchicaceae,Colchicum soboliferum,(Fisch & C.A.Mey.) Stef.
wfo-0000764019,Şepart,vrn-0000764019,Colchicaceae,Colchicum speciosum,Steven
wfo-0000764023,Yalı mahrutu,vrn-0000764023,Colchicaceae,Colchicum stevenii,Kunth
wfo-0000764039,Üçmahrut,vrn-0000764039,Colchicaceae,Colchicum trigynum,(Steven ex Adam) Stearn
wfo-0000764041,Öksüzali,vrn-0000764041,Colchicaceae,Colchicum triphyllum,Kunze
wfo-0000764045,Taranaçiğdemi,vrn-0000764045,Colchicaceae,Colchicum turcicum,Janka
wfo-0000764047,Şaşortkovan,vrn-0000764047,Colchicaceae,Colchicum umbrosum,Steven
wfo-0000764052,Vargit,vrn-0000764052,Colchicaceae,Colchicum variegatum,L.
wfo-0000917419,Gölevez,vrn-0000917419,Araceae,Colocasia esculenta,(L.) Schott
wfo-0001107261,Saklıeğrelti,vrn-0001107261,Pteridaceae,Cryptogramma crispa,(L.) R.Br. ex Hook.
wfo-0000628423,Kadifeçamı,vrn-0000628423,Cupressaceae,Cryptomeria japonica,(Thunb. ex L.f.) D.Don
wfo-0000630581,Arizonaservisi,vrn-0000630581,Cupressaceae,Cupressus arizonica,Greene
wfo-0000630740,Limonservi,vrn-0000630740,Cupressaceae,Cupressus macrocarpa,Hartw. ex Gordon
wfo-0000630789,Servi,vrn-0000630789,Cupressaceae,Cupressus sempervirens,L.
wfo-0000631639,Sikas,vrn-0000631639,Cycadaceae,Cycas revoluta,Thunb.
wfo-0000764882,Sudüğümü,vrn-0000764882,Cymodoceaceae,Cymodocea nodosa,(Ucria) Asch.
wfo-0001107276,Gevrekeğrelti,vrn-0001107276,Cystopteridaceae,Cystopteris fragilis,(L.) Bernh.
wfo-0000765004,Sukaranfili,vrn-0000765004,Alismataceae,Damasonium alisma,Mill.
wfo-0000389997,Dolanbaç,vrn-0000389997,Dioscoreaceae,Dioscorea communis,(L.) Caddick & Wilkin
wfo-0001107298,Pilunç,vrn-0001107298,Dryopteridaceae,Dryopteris carthusiana,(Vill.) H.P.Fuchs
wfo-0001108304,Ayu piluncu,vrn-0001108304,Dryopteridaceae,Dryopteris dilatata,(Hoffm.) A.Gray
wfo-0001107301,Parpapiluncu,vrn-0001107301,Dryopteridaceae,Dryopteris expansa,(C.Presl) Fraser-Jenk. & Jermy
wfo-0001109081,Erkekeğrelti,vrn-0001109081,Dryopteridaceae,Dryopteris filix-mas,(L.) Schott
wfo-0001115784,Yaylapiluncu,vrn-0001115784,Dryopteridaceae,Dryopteris pseudomas,(Woll.) Holub & Pouzar
wfo-0001107308,Çayırpiluncu,vrn-0001107308,Dryopteridaceae,Dryopteris remota,(A.Br.) Hayek
wfo-0001107310,Dağpiluncu,vrn-0001107310,Dryopteridaceae,Dryopteris submontana,(Fraser-Jenk. & Jermy) Fraser-Jenk.
wfo-0000770739,Elodea,vrn-0000770739,Hydrocharitaceae,Elodea canadensis,Michx.
wfo-0000948523,Çarpık yılanbacağı,vrn-0000948523,Araceae,Eminium intortum,(Banks & Sol.) Kuntze
wfo-0000948527,Yılanüzümü,vrn-0000948527,Araceae,Eminium koenenianum,Lobin & P.C.Boyce
wfo-0000948535,Zilikeraba,vrn-0000948535,Araceae,Eminium spiculatum,(Blume) Schott
wfo-0000794361,Borotu,vrn-0000794361,Ephedraceae,Ephedra foeminea,Forssk.
wfo-0000794407,Hum,vrn-0000794407,Ephedraceae,Ephedra major,Host
wfo-0001108914,Atkuyruğu,vrn-0001108914,Equisetaceae,Equisetum arvense,L.
wfo-0001108916,Kırkboğum,vrn-0001108916,Equisetaceae,Equisetum fluviatile,L.
wfo-0000748047,Ulamotu,vrn-0000748047,Equisetaceae,Equisetum hyemale,L.
wfo-0001108921,Kırkbacak,vrn-0001108921,Equisetaceae,Equisetum palustre,L.
wfo-0001107314,Polikubu,vrn-0001107314,Equisetaceae,Equisetum ramosissimum,Desf.
wfo-0001108924,Kırkanahtar,vrn-0001108924,Equisetaceae,Equisetum sylvaticum,L.
wfo-0001108925,Deredoruk,vrn-0001108925,Equisetaceae,Equisetum telmateia,Ehrh.
wfo-0001108927,Eklemotu,vrn-0001108927,Equisetaceae,Equisetum variegatum,Schleich. ex F.Weber & D.Mohr
wfo-0000766912,Alplâlesi,vrn-0000766912,Liliaceae,Erythronium dens-canis,L.
wfo-0000767650,Duguk,vrn-0000767650,Liliaceae,Fritillaria acmopetala,Boiss.
wfo-0000767663,Pembelâle,vrn-0000767663,Liliaceae,Fritillaria alburyana,Rix
wfo-0000767684,Donuklâle,vrn-0000767684,Liliaceae,Fritillaria assyriaca,Baker
wfo-0000767689,Damalılâle,vrn-0000767689,Liliaceae,Fritillaria aurea,Schott
wfo-0000767694,Baskillâlesi,vrn-0000767694,Liliaceae,Fritillaria baskilensis,Behçet
wfo-0000767701,Delilâle,vrn-0000767701,Liliaceae,Fritillaria bithynica,Baker
wfo-0000767711,Uzunlâle,vrn-0000767711,Liliaceae,Fritillaria byfieldii,Özhatay & Rix
wfo-0000767717,Bodursarı,vrn-0000767717,Liliaceae,Fritillaria carica,Rix
wfo-0000767719,Kaflâlesi,vrn-0000767719,Liliaceae,Fritillaria caucasica,Adam
wfo-0000767751,Boynubükük,vrn-0000767751,Liliaceae,Fritillaria crassifolia,Boiss. & A.Huet
wfo-0000767781,Sürmelilâle,vrn-0000767781,Liliaceae,Fritillaria elwesii,Boiss.
wfo-0000767796,Bozkırlâlesi,vrn-0000767796,Liliaceae,Fritillaria fleischeriana,Steud. & Hochst. ex Schult. & Schult.f.
wfo-0000767799,İncelâle,vrn-0000767799,Liliaceae,Fritillaria forbesii,Baker
wfo-0000767800,Saplılâle,vrn-0000767800,Liliaceae,Fritillaria frankiorum,R.Wallis & R.B.Wallis
wfo-0000767851,Ağlayangelin,vrn-0000767851,Liliaceae,Fritillaria imperialis,L.
wfo-0000767872,Narinlâle,vrn-0000767872,Liliaceae,Fritillaria kittaniae,Sorger
wfo-0000767877,Bozlâle,vrn-0000767877,Liliaceae,Fritillaria kurdica,Boiss. & Noë
wfo-0000767886,Karalâle,vrn-0000767886,Liliaceae,Fritillaria latakiensis,Rix
wfo-0000767887,Yaylalâlesi,vrn-0000767887,Liliaceae,Fritillaria latifolia,Willd.
wfo-0000767955,Sarıdudak,vrn-0000767955,Liliaceae,Fritillaria michailovskyi,Fomin
wfo-0000767957,Karlâlesi,vrn-0000767957,Liliaceae,Fritillaria minima,Rix
wfo-0000767959,Kınalılâle,vrn-0000767959,Liliaceae,Fritillaria minuta,Boiss. & Noë
wfo-0000835618,Muğlalâlesi,vrn-0000835618,Liliaceae,Fritillaria mughlae,Tekşen & Aytaç
wfo-0000768010,Kırklâle,vrn-0000768010,Liliaceae,Fritillaria persica,L.
wfo-0000768012,Mahçuplâle,vrn-0000768012,Liliaceae,Fritillaria pinardii,Boiss.
wfo-0000768022,Eğrilâle,vrn-0000768022,Liliaceae,Fritillaria pontica,Wahlenb.
wfo-0000795369,Özgelâle,vrn-0000795369,Liliaceae,Fritillaria serpenticola,(Rix) Tekşen & Aytaç
wfo-0000768075,Makilâlesi,vrn-0000768075,Liliaceae,Fritillaria sibthorpiana,(Sm.) Baker
wfo-0000768089,Ayaklılâle,vrn-0000768089,Liliaceae,Fritillaria straussii,Bornm.
wfo-0000768091,Gariplâle,vrn-0000768091,Liliaceae,Fritillaria stribrnyi,Velen.
wfo-0000768146,Ayılâlesi,vrn-0000768146,Liliaceae,Fritillaria uva-vulpis,Rix
wfo-0000768152,Yeşillâle,vrn-0000768152,Liliaceae,Fritillaria viridiflora,Post
wfo-0000768164,Çamlâlesi,vrn-0000768164,Liliaceae,Fritillaria whittallii,Baker
wfo-0000795526,Ginko,vrn-0000795526,Ginkgoaceae,Ginkgo biloba,L.
wfo-0000771226,Suteleği,vrn-0000771226,Potamogetonaceae,Groenlandia densa,(L.) Fourr.
wfo-0001107317,Baldırıçıplak,vrn-0001107317,Cystopteridaceae,Gymnocarpium dryopteris,(L.) Newman
wfo-0000769344,Sumakası,vrn-0000769344,Hydrocharitaceae,Halophila stipulacea,(Forssk.) Asch.
wfo-0001110254,Dikkibritotu,vrn-0001110254,Lycopodiaceae,Huperzia selago,(L.) Bernh. ex Schrank & Mart.
wfo-0000769381,Kurbağazehiri,vrn-0000769381,Hydrocharitaceae,Hydrocharis morsus-ranae,L.
wfo-0001107541,Zareğrelti,vrn-0001107541,Hymenophyllaceae,Hymenophyllum tunbrigense,(L.) Sm.
wfo-0000355518,Andız,vrn-0000355518,Cupressaceae,Juniperus drupacea,Labill.
wfo-0000355502,Bozardıç,vrn-0000355502,Cupressaceae,Juniperus excelsa,M.Bieb.
wfo-0000355516,Kokarardıç,vrn-0000355516,Cupressaceae,Juniperus foetidissima,Willd.
wfo-0000355640,Deniz ardıcı,vrn-0000355640,Cupressaceae,Juniperus macrocarpa,Sibth. & Sm.
wfo-0000355663,Fenike ardıcı,vrn-0000355663,Cupressaceae,Juniperus phoenicea,L.
wfo-0000354994,Saçağacı,vrn-0000354994,Cupressaceae,Juniperus sabina,L.
wfo-0000443338,Avrupa melezi,vrn-0000443338,Pinaceae,Larix decidua,Mill.
wfo-0000443374,Japon melezi,vrn-0000443374,Pinaceae,Larix kaempferi,(Lamb.) Carriere
wfo-0000364153,Defne,vrn-0000364153,Lauraceae,Laurus nobilis,L.
wfo-0000224424,Yamuk sumercimeği,vrn-0000224424,Araceae,Lemna gibba,L.
wfo-0000224440,Sumercimeği,vrn-0000224440,Araceae,Lemna minor,L.
wfo-0000224474,Yivli sumercimeği,vrn-0000224474,Araceae,Lemna trisulca,L.
wfo-0000224476,Sivri sumercimeği,vrn-0000224476,Araceae,Lemna turionifera,Landolt
wfo-0000688261,Mis zambak,vrn-0000688261,Liliaceae,Lilium akkusianum,R.Gämperle
wfo-0000684813,Akzambak,vrn-0000684813,Liliaceae,Lilium candidum,L.
wfo-0000684973,Kirno,vrn-0000684973,Liliaceae,Lilium ciliatum,P.H.Davis
wfo-0000677886,Kaf zambağı,vrn-0000677886,Liliaceae,Lilium kesselringianum,Miscz.
wfo-0000678524,Sultan zambağı,vrn-0000678524,Liliaceae,Lilium martagon,L.
wfo-0000677522,Hemşin zambağı,vrn-0000677522,Liliaceae,Lilium ponticum,K.Koch
wfo-0001111177,Bodurkibritotu,vrn-0001111177,Lycopodiaceae,Lycopodiella inundata,(L.) Holub
wfo-0001108980,Dağ kibritotu,vrn-0001108980,Lycopodiaceae,Lycopodium alpinum,L.
wfo-0001107337,Yalıngöbektozu,vrn-0001107337,Lycopodiaceae,Lycopodium annotinum,L.
wfo-0001107341,Göbektozu,vrn-0001107341,Lycopodiaceae,Lycopodium clavatum,L.
wfo-0000233174,Manolya,vrn-0000233174,Magnoliaceae,Magnolia grandiflora,L.
wfo-0001109027,Dörtsutırfılı,vrn-0001109027,Marsileaceae,Marsilea quadrifolia,L.
wfo-0001109164,Şaheğreltisi,vrn-0001109164,Onocleaceae,Matteuccia struthiopteris,(L.) Tod.
wfo-0000769553,Küçük superisi,vrn-0000769553,Hydrocharitaceae,Najas minor,All.
wfo-0000703838,Düğünvar,vrn-0000703838,Nartheciaceae,Narthecium balansae,Briq.
wfo-0000382140,Sarınilüfer,vrn-0000382140,Nymphaeaceae,Nuphar lutea,(L.) Sm.
wfo-0000381440,Nilüfer,vrn-0000381440,Nymphaeaceae,Nymphaea alba,L.
wfo-0001109036,Dilotu,vrn-0001109036,Ophioglossaceae,Ophioglossum lusitanicum,L.
wfo-0001109043,Parlak dilotu,vrn-0001109043,Ophioglossaceae,Ophioglossum vulgatum,L.
wfo-0001116371,İfteri,vrn-0001116371,Thelypteridaceae,Oreopteris limbosperma,(All.) Holub
wfo-0001109067,Kıraleğreltisi,vrn-0001109067,Osmundaceae,Osmunda regalis,L.
wfo-0000714826,Tilkiüzümü,vrn-0000714826,Melanthiaceae,Paris incompleta,M.Bieb.
wfo-0000715208,Horozhayası,vrn-0000715208,Melanthiaceae,Paris quadrifolia,L.
wfo-0001107380,Papra,vrn-0001107380,Thelypteridaceae,Phegopteris connectilis,(Michx.) Watt
wfo-0000736005,Lâdin,vrn-0000736005,Pinaceae,Picea orientalis,(L.) Peterm.
wfo-0000482336,Kızılçam,vrn-0000482336,Pinaceae,Pinus brutia,Ten.
wfo-0000481363,Halep çamı,vrn-0000481363,Pinaceae,Pinus halepensis,Mill.
wfo-0000736744,Karaçam,vrn-0000736744,Pinaceae,Pinus nigra ssp. pallasiana,(Lamb.) Holmboe
wfo-0000481910,Sahil çamı,vrn-0000481910,Pinaceae,Pinus pinaster,Aiton
wfo-0000481895,Fıstık çamı,vrn-0000481895,Pinaceae,Pinus pinea,L.
wfo-0000481837,Monteri çamı,vrn-0000481837,Pinaceae,Pinus radiata,D.Don
wfo-0000481648,Sarıçam,vrn-0000481648,Pinaceae,Pinus sylvestris,L.
wfo-0000273956,Sumarulu,vrn-0000273956,Araceae,Pistia stratiotes,L.
wfo-0000396774,Doğumazısı,vrn-0000396774,Cupressaceae,Platycladus orientalis,(L.) Franco
wfo-0001109241,Besbaye,vrn-0001109241,Polypodiaceae,Polypodium cambricum,L.
wfo-0001107393,Kayaelverdisi,vrn-0001107393,Polypodiaceae,Polypodium interjectum,Shivas
wfo-0001107395,Benlieğrelti,vrn-0001107395,Polypodiaceae,Polypodium vulgare,L.
wfo-0001239724,Sivripilunç,vrn-0001239724,Dryopteridaceae,Polystichum aculeatum,(L.) Roth
wfo-0001109264,Bayırpiluncu,vrn-0001109264,Dryopteridaceae,Polystichum braunii,(Spenn.) Fée
wfo-0001109272,Uzunpilunç,vrn-0001109272,Dryopteridaceae,Polystichum lonchitis,(L.) Roth
wfo-0001107397,Kızılpilunç,vrn-0001107397,Dryopteridaceae,Polystichum setiferum,(Forssk.) Moore ex Woyn.
wfo-0000769715,Erişte,vrn-0000769715,Posidoniaceae,Posidonia oceanica,(L.) Delile
wfo-0000769744,Deli susümbülü,vrn-0000769744,Potamogetonaceae,Potamogeton berchtoldii,Fieber
wfo-0000728869,Ala susümbülü,vrn-0000728869,Potamogetonaceae,Potamogeton coloratus,Hornem.
wfo-0000769780,Susümbülü,vrn-0000769780,Potamogetonaceae,Potamogeton crispus,L.
wfo-0000769833,Çim susümbülü,vrn-0000769833,Potamogetonaceae,Potamogeton gramineus,L.
wfo-0000769883,Tel susümbülü,vrn-0000769883,Potamogetonaceae,Potamogeton lucens,L.
wfo-0000769905,Suotu,vrn-0000769905,Potamogetonaceae,Potamogeton natans,L.
wfo-0000769912,Düğmelisuotu,vrn-0000769912,Potamogetonaceae,Potamogeton nodosus,Poir.
wfo-0000769945,Sargın susümbülü,vrn-0000769945,Potamogetonaceae,Potamogeton perfoliatus,L.
wfo-0000769956,Şark susümbülü,vrn-0000769956,Potamogetonaceae,Potamogeton praelongus,Wulfen
wfo-0000769966,Güdük susümbülü,vrn-0000769966,Potamogetonaceae,Potamogeton pusillus,L.
wfo-0000769983,Side susümbülü,vrn-0000769983,Potamogetonaceae,Potamogeton schweinfurthii,A.Benn.
wfo-0000770029,Tüylü susümbülü,vrn-0000770029,Potamogetonaceae,Potamogeton trichoides,Cham. & Schltdl.
wfo-0000478194,Duglas,vrn-0000478194,Pinaceae,Pseudotsuga menziesii,(Mirb.) Franco
wfo-0001107406,Giriteğreltisi,vrn-0001107406,Pteridaceae,Pteris cretica,L.
wfo-0001109294,Uzunburun,vrn-0001109294,Pteridaceae,Pteris multifida,Poir.
wfo-0001109297,Uzuneğrelti,vrn-0001109297,Pteridaceae,Pteris vittata,L.
wfo-0000733703,Sülüklü ördekotu,vrn-0000733703,Ruppiaceae,Ruppia cirrhosa,(Petagna) Grande
wfo-0000770081,Sahil ördekotu,vrn-0000770081,Ruppiaceae,Ruppia maritima,L.
wfo-0000738109,Suoku,vrn-0000738109,Alismataceae,Sagittaria sagittifolia,L.
wfo-0001117304,Sueğreltisi,vrn-0001117304,Salviniaceae,Salvinia natans,(L.) All.
wfo-0001276519,Selagin,vrn-0001276519,Selaginellaceae,Selaginella helvetica,(L.) Spring
wfo-0000437871,Sekoya,vrn-0000437871,Cupressaceae,Sequoia sempervirens,(D.Don) Endl.
wfo-0000496705,Mamutağacı,vrn-0000496705,Cupressaceae,Sequoiadendron giganteum,(Lindl.) J.T.Buchholz
wfo-0000740704,Gıcırdikeni,vrn-0000740704,Smilacaceae,Smilax aspera,L.
wfo-0000742607,Dikenucu,vrn-0000742607,Smilacaceae,Smilax excelsa,L.
wfo-0000313527,Tellisumercimeği,vrn-0000313527,Araceae,Spirodela polyrhiza,(L.) Schleid.
wfo-0000770131,Sufeneri,vrn-0000770131,Hydrocharitaceae,Stratiotes aloides,L.
wfo-0000753206,Yeşil sutarağı,vrn-0000753206,Potamogetonaceae,Stuckenia amblyphylla,(C.A.Mey.) Holub
wfo-0000771225,Kıl sutarağı,vrn-0000771225,Potamogetonaceae,Stuckenia filiformis,(Pers.) Börner
wfo-0000771224,Sutarağı,vrn-0000771224,Potamogetonaceae,Stuckenia pectinata,(L.) Börner
wfo-0000408637,Porsuk,vrn-0000408637,Taxaceae,Taxus baccata,L.
wfo-0001110850,Karakızeğreltisi,vrn-0001110850,Thelypteridaceae,Thelypteris confluens,(Thunb.) C.V.Morton
wfo-0000407772,Batı mazısı,vrn-0000407772,Cupressaceae,Thuja occidentalis,L.
wfo-0000407856,Boylu mazı,vrn-0000407856,Cupressaceae,Thuja plicata,Donn ex D.Don
wfo-0000770185,Dağ suçengeli,vrn-0000770185,Juncaginaceae,Triglochin maritima,L.
wfo-0000770196,Suçengeli,vrn-0000770196,Juncaginaceae,Triglochin palustris,L.
wfo-0000745045,Aklâle,vrn-0000745045,Liliaceae,Tulipa biflora,Pall.
wfo-0000743598,Çoban lâlesi,vrn-0000743598,Liliaceae,Tulipa humilis,Herb.
wfo-0000916137,Çuh lâlesi,vrn-0000916137,Liliaceae,Tulipa koyuncui,Eker & Babaç
wfo-0000771529,Toros lâlesi,vrn-0000771529,Liliaceae,Tulipa pulchella,(Fenzl ex Regel) Baker
wfo-0000743949,Keraye lâlesi,vrn-0000743949,Liliaceae,Tulipa saxatilis,Sieber ex Spreng.
wfo-0000770262,Kordelaotu,vrn-0000770262,Hydrocharitaceae,Vallisneria spiralis,L.
wfo-0000751720,Dokuztepeli,vrn-0000751720,Melanthiaceae,Veratrum album,L.
wfo-0001109457,Yaylaeğreltisi,vrn-0001109457,Woodsiaceae,Woodsia alpina,(Bolton) Gray
wfo-0000770293,Sukılı,vrn-0000770293,Potamogetonaceae,Zannichellia palustris,L.
wfo-0000770315,Denizotu,vrn-0000770315,Zosteraceae,Zostera marina,L.
wfo-0000770324,Bodur denizotu,vrn-0000770324,Zosteraceae,Zostera noltei,Hornem.