WFOID,locality,locationID,countryCode,establishmentMeans,taxon,source
wfo-0000005828,Ireland,IRE,IE,introduced,Petasites fragrans,
wfo-0000006741,Ireland,IRE,IE,introduced,Chrysanthemum segetum,
wfo-0000014591,Ireland,IRE,IE,introduced,Silybum marianum,
wfo-0000017853,Ireland,IRE,IE,introduced,Inula helenium,
wfo-0000028105,Ireland,IRE,IE,introduced,Matricaria discoidea,
wfo-0000061618,Ireland,IRE,IE,introduced,Calendula officinalis,
wfo-0000079801,Ireland,IRE,IE,introduced,Tanacetum parthenium,
wfo-0000080671,Ireland,IRE,IE,introduced,Cichorium intybus,
wfo-0000091699,Ireland,IRE,IE,introduced,Tragopogon porrifolius,
wfo-0000114512,Ireland,IRE,IE,introduced,Tanacetum vulgare,
wfo-0000114677,Ireland,IRE,IE,introduced,Galinsoga quadriradiata,
wfo-0000134589,Ireland,IRE,IE,introduced,Artemisia absinthium,
wfo-0000135740,Ireland,IRE,IE,introduced,Galinsoga parviflora,
wfo-0000185371,Ireland,IRE,IE,introduced,Melilotus altissimus,
wfo-0000213469,Ireland,IRE,IE,introduced,Medicago sativa subsp. sativa,
wfo-0000213864,Ireland,IRE,IE,introduced,Melilotus officinalis,
wfo-0000222424,Ireland,IRE,IE,introduced,Lamium album,
wfo-0000224637,Ireland,IRE,IE,introduced,Leonurus cardiaca,
wfo-0000236711,Ireland,IRE,IE,introduced,Marrubium vulgare,
wfo-0000241716,Ireland,IRE,IE,introduced,Mercurialis annua,
wfo-0000301765,Ireland,IRE,IE,introduced,Salvia officinalis,
wfo-0000315321,Ireland,IRE,IE,introduced,Ballota nigra,
wfo-0000332143,Ireland,IRE,IE,introduced,Verbena officinalis,
wfo-0000355051,Ireland,IRE,IE,introduced,Juglans regia,
wfo-0000357274,Ireland,IRE,IE,introduced,Kickxia elatine,
wfo-0000364153,Ireland,IRE,IE,introduced,Laurus nobilis,
wfo-0000366385,Ireland,IRE,IE,introduced,Linum usitatissimum,
wfo-0000371898,Ireland,IRE,IE,introduced,Myrrhis odorata,
wfo-0000389564,Ireland,IRE,IE,introduced,Oenothera biennis,
wfo-0000391752,Ireland,IRE,IE,introduced,Pastinaca sativa,
wfo-0000400178,Ireland,IRE,IE,introduced,Rhododendron ponticum,
wfo-0000405161,Ireland,IRE,IE,introduced,Ribes nigrum,
wfo-0000405193,Ireland,IRE,IE,introduced,Ribes uva-crispa,
wfo-0000405218,Ireland,IRE,IE,introduced,Ribes rubrum,
wfo-0000407856,Ireland,IRE,IE,introduced,Thuja plicata,
wfo-0000410873,Ireland,IRE,IE,introduced,Thlaspi arvense,
wfo-0000416816,Ireland,IRE,IE,introduced,Ulmus procera,
wfo-0000424722,Ireland,IRE,IE,introduced,Viscum album,
wfo-0000431292,Ireland,IRE,IE,introduced,Smyrnium olusatrum,
wfo-0000434334,Ireland,IRE,IE,introduced,Scandix pecten-veneris,
wfo-0000438211,Ireland,IRE,IE,introduced,Saponaria officinalis,
wfo-0000439880,Ireland,IRE,IE,introduced,Spergula arvensis,
wfo-0000441750,Ireland,IRE,IE,introduced,Sempervivum tectorum,
wfo-0000443338,Ireland,IRE,IE,introduced,Larix decidua,
wfo-0000443374,Ireland,IRE,IE,introduced,Larix kaempferi,
wfo-0000449218,Ireland,IRE,IE,introduced,Malva neglecta,
wfo-0000456392,Ireland,IRE,IE,introduced,Tsuga heterophylla,
wfo-0000456948,Ireland,IRE,IE,introduced,Tilia platyphyllos,
wfo-0000457451,Ireland,IRE,IE,introduced,Tilia cordata,
wfo-0000462056,Ireland,IRE,IE,introduced,Reseda alba,
wfo-0000462704,Ireland,IRE,IE,introduced,Reseda luteola,
wfo-0000478194,Ireland,IRE,IE,introduced,Pseudotsuga menziesii,
wfo-0000480963,Ireland,IRE,IE,introduced,Papaver somniferum,
wfo-0000486573,Ireland,IRE,IE,introduced,Plantago media,
wfo-0000486955,Ireland,IRE,IE,introduced,Platanus ×hispanica,
wfo-0000488076,Ireland,IRE,IE,introduced,Persicaria bistorta,
wfo-0000514908,Ireland,IRE,IE,introduced,Acer pseudoplatanus,
wfo-0000517689,Ireland,IRE,IE,introduced,Aconitum napellus,
wfo-0000521573,Ireland,IRE,IE,introduced,Aegopodium podagraria,
wfo-0000522287,Ireland,IRE,IE,introduced,Aesculus hippocastanum,
wfo-0000522564,Ireland,IRE,IE,introduced,Aethusa cynapium,
wfo-0000536043,Ireland,IRE,IE,introduced,Anethum graveolens,
wfo-0000539365,Ireland,IRE,IE,introduced,Antirrhinum majus,
wfo-0000549445,Ireland,IRE,IE,introduced,Armoracia rusticana,
wfo-0000564027,Ireland,IRE,IE,introduced,Berberis vulgaris,
wfo-0000568332,Ireland,IRE,IE,introduced,Tamus communis,
wfo-0000568964,Ireland,IRE,IE,introduced,Borago officinalis,
wfo-0000571271,Ireland,IRE,IE,introduced,Brassica napus,
wfo-0000571350,Ireland,IRE,IE,introduced,Brassica oleracea,
wfo-0000571544,Ireland,IRE,IE,introduced,Brassica rapa,
wfo-0000574004,Ireland,IRE,IE,introduced,Buddleja davidii,
wfo-0000584001,Ireland,IRE,IE,introduced,Cannabis sativa,
wfo-0000588460,Ireland,IRE,IE,introduced,Carum carvi,
wfo-0000594324,Ireland,IRE,IE,introduced,Centranthus ruber,
wfo-0000599113,Ireland,IRE,IE,introduced,Chaerophyllum temulum,
wfo-0000599456,Ireland,IRE,IE,introduced,Chamaecyparis lawsoniana,
wfo-0000600195,Ireland,IRE,IE,introduced,Cheiranthus ×cheiri,
wfo-0000600655,Ireland,IRE,IE,introduced,Chelidonium majus,
wfo-0000601122,Ireland,IRE,IE,introduced,Chenopodium bonus-henricus,
wfo-0000601534,Ireland,IRE,IE,introduced,Chenopodium murale,
wfo-0000610926,Ireland,IRE,IE,introduced,Clematis vitalba,
wfo-0000632510,Ireland,IRE,IE,introduced,Cymbalaria muralis,
wfo-0000641996,Ireland,IRE,IE,introduced,Descurainia sophia,
wfo-0000664208,Ireland,IRE,IE,introduced,Hyacinthoides hispanica,
wfo-0000666485,Ireland,IRE,IE,introduced,Elodea canadensis,
wfo-0000685460,Ireland,IRE,IE,introduced,Fagopyrum esculentum,
wfo-0000685798,Ireland,IRE,IE,introduced,Fallopia japonica,
wfo-0000687690,Ireland,IRE,IE,introduced,Ficus carica,
wfo-0000691487,Ireland,IRE,IE,introduced,Foeniculum vulgare,
wfo-0000692791,Ireland,IRE,IE,introduced,Fuchsia magellanica,
wfo-0000693355,Ireland,IRE,IE,introduced,Fumaria officinalis,
wfo-0000717490,Ireland,IRE,IE,introduced,Phormium tenax,
wfo-0000720133,Ireland,IRE,IE,introduced,Heracleum mantegazzianum,
wfo-0000723743,Ireland,IRE,IE,introduced,Hippophae rhamnoides,
wfo-0000725866,Ireland,IRE,IE,introduced,Humulus lupulus,
wfo-0000732433,Ireland,IRE,IE,introduced,Isatis tinctoria,
wfo-0000745326,Ireland,IRE,IE,introduced,Petroselinum crispum,
wfo-0000764146,Ireland,IRE,IE,introduced,Convallaria majalis,
wfo-0000769366,Ireland,IRE,IE,introduced,Hydrilla verticillata,
wfo-0000783342,Ireland,IRE,IE,introduced,Iris foetidissima,
wfo-0000788487,Ireland,IRE,IE,introduced,Crocosmia ×crocosmiiflora,
wfo-0000804581,Ireland,IRE,IE,introduced,Carpinus betulus,
wfo-0000812271,Ireland,IRE,IE,introduced,Castanea sativa,
wfo-0000833292,Ireland,IRE,IE,introduced,Gunnera tinctoria,
wfo-0000856443,Ireland,IRE,IE,introduced,Bromus secalinus,
wfo-0000874893,Ireland,IRE,IE,introduced,Hordeum murinum,
wfo-0000900676,Ireland,IRE,IE,introduced,Spartina ×townsendii,
wfo-0000900681,Ireland,IRE,IE,introduced,Spartina anglica,
wfo-0000900726,Ireland,IRE,IE,introduced,Spartina maritima,
wfo-0000900745,Ireland,IRE,IE,introduced,Spartina pectinata,
wfo-0000928101,Ireland,IRE,IE,introduced,Populus deltoides,
wfo-0000928145,Ireland,IRE,IE,introduced,Populus ×canescens,
wfo-0000928384,Ireland,IRE,IE,introduced,Populus alba,
wfo-0000928469,Ireland,IRE,IE,introduced,Salix fragilis,
wfo-0000929391,Ireland,IRE,IE,introduced,Salix viminalis,
wfo-0000930752,Ireland,IRE,IE,introduced,Populus ×canadensis,
wfo-0000966507,Ireland,IRE,IE,introduced,Fagus sylvatica,
wfo-0001021374,Ireland,IRE,IE,introduced,Datura stramonium,
wfo-0001031908,Ireland,IRE,IE,introduced,Solanum tuberosum,
wfo-0001087734,Ireland,IRE,IE,introduced,Oenothera ×erythrosepala,
wfo-0000003240,Ireland,IRE,IE,native,Carduus tenuiflorus,
wfo-0000003695,Ireland,IRE,IE,native,Bidens cernua,
wfo-0000005006,Ireland,IRE,IE,native,Chamaemelum nobile,
wfo-0000005915,Ireland,IRE,IE,native,Hypochaeris glabra,
wfo-0000006870,Ireland,IRE,IE,native,Cirsium arvense,
wfo-0000008997,Ireland,IRE,IE,native,Centaurea cyanus,
wfo-0000009190,Ireland,IRE,IE,native,Arctium minus,
wfo-0000011329,Ireland,IRE,IE,native,Senecio vulgaris,
wfo-0000012754,Ireland,IRE,IE,native,Pulicaria dysenterica,
wfo-0000013010,Ireland,IRE,IE,native,Artemisia maritima,
wfo-0000013986,Ireland,IRE,IE,native,Centaurea scabiosa,
wfo-0000014783,Ireland,IRE,IE,native,Erigeron acer,
wfo-0000014883,Ireland,IRE,IE,native,Cirsium heterophyllum,
wfo-0000018147,Ireland,IRE,IE,native,Leontodon hispidus,
wfo-0000018897,Ireland,IRE,IE,native,Gnaphalium sylvaticum,
wfo-0000019900,Ireland,IRE,IE,native,Solidago virgaurea,
wfo-0000020195,Ireland,IRE,IE,native,Saussurea alpina,
wfo-0000022256,Ireland,IRE,IE,native,Scorzoneroides autumnalis,
wfo-0000027594,Ireland,IRE,IE,native,Matricaria maritima,
wfo-0000030643,Ireland,IRE,IE,native,Crepis capillaris,
wfo-0000031264,Ireland,IRE,IE,native,Sonchus asper,
wfo-0000033807,Ireland,IRE,IE,native,Achillea ptarmica,
wfo-0000035116,Ireland,IRE,IE,native,Eupatorium cannabinum,
wfo-0000035189,Ireland,IRE,IE,native,Antennaria dioica,
wfo-0000042097,Ireland,IRE,IE,native,Achillea millefolium,
wfo-0000043760,Ireland,IRE,IE,native,Cirsium palustre,
wfo-0000045336,Ireland,IRE,IE,native,Petasites hybridus,
wfo-0000057027,Ireland,IRE,IE,native,Centaurea nigra,
wfo-0000058966,Ireland,IRE,IE,native,Senecio aquaticus,
wfo-0000060791,Ireland,IRE,IE,native,Aster tripolium,
wfo-0000062154,Ireland,IRE,IE,native,Taraxacum officinale,
wfo-0000064690,Ireland,IRE,IE,native,Artemisia vulgaris,
wfo-0000068428,Ireland,IRE,IE,native,Bidens tripartita,
wfo-0000068563,Ireland,IRE,IE,native,Senecio erucifolius,
wfo-0000072578,Ireland,IRE,IE,native,Bellis perennis,
wfo-0000074809,Ireland,IRE,IE,native,Hypochaeris radicata,
wfo-0000075977,Ireland,IRE,IE,native,Senecio jacobaea,
wfo-0000079119,Ireland,IRE,IE,native,Cirsium dissectum,
wfo-0000080102,Ireland,IRE,IE,native,Hieracium umbellatum,
wfo-0000080363,Ireland,IRE,IE,native,Tragopogon pratensis,
wfo-0000081703,Ireland,IRE,IE,native,Cirsium vulgare,
wfo-0000086921,Ireland,IRE,IE,native,Lapsana communis,
wfo-0000087619,Ireland,IRE,IE,native,Inula crithmoides,
wfo-0000092611,Ireland,IRE,IE,native,Sonchus arvensis,
wfo-0000093001,Ireland,IRE,IE,native,Chrysanthemum leucanthemum,
wfo-0000093469,Ireland,IRE,IE,native,Otanthus maritimus,
wfo-0000094457,Ireland,IRE,IE,native,Senecio sylvaticus,
wfo-0000094940,Ireland,IRE,IE,native,Inula salicina,
wfo-0000095986,Ireland,IRE,IE,native,Arctium lappa,
wfo-0000114356,Ireland,IRE,IE,native,Carduus acanthoides,
wfo-0000115134,Ireland,IRE,IE,native,Pilosella officinarum,
wfo-0000117140,Ireland,IRE,IE,native,Tussilago farfara,
wfo-0000117694,Ireland,IRE,IE,native,Filago minima,
wfo-0000128517,Ireland,IRE,IE,native,Sonchus oleraceus,
wfo-0000129161,Ireland,IRE,IE,native,Crepis paludosa,
wfo-0000130120,Ireland,IRE,IE,native,Filago vulgaris,
wfo-0000130786,Ireland,IRE,IE,native,Carlina vulgaris,
wfo-0000132336,Ireland,IRE,IE,native,Leontodon taraxacoides,
wfo-0000136486,Ireland,IRE,IE,native,Filaginella uliginosa,
wfo-0000183366,Ireland,IRE,IE,native,Ononis repens,
wfo-0000205797,Ireland,IRE,IE,native,Ornithopus perpusillus,
wfo-0000212115,Ireland,IRE,IE,native,Anthyllis vulneraria,
wfo-0000212180,Ireland,IRE,IE,native,Lotus corniculatus,
wfo-0000212230,Ireland,IRE,IE,native,Lotus pedunculatus,
wfo-0000212251,Ireland,IRE,IE,native,Lotus subbiflorus,
wfo-0000212692,Ireland,IRE,IE,native,Lathyrus montanus,
wfo-0000212701,Ireland,IRE,IE,native,Lathyrus pratensis,
wfo-0000212743,Ireland,IRE,IE,native,Vicia hirsuta,
wfo-0000212745,Ireland,IRE,IE,native,Vicia lathyroides,
wfo-0000212779,Ireland,IRE,IE,native,Vicia sativa,
wfo-0000212792,Ireland,IRE,IE,native,Vicia sepium,
wfo-0000212967,Ireland,IRE,IE,native,Trifolium arvense,
wfo-0000212979,Ireland,IRE,IE,native,Trifolium campestre,
wfo-0000212995,Ireland,IRE,IE,native,Trifolium dubium,
wfo-0000213000,Ireland,IRE,IE,native,Trifolium micranthum,
wfo-0000213002,Ireland,IRE,IE,native,Trifolium fragiferum,
wfo-0000213007,Ireland,IRE,IE,native,Trifolium glomeratum,
wfo-0000213039,Ireland,IRE,IE,native,Trifolium ornithopodioides,
wfo-0000213053,Ireland,IRE,IE,native,Trifolium pratense,
wfo-0000213062,Ireland,IRE,IE,native,Trifolium repens,
wfo-0000213071,Ireland,IRE,IE,native,Trifolium scabrum,
wfo-0000213091,Ireland,IRE,IE,native,Trifolium striatum,
wfo-0000213094,Ireland,IRE,IE,native,Trifolium subterraneum,
wfo-0000213410,Ireland,IRE,IE,native,Ulex europaeus,
wfo-0000213454,Ireland,IRE,IE,native,Medicago lupulina,
wfo-0000213553,Ireland,IRE,IE,native,Astragalus danicus,
wfo-0000213711,Ireland,IRE,IE,native,Cytisus scoparius,
wfo-0000213816,Ireland,IRE,IE,native,Lathyrus palustris,
wfo-0000213979,Ireland,IRE,IE,native,Trifolium medium,
wfo-0000213987,Ireland,IRE,IE,native,Trifolium occidentale,
wfo-0000214035,Ireland,IRE,IE,native,Ulex gallii,
wfo-0000214046,Ireland,IRE,IE,native,Vicia cracca,
wfo-0000214060,Ireland,IRE,IE,native,Vicia orobus,
wfo-0000214067,Ireland,IRE,IE,native,Vicia sylvatica,
wfo-0000214134,Ireland,IRE,IE,native,Lathyrus japonicus subsp. maritimus,
wfo-0000224424,Ireland,IRE,IE,native,Lemna gibba,
wfo-0000224440,Ireland,IRE,IE,native,Lemna minor,
wfo-0000224474,Ireland,IRE,IE,native,Lemna trisulca,
wfo-0000231391,Ireland,IRE,IE,native,Lycopus europaeus,
wfo-0000240328,Ireland,IRE,IE,native,Mentha aquatica,
wfo-0000240349,Ireland,IRE,IE,native,Mentha arvensis,
wfo-0000250465,Ireland,IRE,IE,native,Neotinea maculata,
wfo-0000250516,Ireland,IRE,IE,native,Neottia cordata,
wfo-0000250588,Ireland,IRE,IE,native,Neottia nidus-avis,
wfo-0000250598,Ireland,IRE,IE,native,Neottia ovata,
wfo-0000257401,Ireland,IRE,IE,native,Ophrys apifera,
wfo-0000257965,Ireland,IRE,IE,native,Ophrys insectifera,
wfo-0000259601,Ireland,IRE,IE,native,Orchis mascula,
wfo-0000260765,Ireland,IRE,IE,native,Origanum vulgare,
wfo-0000274336,Ireland,IRE,IE,native,Platanthera bifolia,
wfo-0000274376,Ireland,IRE,IE,native,Platanthera chlorantha,
wfo-0000279961,Ireland,IRE,IE,native,Arum maculatum,
wfo-0000283746,Ireland,IRE,IE,native,Prunella vulgaris,
wfo-0000284199,Ireland,IRE,IE,native,Pseudorchis albida,
wfo-0000285663,Ireland,IRE,IE,native,Asperula cynanchica,
wfo-0000292459,Ireland,IRE,IE,native,Quercus petraea,
wfo-0000292858,Ireland,IRE,IE,native,Quercus robur,
wfo-0000298572,Ireland,IRE,IE,native,Rubia peregrina,
wfo-0000301213,Ireland,IRE,IE,native,Salvia horminioides,
wfo-0000307828,Ireland,IRE,IE,native,Scutellaria galericulata,
wfo-0000308104,Ireland,IRE,IE,native,Scutellaria minor,
wfo-0000309707,Ireland,IRE,IE,native,Sherardia arvensis,
wfo-0000313409,Ireland,IRE,IE,native,Spiranthes romanzoffiana,
wfo-0000313451,Ireland,IRE,IE,native,Spiranthes spiralis,
wfo-0000313527,Ireland,IRE,IE,native,Spirodela polyrrhiza,
wfo-0000314333,Ireland,IRE,IE,native,Stachys officinalis,
wfo-0000314357,Ireland,IRE,IE,native,Stachys palustris,
wfo-0000314658,Ireland,IRE,IE,native,Stachys sylvatica,
wfo-0000322612,Ireland,IRE,IE,native,Teucrium scordium,
wfo-0000322618,Ireland,IRE,IE,native,Teucrium scorodonia,
wfo-0000324549,Ireland,IRE,IE,native,Thymus polytrichus,
wfo-0000335449,Ireland,IRE,IE,native,Betula pendula,
wfo-0000335985,Ireland,IRE,IE,native,Betula pubescens,
wfo-0000341582,Ireland,IRE,IE,native,Blysmus rufus,
wfo-0000341695,Ireland,IRE,IE,native,Bolboschoenus maritimus,
wfo-0000344146,Ireland,IRE,IE,native,Carex acuta,
wfo-0000344202,Ireland,IRE,IE,native,Carex acutiformis,
wfo-0000344489,Ireland,IRE,IE,native,Carex appropinquata,
wfo-0000344496,Ireland,IRE,IE,native,Carex aquatilis,
wfo-0000344548,Ireland,IRE,IE,native,Carex arenaria,
wfo-0000344910,Ireland,IRE,IE,native,Carex bigelowii,
wfo-0000344934,Ireland,IRE,IE,native,Carex binervis,
wfo-0000345198,Ireland,IRE,IE,native,Carex buxbaumii,
wfo-0000345352,Ireland,IRE,IE,native,Carex caryophyllea,
wfo-0000345827,Ireland,IRE,IE,native,Carex curta,
wfo-0000345960,Ireland,IRE,IE,native,Carex demissa,
wfo-0000345971,Ireland,IRE,IE,native,Carex depauperata,
wfo-0000346001,Ireland,IRE,IE,native,Carex diandra,
wfo-0000346074,Ireland,IRE,IE,native,Carex dioica,
wfo-0000346128,Ireland,IRE,IE,native,Carex distans,
wfo-0000346149,Ireland,IRE,IE,native,Carex disticha,
wfo-0000346179,Ireland,IRE,IE,native,Carex divisa,
wfo-0000346192,Ireland,IRE,IE,native,Carex divulsa,
wfo-0000346291,Ireland,IRE,IE,native,Carex echinata,
wfo-0000346340,Ireland,IRE,IE,native,Carex elata,
wfo-0000346372,Ireland,IRE,IE,native,Carex elongata,
wfo-0000346491,Ireland,IRE,IE,native,Carex extensa,
wfo-0000346645,Ireland,IRE,IE,native,Carex flacca,
wfo-0000347452,Ireland,IRE,IE,native,Carex hirta,
wfo-0000347546,Ireland,IRE,IE,native,Carex hostiana,
wfo-0000348041,Ireland,IRE,IE,native,Carex laevigata,
wfo-0000348121,Ireland,IRE,IE,native,Carex lasiocarpa,
wfo-0000348243,Ireland,IRE,IE,native,Carex lepidocarpa,
wfo-0000348362,Ireland,IRE,IE,native,Carex limosa,
wfo-0000348649,Ireland,IRE,IE,native,Carex magellanica,
wfo-0000349072,Ireland,IRE,IE,native,Carex muricata,
wfo-0000349250,Ireland,IRE,IE,native,Carex nigra,
wfo-0000349613,Ireland,IRE,IE,native,Carex otrubae,
wfo-0000349619,Ireland,IRE,IE,native,Carex ovalis,
wfo-0000349686,Ireland,IRE,IE,native,Carex pallescens,
wfo-0000349728,Ireland,IRE,IE,native,Carex panicea,
wfo-0000349753,Ireland,IRE,IE,native,Carex paniculata,
wfo-0000349841,Ireland,IRE,IE,native,Carex pauciflora,
wfo-0000349896,Ireland,IRE,IE,native,Carex pendula,
wfo-0000350055,Ireland,IRE,IE,native,Carex pilulifera,
wfo-0000350327,Ireland,IRE,IE,native,Carex pseudocyperus,
wfo-0000350429,Ireland,IRE,IE,native,Carex pulicaris,
wfo-0000350450,Ireland,IRE,IE,native,Carex punctata,
wfo-0000350606,Ireland,IRE,IE,native,Carex remota,
wfo-0000350733,Ireland,IRE,IE,native,Acorus calamus,
wfo-0000350744,Ireland,IRE,IE,native,Carex riparia,
wfo-0000350803,Ireland,IRE,IE,native,Carex rostrata,
wfo-0000351203,Ireland,IRE,IE,native,Carex serotina,
wfo-0000351440,Ireland,IRE,IE,native,Carex spicata,
wfo-0000351662,Ireland,IRE,IE,native,Carex strigosa,
wfo-0000351794,Ireland,IRE,IE,native,Carex sylvatica,
wfo-0000352391,Ireland,IRE,IE,native,Carex vesicaria,
wfo-0000355588,Ireland,IRE,IE,native,Juniperus communis,
wfo-0000356458,Ireland,IRE,IE,native,Cladium mariscus,
wfo-0000356720,Ireland,IRE,IE,native,Knautia arvensis,
wfo-0000358278,Ireland,IRE,IE,native,Lepidium heterophyllum,
wfo-0000360010,Ireland,IRE,IE,native,Lychnis flos-cuculi,
wfo-0000361802,Ireland,IRE,IE,native,Lithospermum officinale,
wfo-0000362202,Ireland,IRE,IE,native,Ligusticum scoticum,
wfo-0000363831,Ireland,IRE,IE,native,Linum catharticum,
wfo-0000366868,Ireland,IRE,IE,native,Lythrum portula,
wfo-0000366878,Ireland,IRE,IE,native,Lythrum salicaria,
wfo-0000367818,Ireland,IRE,IE,native,Lonicera periclymenum,
wfo-0000367842,Ireland,IRE,IE,native,Myosotis arvensis,
wfo-0000368130,Ireland,IRE,IE,native,Myosotis discolor,
wfo-0000368197,Ireland,IRE,IE,native,Mertensia maritima,
wfo-0000368476,Ireland,IRE,IE,native,Myosotis laxa,
wfo-0000368563,Ireland,IRE,IE,native,Myosotis ramosissima,
wfo-0000368596,Ireland,IRE,IE,native,Myosotis scorpioides,
wfo-0000373504,Ireland,IRE,IE,native,Myriophyllum alterniflorum,
wfo-0000373555,Ireland,IRE,IE,native,Myriophyllum verticillatum,
wfo-0000373566,Ireland,IRE,IE,native,Myriophyllum spicatum,
wfo-0000374592,Ireland,IRE,IE,native,Moehringia trinervia,
wfo-0000374615,Ireland,IRE,IE,native,Minuartia verna,
wfo-0000374916,Ireland,IRE,IE,native,Minuartia recurva,
wfo-0000380295,Ireland,IRE,IE,native,Nasturtium microphyllum,
wfo-0000380323,Ireland,IRE,IE,native,Nasturtium officinale,
wfo-0000381440,Ireland,IRE,IE,native,Nymphaea alba,
wfo-0000382140,Ireland,IRE,IE,native,Nuphar lutea,
wfo-0000383734,Ireland,IRE,IE,native,Orthilia secunda,
wfo-0000384714,Ireland,IRE,IE,native,Oenanthe lachenalii,
wfo-0000385414,Ireland,IRE,IE,native,Oenanthe aquatica,
wfo-0000385427,Ireland,IRE,IE,native,Oenanthe fluviatilis,
wfo-0000385428,Ireland,IRE,IE,native,Oenanthe fistulosa,
wfo-0000385433,Ireland,IRE,IE,native,Oenanthe crocata,
wfo-0000387238,Ireland,IRE,IE,native,Oxalis acetosella,
wfo-0000387699,Ireland,IRE,IE,native,Orobanche rapum-genistae,
wfo-0000387777,Ireland,IRE,IE,native,Orobanche hederae,
wfo-0000388320,Ireland,IRE,IE,native,Oxyria digyna,
wfo-0000388655,Ireland,IRE,IE,native,Orobanche alba,
wfo-0000391166,Ireland,IRE,IE,native,Pimpinella saxifraga,
wfo-0000391450,Ireland,IRE,IE,native,Pimpinella major,
wfo-0000396086,Ireland,IRE,IE,native,Pyrola minor,
wfo-0000396088,Ireland,IRE,IE,native,Pyrola media,
wfo-0000399342,Ireland,IRE,IE,native,Rhodiola rosea,
wfo-0000399555,Ireland,IRE,IE,native,Rorippa palustris,
wfo-0000399565,Ireland,IRE,IE,native,Rorippa sylvestris,
wfo-0000399575,Ireland,IRE,IE,native,Rorippa amphibia,
wfo-0000399609,Ireland,IRE,IE,native,Rorippa islandica,
wfo-0000400090,Ireland,IRE,IE,native,Rumex tenuifolius,
wfo-0000402425,Ireland,IRE,IE,native,Raphanus raphanistrum,
wfo-0000402534,Ireland,IRE,IE,native,Eleocharis acicularis,
wfo-0000403529,Ireland,IRE,IE,native,Rumex hydrolapathum,
wfo-0000403586,Ireland,IRE,IE,native,Rumex acetosella,
wfo-0000403595,Ireland,IRE,IE,native,Rumex acetosa,
wfo-0000403640,Ireland,IRE,IE,native,Rumex conglomeratus,
wfo-0000403671,Ireland,IRE,IE,native,Rumex crispus,
wfo-0000403904,Ireland,IRE,IE,native,Rumex obtusifolius,
wfo-0000403949,Ireland,IRE,IE,native,Rumex maritimus,
wfo-0000404004,Ireland,IRE,IE,native,Rumex sanguineus,
wfo-0000405300,Ireland,IRE,IE,native,Eleocharis multicaulis,
wfo-0000405590,Ireland,IRE,IE,native,Eleocharis palustris,
wfo-0000405697,Ireland,IRE,IE,native,Eleocharis parvula,
wfo-0000405846,Ireland,IRE,IE,native,Eleocharis quinqueflora,
wfo-0000406316,Ireland,IRE,IE,native,Eleocharis uniglumis,
wfo-0000406452,Ireland,IRE,IE,native,Eleogiton fluitans,
wfo-0000406595,Ireland,IRE,IE,native,Tuberaria guttata,
wfo-0000408637,Ireland,IRE,IE,native,Taxus baccata,
wfo-0000408969,Ireland,IRE,IE,native,Eriocaulon aquaticum,
wfo-0000411015,Ireland,IRE,IE,native,Teesdalia nudicaulis,
wfo-0000411340,Ireland,IRE,IE,native,Torilis nodosa,
wfo-0000411355,Ireland,IRE,IE,native,Torilis japonica,
wfo-0000414886,Ireland,IRE,IE,native,Eriophorum angustifolium,
wfo-0000414996,Ireland,IRE,IE,native,Eriophorum gracile,
wfo-0000415025,Ireland,IRE,IE,native,Eriophorum latifolium,
wfo-0000415166,Ireland,IRE,IE,native,Eriophorum vaginatum,
wfo-0000415401,Ireland,IRE,IE,native,Umbilicus rupestris,
wfo-0000415643,Ireland,IRE,IE,native,Utricularia intermedia,
wfo-0000415721,Ireland,IRE,IE,native,Utricularia australis,
wfo-0000416616,Ireland,IRE,IE,native,Urtica dioica,
wfo-0000416717,Ireland,IRE,IE,native,Ulmus glabra,
wfo-0000417377,Ireland,IRE,IE,native,Utricularia minor,
wfo-0000419130,Ireland,IRE,IE,native,Verbascum thapsus,
wfo-0000419437,Ireland,IRE,IE,native,Veronica chamaedrys,
wfo-0000419450,Ireland,IRE,IE,native,Veronica catenata,
wfo-0000419633,Ireland,IRE,IE,native,Veronica anagallis-aquatica,
wfo-0000419753,Ireland,IRE,IE,native,Veronica arvensis,
wfo-0000419789,Ireland,IRE,IE,native,Veronica beccabunga,
wfo-0000421932,Ireland,IRE,IE,native,Vaccinium oxycoccos,
wfo-0000421966,Ireland,IRE,IE,native,Vaccinium vitis-idaea,
wfo-0000422209,Ireland,IRE,IE,native,Vaccinium myrtillus,
wfo-0000422807,Ireland,IRE,IE,native,Viburnum opulus,
wfo-0000423364,Ireland,IRE,IE,native,Viola odorata,
wfo-0000423390,Ireland,IRE,IE,native,Viola persicifolia,
wfo-0000423437,Ireland,IRE,IE,native,Viola palustris,
wfo-0000423605,Ireland,IRE,IE,native,Viola riviniana,
wfo-0000423803,Ireland,IRE,IE,native,Viola reichenbachiana,
wfo-0000423911,Ireland,IRE,IE,native,Viola hirta,
wfo-0000424130,Ireland,IRE,IE,native,Viola lactea,
wfo-0000424221,Ireland,IRE,IE,native,Viola lutea,
wfo-0000425182,Ireland,IRE,IE,native,Veronica scutellata,
wfo-0000425204,Ireland,IRE,IE,native,Veronica serpyllifolia,
wfo-0000426036,Ireland,IRE,IE,native,Veronica montana,
wfo-0000426099,Ireland,IRE,IE,native,Veronica officinalis,
wfo-0000426378,Ireland,IRE,IE,native,Valerianella locusta,
wfo-0000426538,Ireland,IRE,IE,native,Viola canina,
wfo-0000426953,Ireland,IRE,IE,native,Valeriana officinalis,
wfo-0000431539,Ireland,IRE,IE,native,Sium latifolium,
wfo-0000432078,Ireland,IRE,IE,native,Subularia aquatica,
wfo-0000435191,Ireland,IRE,IE,native,Sanicula europaea,
wfo-0000435525,Ireland,IRE,IE,native,Salicornia dolichostachya,
wfo-0000435580,Ireland,IRE,IE,native,Salicornia ramosissima,
wfo-0000435584,Ireland,IRE,IE,native,Salicornia pusilla,
wfo-0000435593,Ireland,IRE,IE,native,Salicornia perennis,
wfo-0000435635,Ireland,IRE,IE,native,Salicornia europaea,
wfo-0000435642,Ireland,IRE,IE,native,Salicornia fragilis,
wfo-0000435649,Ireland,IRE,IE,native,Salicornia nitens,
wfo-0000435928,Ireland,IRE,IE,native,Salsola kali,
wfo-0000436323,Ireland,IRE,IE,native,Stellaria holostea,
wfo-0000436325,Ireland,IRE,IE,native,Stellaria media,
wfo-0000436380,Ireland,IRE,IE,native,Stellaria graminea,
wfo-0000436420,Ireland,IRE,IE,native,Spergularia rubra,
wfo-0000436425,Ireland,IRE,IE,native,Spergularia rupicola,
wfo-0000436796,Ireland,IRE,IE,native,Stellaria palustris,
wfo-0000436807,Ireland,IRE,IE,native,Stellaria neglecta,
wfo-0000436821,Ireland,IRE,IE,native,Stellaria pallida,
wfo-0000436845,Ireland,IRE,IE,native,Stellaria uliginosa,
wfo-0000437124,Ireland,IRE,IE,native,Sedum acre,
wfo-0000437616,Ireland,IRE,IE,native,Suaeda maritima,
wfo-0000438101,Ireland,IRE,IE,native,Sedum anglicum,
wfo-0000438234,Ireland,IRE,IE,native,Sagina subulata,
wfo-0000438305,Ireland,IRE,IE,native,Silene acaulis,
wfo-0000438405,Ireland,IRE,IE,native,Sagina apetala,
wfo-0000438470,Ireland,IRE,IE,native,Sagina nodosa,
wfo-0000438492,Ireland,IRE,IE,native,Sagina procumbens,
wfo-0000438539,Ireland,IRE,IE,native,Sagina maritima,
wfo-0000439308,Ireland,IRE,IE,native,Sambucus nigra,
wfo-0000439919,Ireland,IRE,IE,native,Spergularia media,
wfo-0000439925,Ireland,IRE,IE,native,Spergularia marina,
wfo-0000440200,Ireland,IRE,IE,native,Silene vulgaris,
wfo-0000440220,Ireland,IRE,IE,native,Silene uniflora,
wfo-0000440478,Ireland,IRE,IE,native,Silene dioica,
wfo-0000441933,Ireland,IRE,IE,native,Scleranthus annuus,
wfo-0000442301,Ireland,IRE,IE,native,Lysimachia vulgaris,
wfo-0000442790,Ireland,IRE,IE,native,Lysimachia nemorum,
wfo-0000442792,Ireland,IRE,IE,native,Lysimachia nummularia,
wfo-0000443684,Ireland,IRE,IE,native,Lavatera arborea,
wfo-0000444050,Ireland,IRE,IE,native,Limonium recurvum,
wfo-0000444287,Ireland,IRE,IE,native,Limonium procerum,
wfo-0000444443,Ireland,IRE,IE,native,Littorella uniflora,
wfo-0000444478,Ireland,IRE,IE,native,Limonium binervosum,
wfo-0000444756,Ireland,IRE,IE,native,Limonium humile,
wfo-0000445615,Ireland,IRE,IE,native,Lathraea squamaria,
wfo-0000445870,Ireland,IRE,IE,native,Limosella aquatica,
wfo-0000447393,Ireland,IRE,IE,native,Myrica gale,
wfo-0000448337,Ireland,IRE,IE,native,Isolepis cernua,
wfo-0000448646,Ireland,IRE,IE,native,Meconopsis cambrica,
wfo-0000450321,Ireland,IRE,IE,native,Isolepis setacea,
wfo-0000450682,Ireland,IRE,IE,native,Menyanthes trifoliata,
wfo-0000452390,Ireland,IRE,IE,native,Montia fontana,
wfo-0000453930,Ireland,IRE,IE,native,Thalictrum minus,
wfo-0000454062,Ireland,IRE,IE,native,Thalictrum flavum,
wfo-0000455242,Ireland,IRE,IE,native,Trollius europaeus,
wfo-0000456250,Ireland,IRE,IE,native,Thalictrum alpinum,
wfo-0000460239,Ireland,IRE,IE,native,Rhamnus cathartica,
wfo-0000460503,Ireland,IRE,IE,native,Ranunculus fluitans,
wfo-0000460525,Ireland,IRE,IE,native,Ranunculus flammula,
wfo-0000460611,Ireland,IRE,IE,native,Ranunculus circinatus,
wfo-0000461100,Ireland,IRE,IE,native,Ranunculus hederaceus,
wfo-0000461139,Ireland,IRE,IE,native,Ranunculus aquatilis,
wfo-0000461317,Ireland,IRE,IE,native,Ranunculus auricomus,
wfo-0000461396,Ireland,IRE,IE,native,Ranunculus acris,
wfo-0000461462,Ireland,IRE,IE,native,Ranunculus tripartitus,
wfo-0000461562,Ireland,IRE,IE,native,Ranunculus bulbosus,
wfo-0000461601,Ireland,IRE,IE,native,Ranunculus baudotii,
wfo-0000462949,Ireland,IRE,IE,native,Ranunculus omiophyllus,
wfo-0000463023,Ireland,IRE,IE,native,Ranunculus lingua,
wfo-0000463198,Ireland,IRE,IE,native,Ranunculus repens,
wfo-0000463300,Ireland,IRE,IE,native,Ranunculus sceleratus,
wfo-0000463389,Ireland,IRE,IE,native,Ranunculus peltatus,
wfo-0000463394,Ireland,IRE,IE,native,Ranunculus penicillatus,
wfo-0000469090,Ireland,IRE,IE,native,Pinguicula vulgaris,
wfo-0000469194,Ireland,IRE,IE,native,Pinguicula lusitanica,
wfo-0000469205,Ireland,IRE,IE,native,Pinguicula grandiflora,
wfo-0000470843,Ireland,IRE,IE,native,Pedicularis palustris,
wfo-0000473199,Ireland,IRE,IE,native,Parietaria judaica,
wfo-0000475239,Ireland,IRE,IE,native,Pedicularis sylvatica,
wfo-0000479955,Ireland,IRE,IE,native,Parnassia palustris,
wfo-0000481648,Ireland,IRE,IE,native,Pinus sylvestris,
wfo-0000482741,Ireland,IRE,IE,native,Primula veris,
wfo-0000482762,Ireland,IRE,IE,native,Primula vulgaris,
wfo-0000486544,Ireland,IRE,IE,native,Plantago major,
wfo-0000486561,Ireland,IRE,IE,native,Plantago maritima,
wfo-0000486603,Ireland,IRE,IE,native,Plantago lanceolata,
wfo-0000487725,Ireland,IRE,IE,native,Plantago coronopus,
wfo-0000488056,Ireland,IRE,IE,native,Persicaria amphibia,
wfo-0000488110,Ireland,IRE,IE,native,Polygala vulgaris,
wfo-0000488244,Ireland,IRE,IE,native,Persicaria vivipara,
wfo-0000488339,Ireland,IRE,IE,native,Polygonum arenastrum,
wfo-0000488426,Ireland,IRE,IE,native,Persicaria hydropiper,
wfo-0000488462,Ireland,IRE,IE,native,Persicaria maculosa,
wfo-0000488490,Ireland,IRE,IE,native,Persicaria minor,
wfo-0000488872,Ireland,IRE,IE,native,Polygala serpyllifolia,
wfo-0000489656,Ireland,IRE,IE,native,Polygonum aviculare,
wfo-0000489807,Ireland,IRE,IE,native,Polygonum maritimum,
wfo-0000493622,Ireland,IRE,IE,native,Saxifraga oppositifolia,
wfo-0000493641,Ireland,IRE,IE,native,Saxifraga hartii,
wfo-0000493648,Ireland,IRE,IE,native,Saxifraga nivalis,
wfo-0000493868,Ireland,IRE,IE,native,Saxifraga aizoides,
wfo-0000493941,Ireland,IRE,IE,native,Saxifraga hirculus,
wfo-0000493954,Ireland,IRE,IE,native,Saxifraga hirsuta,
wfo-0000494294,Ireland,IRE,IE,native,Saxifraga hypnoides,
wfo-0000494585,Ireland,IRE,IE,native,Saxifraga tridactylites,
wfo-0000494784,Ireland,IRE,IE,native,Saxifraga stellaris,
wfo-0000494790,Ireland,IRE,IE,native,Saxifraga spathularis,
wfo-0000494799,Ireland,IRE,IE,native,Saxifraga rosacea,
wfo-0000494893,Ireland,IRE,IE,native,Saxifraga granulata,
wfo-0000495164,Ireland,IRE,IE,native,Sibthorpia europaea,
wfo-0000495559,Ireland,IRE,IE,native,Scrophularia auriculata,
wfo-0000496178,Ireland,IRE,IE,native,Scrophularia umbrosa,
wfo-0000496317,Ireland,IRE,IE,native,Scrophularia nodosa,
wfo-0000500443,Ireland,IRE,IE,native,Succisa pratensis,
wfo-0000503444,Ireland,IRE,IE,native,Samolus valerandi,
wfo-0000513576,Ireland,IRE,IE,native,Rhynchospora alba,
wfo-0000516673,Ireland,IRE,IE,native,Rhynchospora fusca,
wfo-0000521309,Ireland,IRE,IE,native,Adoxa moschatellina,
wfo-0000526081,Ireland,IRE,IE,native,Alliaria petiolata,
wfo-0000527292,Ireland,IRE,IE,native,Schoenoplectus lacustris,
wfo-0000528476,Ireland,IRE,IE,native,Schoenoplectus triqueter,
wfo-0000531591,Ireland,IRE,IE,native,Schoenus nigricans,
wfo-0000533162,Ireland,IRE,IE,native,Anagallis arvensis,
wfo-0000533245,Ireland,IRE,IE,native,Anagallis minima,
wfo-0000533303,Ireland,IRE,IE,native,Anagallis tenella,
wfo-0000534279,Ireland,IRE,IE,native,Andromeda polifolia,
wfo-0000535569,Ireland,IRE,IE,native,Anemone nemorosa,
wfo-0000536413,Ireland,IRE,IE,native,Angelica sylvestris,
wfo-0000538624,Ireland,IRE,IE,native,Anthriscus caucalis,
wfo-0000538692,Ireland,IRE,IE,native,Anthriscus sylvestris,
wfo-0000540626,Ireland,IRE,IE,native,Apium graveolens,
wfo-0000540643,Ireland,IRE,IE,native,Apium inundatum,
wfo-0000540680,Ireland,IRE,IE,native,Apium nodiflorum,
wfo-0000541830,Ireland,IRE,IE,native,Arabidopsis thaliana,
wfo-0000542001,Ireland,IRE,IE,native,Arabis brownii,
wfo-0000542280,Ireland,IRE,IE,native,Arabis hirsuta,
wfo-0000542657,Ireland,IRE,IE,native,Arabis petraea,
wfo-0000543204,Ireland,IRE,IE,native,Arbutus unedo,
wfo-0000543738,Ireland,IRE,IE,native,Arctostaphylos uva-ursi,
wfo-0000545685,Ireland,IRE,IE,native,Arenaria ciliata,
wfo-0000546234,Ireland,IRE,IE,native,Scirpus sylvaticus,
wfo-0000546335,Ireland,IRE,IE,native,Arenaria norvegica,
wfo-0000546651,Ireland,IRE,IE,native,Arenaria serpyllifolia,
wfo-0000549005,Ireland,IRE,IE,native,Armeria maritima,
wfo-0000553786,Ireland,IRE,IE,native,Sparganium angustifolium,
wfo-0000553858,Ireland,IRE,IE,native,Sparganium emersum,
wfo-0000554001,Ireland,IRE,IE,native,Sparganium minimum,
wfo-0000556064,Ireland,IRE,IE,native,Atriplex glabriuscula,
wfo-0000556184,Ireland,IRE,IE,native,Atriplex laciniata,
wfo-0000556238,Ireland,IRE,IE,native,Atriplex littoralis,
wfo-0000556490,Ireland,IRE,IE,native,Atriplex prostrata,
wfo-0000560064,Ireland,IRE,IE,native,Barbarea vulgaris,
wfo-0000564539,Ireland,IRE,IE,native,Berula erecta,
wfo-0000565017,Ireland,IRE,IE,native,Beta vulgaris subsp. maritima,
wfo-0000566247,Ireland,IRE,IE,native,Blackstonia perfoliata,
wfo-0000578725,Ireland,IRE,IE,native,Cakile maritima,
wfo-0000580837,Ireland,IRE,IE,native,Calluna vulgaris,
wfo-0000581660,Ireland,IRE,IE,native,Caltha palustris,
wfo-0000586435,Ireland,IRE,IE,native,Cardamine amara,
wfo-0000586792,Ireland,IRE,IE,native,Cardamine flexuosa,
wfo-0000586924,Ireland,IRE,IE,native,Cardamine hirsuta,
wfo-0000586999,Ireland,IRE,IE,native,Cardamine impatiens,
wfo-0000587355,Ireland,IRE,IE,native,Cardamine pratensis,
wfo-0000588692,Ireland,IRE,IE,native,Carum verticillatum,
wfo-0000591767,Ireland,IRE,IE,native,Trichophorum cespitosum,
wfo-0000593916,Ireland,IRE,IE,native,Centaurium erythraea,
wfo-0000593969,Ireland,IRE,IE,native,Centaurium littorale,
wfo-0000594018,Ireland,IRE,IE,native,Centaurium pulchellum,
wfo-0000594497,Ireland,IRE,IE,native,Typha angustifolia,
wfo-0000595158,Ireland,IRE,IE,native,Cerastium arvense,
wfo-0000595260,Ireland,IRE,IE,native,Typha latifolia,
wfo-0000595487,Ireland,IRE,IE,native,Cerastium diffusum,
wfo-0000595550,Ireland,IRE,IE,native,Cerastium fontanum,
wfo-0000595603,Ireland,IRE,IE,native,Cerastium glomeratum,
wfo-0000596122,Ireland,IRE,IE,native,Cerastium semidecandrum,
wfo-0000596336,Ireland,IRE,IE,native,Ceratocapnos claviculata,
wfo-0000600897,Ireland,IRE,IE,native,Chenopodium album,
wfo-0000601735,Ireland,IRE,IE,native,Chenopodium rubrum,
wfo-0000604047,Ireland,IRE,IE,native,Chrysosplenium oppositifolium,
wfo-0000604347,Ireland,IRE,IE,native,Cicendia filiformis,
wfo-0000604532,Ireland,IRE,IE,native,Cicuta virosa,
wfo-0000605650,Ireland,IRE,IE,native,Circaea ×intermedia,
wfo-0000605657,Ireland,IRE,IE,native,Circaea lutetiana,
wfo-0000613694,Ireland,IRE,IE,native,Cochlearia anglica,
wfo-0000613735,Ireland,IRE,IE,native,Cochlearia danica,
wfo-0000613801,Ireland,IRE,IE,native,Cochlearia officinalis,
wfo-0000619241,Ireland,IRE,IE,native,Conopodium majus,
wfo-0000624606,Ireland,IRE,IE,native,Crambe maritima,
wfo-0000634067,Ireland,IRE,IE,native,Asparagus officinalis subsp. prostratus,
wfo-0000634152,Ireland,IRE,IE,native,Cynoglossum officinale,
wfo-0000636619,Ireland,IRE,IE,native,Daboecia cantabrica,
wfo-0000638442,Ireland,IRE,IE,native,Daucus carota,
wfo-0000643086,Ireland,IRE,IE,native,Dianthus armeria,
wfo-0000647394,Ireland,IRE,IE,native,Digitalis purpurea,
wfo-0000655499,Ireland,IRE,IE,native,Draba incana,
wfo-0000663145,Ireland,IRE,IE,native,Echium vulgare,
wfo-0000664295,Ireland,IRE,IE,native,Hyacinthoides non-scripta,
wfo-0000665329,Ireland,IRE,IE,native,Elatine hexandra,
wfo-0000665333,Ireland,IRE,IE,native,Elatine hydropiper,
wfo-0000667231,Ireland,IRE,IE,native,Empetrum nigrum,
wfo-0000668718,Ireland,IRE,IE,native,Epilobium alsinifolium,
wfo-0000668750,Ireland,IRE,IE,native,Epilobium angustifolium,
wfo-0000669196,Ireland,IRE,IE,native,Epilobium hirsutum,
wfo-0000669421,Ireland,IRE,IE,native,Epilobium montanum,
wfo-0000669499,Ireland,IRE,IE,native,Epilobium obscurum,
wfo-0000669541,Ireland,IRE,IE,native,Epilobium palustre,
wfo-0000669577,Ireland,IRE,IE,native,Epilobium parviflorum,
wfo-0000671681,Ireland,IRE,IE,native,Erica cinerea,
wfo-0000672530,Ireland,IRE,IE,native,Erica mackayana,
wfo-0000673399,Ireland,IRE,IE,native,Erica tetralix,
wfo-0000676799,Ireland,IRE,IE,native,Erodium cicutarium,
wfo-0000676969,Ireland,IRE,IE,native,Erodium maritimum,
wfo-0000677261,Ireland,IRE,IE,native,Erophila verna,
wfo-0000678057,Ireland,IRE,IE,native,Eryngium maritimum,
wfo-0000681728,Ireland,IRE,IE,native,Euonymus europaeus,
wfo-0000682339,Ireland,IRE,IE,native,Euphrasia confusa,
wfo-0000682538,Ireland,IRE,IE,native,Euphrasia officinalis,
wfo-0000687184,Ireland,IRE,IE,native,Ficaria verna,
wfo-0000691852,Ireland,IRE,IE,native,Frangula alnus,
wfo-0000698901,Ireland,IRE,IE,native,Gentiana verna,
wfo-0000699019,Ireland,IRE,IE,native,Gentianella amarella,
wfo-0000699114,Ireland,IRE,IE,native,Gentianella campestris,
wfo-0000700265,Ireland,IRE,IE,native,Geranium columbinum,
wfo-0000700774,Ireland,IRE,IE,native,Geranium lucidum,
wfo-0000700868,Ireland,IRE,IE,native,Geranium molle,
wfo-0000701154,Ireland,IRE,IE,native,Geranium purpureum,
wfo-0000701246,Ireland,IRE,IE,native,Geranium robertianum,
wfo-0000701258,Ireland,IRE,IE,native,Geranium rotundifolium,
wfo-0000701279,Ireland,IRE,IE,native,Geranium sanguineum,
wfo-0000701352,Ireland,IRE,IE,native,Narthecium ossifragum,
wfo-0000701427,Ireland,IRE,IE,native,Geranium sylvaticum,
wfo-0000703573,Ireland,IRE,IE,native,Glaucium flavum,
wfo-0000703645,Ireland,IRE,IE,native,Glaux maritima,
wfo-0000714707,Ireland,IRE,IE,native,Halimione portulacoides,
wfo-0000717621,Ireland,IRE,IE,native,Helianthemum nummularium,
wfo-0000717639,Ireland,IRE,IE,native,Helianthemum oelandicum subsp. piloselloides,
wfo-0000720220,Ireland,IRE,IE,native,Heracleum sphondylium,
wfo-0000723768,Ireland,IRE,IE,native,Hippuris vulgaris,
wfo-0000724435,Ireland,IRE,IE,native,Honckenya peploides,
wfo-0000726631,Ireland,IRE,IE,native,Hydrocotyle vulgaris,
wfo-0000727341,Ireland,IRE,IE,native,Hypericum androsaemum,
wfo-0000727591,Ireland,IRE,IE,native,Hypericum elodes,
wfo-0000727753,Ireland,IRE,IE,native,Hypericum humifusum,
wfo-0000727911,Ireland,IRE,IE,native,Hypericum maculatum,
wfo-0000728093,Ireland,IRE,IE,native,Hypericum perforatum,
wfo-0000728167,Ireland,IRE,IE,native,Hypericum pulchrum,
wfo-0000728383,Ireland,IRE,IE,native,Hypericum tetrapterum,
wfo-0000728695,Ireland,IRE,IE,native,Hypopitys monotropa,
wfo-0000728869,Ireland,IRE,IE,native,Potamogeton coloratus,
wfo-0000729203,Ireland,IRE,IE,native,Ilex aquifolium,
wfo-0000733703,Ireland,IRE,IE,native,Ruppia cirrhosa,
wfo-0000733793,Ireland,IRE,IE,native,Radiola linoides,
wfo-0000734065,Ireland,IRE,IE,native,Polygonum oxyspermum subsp. raii,
wfo-0000735896,Ireland,IRE,IE,native,Raphanus raphanistrum subsp. maritimus,
wfo-0000738109,Ireland,IRE,IE,native,Sagittaria sagittifolia,
wfo-0000739080,Ireland,IRE,IE,native,Simethis mattiazzii,
wfo-0000740371,Ireland,IRE,IE,native,Scilla verna,
wfo-0000743162,Ireland,IRE,IE,native,Viola tricolor subsp. curtisii,
wfo-0000745473,Ireland,IRE,IE,native,Pyrola rotundifolia subsp. maritima,
wfo-0000745541,Ireland,IRE,IE,native,Myosotis secunda,
wfo-0000747233,Ireland,IRE,IE,native,Rhinanthus minor,
wfo-0000748047,Ireland,IRE,IE,native,Equisetum hyemale,
wfo-0000752882,Ireland,IRE,IE,native,Potamogeton obtusifolius,
wfo-0000755439,Ireland,IRE,IE,native,Alisma lanceolatum,
wfo-0000755470,Ireland,IRE,IE,native,Alisma plantago-aquatica,
wfo-0000757676,Ireland,IRE,IE,native,Allium ursinum,
wfo-0000757711,Ireland,IRE,IE,native,Allium vineale,
wfo-0000761108,Ireland,IRE,IE,native,Baldellia ranunculoides,
wfo-0000762573,Ireland,IRE,IE,native,Butomus umbellatus,
wfo-0000763824,Ireland,IRE,IE,native,Colchicum autumnale,
wfo-0000769381,Ireland,IRE,IE,native,Hydrocharis morsus-ranae,
wfo-0000769481,Ireland,IRE,IE,native,Najas flexilis,
wfo-0000769725,Ireland,IRE,IE,native,Potamogeton alpinus,
wfo-0000769744,Ireland,IRE,IE,native,Potamogeton berchtoldii,
wfo-0000769780,Ireland,IRE,IE,native,Potamogeton crispus,
wfo-0000769815,Ireland,IRE,IE,native,Potamogeton filiformis,
wfo-0000769826,Ireland,IRE,IE,native,Potamogeton friesii,
wfo-0000769833,Ireland,IRE,IE,native,Potamogeton gramineus,
wfo-0000769883,Ireland,IRE,IE,native,Potamogeton lucens,
wfo-0000769905,Ireland,IRE,IE,native,Potamogeton natans,
wfo-0000769943,Ireland,IRE,IE,native,Potamogeton pectinatus,
wfo-0000769945,Ireland,IRE,IE,native,Potamogeton perfoliatus,
wfo-0000769953,Ireland,IRE,IE,native,Potamogeton polygonifolius,
wfo-0000769956,Ireland,IRE,IE,native,Potamogeton praelongus,
wfo-0000769966,Ireland,IRE,IE,native,Potamogeton pusillus,
wfo-0000770081,Ireland,IRE,IE,native,Ruppia maritima,
wfo-0000770185,Ireland,IRE,IE,native,Triglochin maritima,
wfo-0000770196,Ireland,IRE,IE,native,Triglochin palustris,
wfo-0000770293,Ireland,IRE,IE,native,Zannichellia palustris,
wfo-0000770309,Ireland,IRE,IE,native,Zostera angustifolia,
wfo-0000770315,Ireland,IRE,IE,native,Zostera marina,
wfo-0000770324,Ireland,IRE,IE,native,Zostera noltii,
wfo-0000771226,Ireland,IRE,IE,native,Groenlandia densa,
wfo-0000775706,Ireland,IRE,IE,native,Juncus acutiflorus,
wfo-0000775729,Ireland,IRE,IE,native,Juncus acutus,
wfo-0000775879,Ireland,IRE,IE,native,Juncus articulatus,
wfo-0000776030,Ireland,IRE,IE,native,Juncus bufonius,
wfo-0000776091,Ireland,IRE,IE,native,Juncus bulbosus,
wfo-0000776253,Ireland,IRE,IE,native,Juncus conglomeratus,
wfo-0000776350,Ireland,IRE,IE,native,Juncus effusus,
wfo-0000776471,Ireland,IRE,IE,native,Juncus foliosus,
wfo-0000776498,Ireland,IRE,IE,native,Juncus gerardii,
wfo-0000776625,Ireland,IRE,IE,native,Juncus inflexus,
wfo-0000776856,Ireland,IRE,IE,native,Juncus maritimus,
wfo-0000776917,Ireland,IRE,IE,native,Callitriche brutia,
wfo-0000777150,Ireland,IRE,IE,native,Juncus ranarius,
wfo-0000777271,Ireland,IRE,IE,native,Juncus squarrosus,
wfo-0000777313,Ireland,IRE,IE,native,Juncus subnodulosus,
wfo-0000777349,Ireland,IRE,IE,native,Callitriche hamulata,
wfo-0000777394,Ireland,IRE,IE,native,Callitriche hermaphroditica,
wfo-0000777662,Ireland,IRE,IE,native,Luzula campestris,
wfo-0000777853,Ireland,IRE,IE,native,Callitriche obtusangula,
wfo-0000777930,Ireland,IRE,IE,native,Luzula multiflora,
wfo-0000778058,Ireland,IRE,IE,native,Luzula pilosa,
wfo-0000778106,Ireland,IRE,IE,native,Callitriche platycarpa,
wfo-0000778183,Ireland,IRE,IE,native,Luzula sylvatica,
wfo-0000778440,Ireland,IRE,IE,native,Callitriche truncata,
wfo-0000783754,Ireland,IRE,IE,native,Iris pseudacorus,
wfo-0000787661,Ireland,IRE,IE,native,Sisyrinchium bermudiana,
wfo-0000813712,Ireland,IRE,IE,native,Jasione montana,
wfo-0000815533,Ireland,IRE,IE,native,Lobelia dortmanna,
wfo-0000815984,Ireland,IRE,IE,native,Ligustrum vulgare,
wfo-0000819828,Ireland,IRE,IE,native,Wahlenbergia hederacea,
wfo-0000828550,Ireland,IRE,IE,native,Campanula rotundifolia,
wfo-0000829176,Ireland,IRE,IE,native,Campanula trachelium,
wfo-0000829212,Ireland,IRE,IE,native,Cephalanthera longifolia,
wfo-0000831785,Ireland,IRE,IE,native,Ceratophyllum demersum,
wfo-0000832453,Ireland,IRE,IE,native,Fraxinus excelsior,
wfo-0000841743,Ireland,IRE,IE,native,Agrostis capillaris,
wfo-0000843382,Ireland,IRE,IE,native,Agrostis canina,
wfo-0000844489,Ireland,IRE,IE,native,Agrostis stolonifera,
wfo-0000844922,Ireland,IRE,IE,native,Aira caryophyllea,
wfo-0000845169,Ireland,IRE,IE,native,Aira praecox,
wfo-0000845386,Ireland,IRE,IE,native,Alopecurus aequalis,
wfo-0000845537,Ireland,IRE,IE,native,Alopecurus geniculatus,
wfo-0000845657,Ireland,IRE,IE,native,Alopecurus pratensis,
wfo-0000845777,Ireland,IRE,IE,native,Ammophila arenaria,
wfo-0000848178,Ireland,IRE,IE,native,Anthoxanthum odoratum,
wfo-0000849608,Ireland,IRE,IE,native,Arrhenatherum elatius,
wfo-0000852708,Ireland,IRE,IE,native,Avenula pubescens,
wfo-0000854513,Ireland,IRE,IE,native,Brachypodium pinnatum,
wfo-0000854603,Ireland,IRE,IE,native,Brachypodium sylvaticum,
wfo-0000854755,Ireland,IRE,IE,native,Briza media,
wfo-0000854979,Ireland,IRE,IE,native,Bromopsis erecta,
wfo-0000855067,Ireland,IRE,IE,native,Bromopsis ramosa,
wfo-0000855398,Ireland,IRE,IE,native,Bromus commutatus,
wfo-0000855692,Ireland,IRE,IE,native,Bromus hordeaceus,
wfo-0000857259,Ireland,IRE,IE,native,Calamagrostis epigejos,
wfo-0000858042,Ireland,IRE,IE,native,Calamagrostis stricta,
wfo-0000858385,Ireland,IRE,IE,native,Catabrosa aquatica,
wfo-0000858498,Ireland,IRE,IE,native,Catapodium marinum,
wfo-0000858509,Ireland,IRE,IE,native,Catapodium rigidum,
wfo-0000861316,Ireland,IRE,IE,native,Cynosurus cristatus,
wfo-0000861498,Ireland,IRE,IE,native,Dactylis glomerata,
wfo-0000861886,Ireland,IRE,IE,native,Danthonia decumbens,
wfo-0000862467,Ireland,IRE,IE,native,Deschampsia cespitosa,
wfo-0000862476,Ireland,IRE,IE,native,Deschampsia cespitosa subsp. alpina,
wfo-0000862584,Ireland,IRE,IE,native,Deschampsia flexuosa,
wfo-0000862717,Ireland,IRE,IE,native,Deschampsia setacea,
wfo-0000866095,Ireland,IRE,IE,native,Elymus caninus,
wfo-0000866924,Ireland,IRE,IE,native,Elytrigia atherica,
wfo-0000866998,Ireland,IRE,IE,native,Elytrigia juncea,
wfo-0000867052,Ireland,IRE,IE,native,Elytrigia repens,
wfo-0000869734,Ireland,IRE,IE,native,Festuca altissima,
wfo-0000869819,Ireland,IRE,IE,native,Festuca arundinacea,
wfo-0000870561,Ireland,IRE,IE,native,Festuca gigantea,
wfo-0000871222,Ireland,IRE,IE,native,Festuca ovina,
wfo-0000871673,Ireland,IRE,IE,native,Festuca pratensis,
wfo-0000871854,Ireland,IRE,IE,native,Festuca rubra,
wfo-0000872559,Ireland,IRE,IE,native,Festuca vivipara,
wfo-0000873155,Ireland,IRE,IE,native,Glyceria declinata,
wfo-0000873191,Ireland,IRE,IE,native,Glyceria fluitans,
wfo-0000873262,Ireland,IRE,IE,native,Glyceria maxima,
wfo-0000873319,Ireland,IRE,IE,native,Glyceria plicata,
wfo-0000874338,Ireland,IRE,IE,native,Hierochloe odorata,
wfo-0000874509,Ireland,IRE,IE,native,Holcus lanatus,
wfo-0000874519,Ireland,IRE,IE,native,Holcus mollis,
wfo-0000874994,Ireland,IRE,IE,native,Hordeum secalinum,
wfo-0000877153,Ireland,IRE,IE,native,Koeleria macrantha,
wfo-0000878157,Ireland,IRE,IE,native,Leymus arenarius,
wfo-0000878441,Ireland,IRE,IE,native,Lolium perenne,
wfo-0000879476,Ireland,IRE,IE,native,Melica uniflora,
wfo-0000879833,Ireland,IRE,IE,native,Mibora minima,
wfo-0000880073,Ireland,IRE,IE,native,Milium effusum,
wfo-0000880418,Ireland,IRE,IE,native,Molinia caerulea,
wfo-0000881131,Ireland,IRE,IE,native,Nardus stricta,
wfo-0000887099,Ireland,IRE,IE,native,Parapholis incurva,
wfo-0000887104,Ireland,IRE,IE,native,Parapholis strigosa,
wfo-0000889610,Ireland,IRE,IE,native,Phalaris arundinacea,
wfo-0000889970,Ireland,IRE,IE,native,Phleum arenarium,
wfo-0000890092,Ireland,IRE,IE,native,Phleum pratense,
wfo-0000890172,Ireland,IRE,IE,native,Phragmites australis,
wfo-0000890759,Ireland,IRE,IE,native,Clinopodium ascendens,
wfo-0000891425,Ireland,IRE,IE,native,Poa alpina,
wfo-0000891536,Ireland,IRE,IE,native,Poa annua,
wfo-0000893396,Ireland,IRE,IE,native,Poa pratensis,
wfo-0000893956,Ireland,IRE,IE,native,Poa subcaerulea,
wfo-0000894135,Ireland,IRE,IE,native,Poa trivialis,
wfo-0000895236,Ireland,IRE,IE,native,Puccinellia distans,
wfo-0000895268,Ireland,IRE,IE,native,Puccinellia fasciculata,
wfo-0000895389,Ireland,IRE,IE,native,Puccinellia maritima,
wfo-0000898775,Ireland,IRE,IE,native,Sesleria caerulea,
wfo-0000905119,Ireland,IRE,IE,native,Trisetum flavescens,
wfo-0000906556,Ireland,IRE,IE,native,Coeloglossum viride,
wfo-0000907315,Ireland,IRE,IE,native,Vulpia bromoides,
wfo-0000907351,Ireland,IRE,IE,native,Vulpia fasciculata,
wfo-0000907427,Ireland,IRE,IE,native,Vulpia myuros,
wfo-0000925259,Ireland,IRE,IE,native,Corylus avellana,
wfo-0000928205,Ireland,IRE,IE,native,Populus tremula,
wfo-0000928540,Ireland,IRE,IE,native,Salix herbacea,
wfo-0000928687,Ireland,IRE,IE,native,Salix pentandra,
wfo-0000928969,Ireland,IRE,IE,native,Salix aurita,
wfo-0000929149,Ireland,IRE,IE,native,Salix cinerea,
wfo-0000929313,Ireland,IRE,IE,native,Salix caprea,
wfo-0000930027,Ireland,IRE,IE,native,Salix phylicifolia,
wfo-0000930388,Ireland,IRE,IE,native,Salix repens,
wfo-0000934953,Ireland,IRE,IE,native,Ajuga pyramidalis,
wfo-0000935107,Ireland,IRE,IE,native,Ajuga reptans,
wfo-0000936593,Ireland,IRE,IE,native,Dactylorhiza fuchsii,
wfo-0000936635,Ireland,IRE,IE,native,Dactylorhiza incarnata,
wfo-0000936681,Ireland,IRE,IE,native,Dactylorhiza kerryensis,
wfo-0000936713,Ireland,IRE,IE,native,Dactylorhiza maculata,
wfo-0000936917,Ireland,IRE,IE,native,Dactylorhiza traunsteineri,
wfo-0000945215,Ireland,IRE,IE,native,Alnus glutinosa,
wfo-0000945816,Ireland,IRE,IE,native,Drosera anglica,
wfo-0000945976,Ireland,IRE,IE,native,Drosera intermedia,
wfo-0000946157,Ireland,IRE,IE,native,Drosera rotundifolia,
wfo-0000951956,Ireland,IRE,IE,native,Epipactis atrorubens,
wfo-0000952061,Ireland,IRE,IE,native,Epipactis helleborine,
wfo-0000952194,Ireland,IRE,IE,native,Epipactis palustris,
wfo-0000952209,Ireland,IRE,IE,native,Epipactis phyllanthes,
wfo-0000962639,Ireland,IRE,IE,native,Euphorbia hyberna,
wfo-0000963826,Ireland,IRE,IE,native,Euphorbia paralias,
wfo-0000968296,Ireland,IRE,IE,native,Galium aparine,
wfo-0000968464,Ireland,IRE,IE,native,Galium boreale,
wfo-0000968477,Ireland,IRE,IE,native,Anacamptis morio,
wfo-0000968551,Ireland,IRE,IE,native,Anacamptis pyramidalis,
wfo-0000969693,Ireland,IRE,IE,native,Galium odoratum,
wfo-0000969740,Ireland,IRE,IE,native,Galium palustre,
wfo-0000970124,Ireland,IRE,IE,native,Galium saxatile,
wfo-0000970264,Ireland,IRE,IE,native,Galium sterneri,
wfo-0000970490,Ireland,IRE,IE,native,Galium uliginosum,
wfo-0000970562,Ireland,IRE,IE,native,Galium verum,
wfo-0000972872,Ireland,IRE,IE,native,Glechoma hederacea,
wfo-0000976561,Ireland,IRE,IE,native,Gymnadenia conopsea,
wfo-0000979153,Ireland,IRE,IE,native,Hammarbya paludosa,
wfo-0000979730,Ireland,IRE,IE,native,Hedera helix,
wfo-0000983287,Ireland,IRE,IE,native,Sanguisorba officinalis,
wfo-0000983427,Ireland,IRE,IE,native,Filipendula ulmaria,
wfo-0000984092,Ireland,IRE,IE,native,Alchemilla glabra,
wfo-0000984236,Ireland,IRE,IE,native,Rosa micrantha,
wfo-0000985078,Ireland,IRE,IE,native,Alchemilla xanthochlora,
wfo-0000985679,Ireland,IRE,IE,native,Comarum palustre,
wfo-0000985720,Ireland,IRE,IE,native,Sorbus rupicola,
wfo-0000985731,Ireland,IRE,IE,native,Rosa agrestis,
wfo-0000986187,Ireland,IRE,IE,native,Alchemilla filicaulis,
wfo-0000987238,Ireland,IRE,IE,native,Potentilla fruticosa,
wfo-0000988128,Ireland,IRE,IE,native,Potentilla sterilis,
wfo-0000991038,Ireland,IRE,IE,native,Potentilla reptans,
wfo-0000993770,Ireland,IRE,IE,native,Fragaria vesca,
wfo-0000994255,Ireland,IRE,IE,native,Rosa tomentosa,
wfo-0000994356,Ireland,IRE,IE,native,Rubus idaeus,
wfo-0000996365,Ireland,IRE,IE,native,Dryas octopetala,
wfo-0000998050,Ireland,IRE,IE,native,Alchemilla alpina,
wfo-0000998132,Ireland,IRE,IE,native,Rosa mollis,
wfo-0000998709,Ireland,IRE,IE,native,Sorbus aucuparia,
wfo-0000999868,Ireland,IRE,IE,native,Alchemilla glaucescens,
wfo-0001001132,Ireland,IRE,IE,native,Rubus chamaemorus,
wfo-0001002631,Ireland,IRE,IE,native,Rosa stylosa,
wfo-0001002693,Ireland,IRE,IE,native,Geum urbanum,
wfo-0001003065,Ireland,IRE,IE,native,Aphanes arvensis,
wfo-0001004152,Ireland,IRE,IE,native,Geum rivale,
wfo-0001004321,Ireland,IRE,IE,native,Rosa rubiginosa,
wfo-0001004521,Ireland,IRE,IE,native,Rosa arvensis,
wfo-0001004690,Ireland,IRE,IE,native,Potentilla erecta,
wfo-0001004881,Ireland,IRE,IE,native,Rubus fruticosus,
wfo-0001005630,Ireland,IRE,IE,native,Prunus avium,
wfo-0001006000,Ireland,IRE,IE,native,Agrimonia procera,
wfo-0001006654,Ireland,IRE,IE,native,Agrimonia eupatoria,
wfo-0001006731,Ireland,IRE,IE,native,Prunus padus,
wfo-0001006828,Ireland,IRE,IE,native,Rosa sherardii,
wfo-0001007404,Ireland,IRE,IE,native,Rubus caesius,
wfo-0001007437,Ireland,IRE,IE,native,Prunus spinosa,
wfo-0001008670,Ireland,IRE,IE,native,Rosa pimpinellifolia,
wfo-0001009199,Ireland,IRE,IE,native,Aphanes australis,
wfo-0001009356,Ireland,IRE,IE,native,Rosa caesia,
wfo-0001009785,Ireland,IRE,IE,native,Crataegus monogyna,
wfo-0001011707,Ireland,IRE,IE,native,Rosa canina,
wfo-0001013445,Ireland,IRE,IE,native,Alchemilla vulgaris,
wfo-0001014237,Ireland,IRE,IE,native,Sorbus scannelliana,
wfo-0001015888,Ireland,IRE,IE,native,Sanguisorba minor,
wfo-0001016086,Ireland,IRE,IE,native,Sorbus hibernica,
wfo-0001016281,Ireland,IRE,IE,native,Sorbus devoniensis,
wfo-0001016374,Ireland,IRE,IE,native,Rubus saxatilis,
wfo-0001016475,Ireland,IRE,IE,native,Malus sylvestris,
wfo-0001016615,Ireland,IRE,IE,native,Potentilla anserina,
wfo-0001016729,Ireland,IRE,IE,native,Sorbus anglica,
wfo-0001017376,Ireland,IRE,IE,native,Potentilla anglica,
wfo-0001018829,Ireland,IRE,IE,native,Rosa obtusifolia,
wfo-0001021850,Ireland,IRE,IE,native,Hyoscyamus niger,
wfo-0001027661,Ireland,IRE,IE,native,Solanum dulcamara,
wfo-0001034529,Ireland,IRE,IE,native,Euphrasia pseudokerneri,
wfo-0001068458,Ireland,IRE,IE,native,Crithmum maritimum,
wfo-0001069891,Ireland,IRE,IE,native,Lamiastrum galeobdolon subsp. montanum,
wfo-0001107220,Ireland,IRE,IE,native,Asplenium onopteris,
wfo-0001107233,Ireland,IRE,IE,native,Athyrium filix-femina,
wfo-0001107261,Ireland,IRE,IE,native,Cryptogramma crispa,
wfo-0001107276,Ireland,IRE,IE,native,Cystopteris fragilis,
wfo-0001107298,Ireland,IRE,IE,native,Dryopteris carthusiana,
wfo-0001107317,Ireland,IRE,IE,native,Gymnocarpium dryopteris,
wfo-0001107321,Ireland,IRE,IE,native,Isoetes echinospora,
wfo-0001107341,Ireland,IRE,IE,native,Lycopodium clavatum,
wfo-0001107393,Ireland,IRE,IE,native,Polypodium interjectum,
wfo-0001107395,Ireland,IRE,IE,native,Polypodium vulgare,
wfo-0001107397,Ireland,IRE,IE,native,Polystichum setiferum,
wfo-0001107402,Ireland,IRE,IE,native,Pteridium aquilinum,
wfo-0001107441,Ireland,IRE,IE,native,Thelypteris palustris,
wfo-0001107541,Ireland,IRE,IE,native,Hymenophyllum tunbrigense,
wfo-0001108092,Ireland,IRE,IE,native,Asplenium cuneatum,
wfo-0001108304,Ireland,IRE,IE,native,Dryopteris dilatata,
wfo-0001108914,Ireland,IRE,IE,native,Equisetum arvense,
wfo-0001108916,Ireland,IRE,IE,native,Equisetum fluviatile,
wfo-0001108921,Ireland,IRE,IE,native,Equisetum palustre,
wfo-0001108922,Ireland,IRE,IE,native,Equisetum pratense,
wfo-0001108924,Ireland,IRE,IE,native,Equisetum sylvaticum,
wfo-0001108925,Ireland,IRE,IE,native,Equisetum telmateia,
wfo-0001108927,Ireland,IRE,IE,native,Equisetum variegatum,
wfo-0001108956,Ireland,IRE,IE,native,Isoetes lacustris,
wfo-0001109043,Ireland,IRE,IE,native,Ophioglossum vulgatum,
wfo-0001109054,Ireland,IRE,IE,native,Botrychium lunaria,
wfo-0001109067,Ireland,IRE,IE,native,Osmunda regalis,
wfo-0001109081,Ireland,IRE,IE,native,Dryopteris filix-mas,
wfo-0001109141,Ireland,IRE,IE,native,Gymnocarpium robertianum,
wfo-0001109272,Ireland,IRE,IE,native,Polystichum lonchitis,
wfo-0001109303,Ireland,IRE,IE,native,Asplenium adiantum-nigrum,
wfo-0001109353,Ireland,IRE,IE,native,Asplenium ruta-muraria,
wfo-0001109358,Ireland,IRE,IE,native,Asplenium septentrionale,
wfo-0001109364,Ireland,IRE,IE,native,Asplenium trichomanes,
wfo-0001109421,Ireland,IRE,IE,native,Thelypteris limbosperma,
wfo-0001109433,Ireland,IRE,IE,native,Thelypteris phegopteris,
wfo-0001109469,Ireland,IRE,IE,native,Adiantum capillus-veneris,
wfo-0001109866,Ireland,IRE,IE,native,Asplenium viride,
wfo-0001110254,Ireland,IRE,IE,native,Huperzia selago,
wfo-0001110391,Ireland,IRE,IE,native,Asplenium scolopendrium,
wfo-0001111175,Ireland,IRE,IE,native,Diphasiastrum alpinum,
wfo-0001111177,Ireland,IRE,IE,native,Lycopodiella inundata,
wfo-0001111832,Ireland,IRE,IE,native,Polypodium australe,
wfo-0001113332,Ireland,IRE,IE,native,Asplenium marinum,
wfo-0001114328,Ireland,IRE,IE,native,Dryopteris affinis,
wfo-0001115752,Ireland,IRE,IE,native,Dryopteris aemula,
wfo-0001115769,Ireland,IRE,IE,native,Dryopteris oreades,
wfo-0001115841,Ireland,IRE,IE,native,Asplenium ceterach,
wfo-0001115866,Ireland,IRE,IE,native,Ophioglossum azoricum,
wfo-0001116375,Ireland,IRE,IE,native,Hymenophyllum wilsonii,
wfo-0001116379,Ireland,IRE,IE,native,Trichomanes speciosum,
wfo-0001117161,Ireland,IRE,IE,native,Equisetum ×moorei,
wfo-0001117167,Ireland,IRE,IE,native,Equisetum ×trachyodon,
wfo-0001118473,Ireland,IRE,IE,native,Pilularia globulifera,
wfo-0001118733,Ireland,IRE,IE,native,Selaginella selaginoides,
wfo-0001119112,Ireland,IRE,IE,native,Blechnum spicant,
wfo-0001128963,Ireland,IRE,IE,native,Pyrola rotundifolia var. rotundifolia,
wfo-0001136528,Ireland,IRE,IE,native,Euphrasia arctica,
wfo-0001136626,Ireland,IRE,IE,native,Melampyrum pratense,
wfo-0001136632,Ireland,IRE,IE,native,Odontites verna,
wfo-0001136770,Ireland,IRE,IE,native,Euphrasia nemorosa,
wfo-0001136916,Ireland,IRE,IE,native,Parentucellia viscosa,
wfo-0001137331,Ireland,IRE,IE,native,Euphrasia rostkoviana,
wfo-0001137335,Ireland,IRE,IE,native,Euphrasia salisburgensis,
wfo-0001138516,Ireland,IRE,IE,native,Euphrasia frigida,
wfo-0001138643,Ireland,IRE,IE,native,Euphrasia micrantha,
wfo-0001138665,Ireland,IRE,IE,native,Euphrasia scottica,
wfo-0001182045,Ireland,IRE,IE,native,Fontinalis antipyretica,
wfo-0001225452,Ireland,IRE,IE,native,Asplenium obovatum,
wfo-0001239724,Ireland,IRE,IE,native,Polystichum aculeatum,
wfo-0001245653,Ireland,IRE,IE,native,Euphrasia tetraquetra,
wfo-0001257557,Ireland,IRE,IE,native,Euphrasia anglica,
wfo-0001273297,Ireland,IRE,IE,native,Silene alba,
wfo-0001275476,Ireland,IRE,IE,native,Cornus sanguinea,
wfo-0001296633,Ireland,IRE,IE,native,Convolvulus arvensis,
wfo-0001296723,Ireland,IRE,IE,native,Calystegia sepium,
wfo-0001298858,Ireland,IRE,IE,native,Calystegia soldanella,
wfo-0000755744,Ireland,IRE,IE,native or possibly introduced,Allium babingtonii,
wfo-0000843693,Ireland,IRE,IE,native or possibly introduced,Agrostis gigantea,
wfo-0000059157,Ireland,IRE,IE,Possibly introduced,Picris echioides,
wfo-0000241235,Ireland,IRE,IE,Possibly introduced,Mentha pulegium,
wfo-0000241769,Ireland,IRE,IE,Possibly introduced,Mercurialis perennis,
wfo-0000385083,Ireland,IRE,IE,Possibly introduced,Oenanthe pimpinelloides,
wfo-0000404086,Ireland,IRE,IE,Possibly introduced,Rumex pulcher,
wfo-0000425778,Ireland,IRE,IE,Possibly introduced,Veronica hederifolia,
wfo-0000432219,Ireland,IRE,IE,Possibly introduced,Symphytum officinale,
wfo-0000441062,Ireland,IRE,IE,Possibly introduced,Sedum telephium,
wfo-0000446438,Ireland,IRE,IE,Possibly introduced,Linaria vulgaris,
wfo-0000449636,Ireland,IRE,IE,Possibly introduced,Malva sylvestris,
wfo-0000451121,Ireland,IRE,IE,Possibly introduced,Misopates orontium,
wfo-0000541607,Ireland,IRE,IE,Possibly introduced,Aquilegia vulgaris,
wfo-0000556421,Ireland,IRE,IE,Possibly introduced,Atriplex patula,
wfo-0000585589,Ireland,IRE,IE,Possibly introduced,Capsella bursa-pastoris,
wfo-0000617964,Ireland,IRE,IE,Possibly introduced,Conium maculatum,
wfo-0000651022,Ireland,IRE,IE,Possibly introduced,Dipsacus fullonum,
wfo-0000673518,Ireland,IRE,IE,Possibly introduced,Erica vagans,
wfo-0000683092,Ireland,IRE,IE,Possibly introduced,Leucojum aestivum,
wfo-0000685786,Ireland,IRE,IE,Possibly introduced,Fallopia convolvulus,
wfo-0000700368,Ireland,IRE,IE,Possibly introduced,Geranium dissectum,
wfo-0000701108,Ireland,IRE,IE,Possibly introduced,Geranium pratense,
wfo-0000701157,Ireland,IRE,IE,Possibly introduced,Geranium pusillum,
wfo-0000725040,Ireland,IRE,IE,Possibly introduced,Hottonia palustris,
wfo-0000727741,Ireland,IRE,IE,Possibly introduced,Hypericum hirsutum,
wfo-0000757278,Ireland,IRE,IE,Possibly introduced,Allium schoenoprasum,
wfo-0000832288,Ireland,IRE,IE,Possibly introduced,Ceratophyllum submersum,
wfo-0000847873,Ireland,IRE,IE,Possibly introduced,Anisantha sterilis,
wfo-0000874641,Ireland,IRE,IE,Possibly introduced,Hordelymus europaeus,
wfo-0000878503,Ireland,IRE,IE,Possibly introduced,Lolium temulentum,
wfo-0000893068,Ireland,IRE,IE,Possibly introduced,Poa nemoralis,
wfo-0000929085,Ireland,IRE,IE,Possibly introduced,Salix alba,
wfo-0000929571,Ireland,IRE,IE,Possibly introduced,Salix triandra,
wfo-0000930408,Ireland,IRE,IE,Possibly introduced,Salix purpurea,
wfo-0000962471,Ireland,IRE,IE,Possibly introduced,Euphorbia helioscopia,
wfo-0000963920,Ireland,IRE,IE,Possibly introduced,Euphorbia peplus,
wfo-0000967942,Ireland,IRE,IE,Possibly introduced,Galeopsis angustifolia,
wfo-0000968061,Ireland,IRE,IE,Possibly introduced,Galeopsis tetrahit,
wfo-0000999867,Ireland,IRE,IE,Possibly introduced,Filipendula vulgaris,
wfo-0001100871,Ireland,IRE,IE,Possibly introduced,Persicaria lapathifolia,
wfo-0001295682,Ireland,IRE,IE,Possibly introduced,Hypericum canadense,
wfo-0001296657,Ireland,IRE,IE,Possibly introduced,Cuscuta epithymum,
wfo-0000363872,Ireland,IRE,IE,Possibly native,Linum bienne,
wfo-0000683378,Ireland,IRE,IE,Possibly native,Luronium natans,
wfo-0000928297,Ireland,IRE,IE,Possibly native,Populus nigra,
wfo-0001019409,Ireland,IRE,IE,Possibly/probably introduced,Atropa bella-donna,
wfo-0000367646,Ireland,IRE,IE,Possibly introduced,Lepidium coronopus,
wfo-0000076006,Ireland,IRE,IE,Probably introduced,Matricaria perforata,
wfo-0000222440,Ireland,IRE,IE,Probably introduced,Lamium amplexicaule,
wfo-0000222554,Ireland,IRE,IE,Probably introduced,Lamium hybridum,
wfo-0000222642,Ireland,IRE,IE,Probably introduced,Lamium purpureum,
wfo-0000358409,Ireland,IRE,IE,Probably introduced,Lepidium latifolium,
wfo-0000362186,Ireland,IRE,IE,Probably introduced,Lithospermum arvense,
wfo-0000387593,Ireland,IRE,IE,Probably introduced,Orobanche minor,
wfo-0000416948,Ireland,IRE,IE,Probably introduced,Urtica urens,
wfo-0000426676,Ireland,IRE,IE,Probably introduced,Viola arvensis,
wfo-0000432010,Ireland,IRE,IE,Probably introduced,Sisymbrium officinale,
wfo-0000432651,Ireland,IRE,IE,Probably introduced,Sinapis arvensis,
wfo-0000480422,Ireland,IRE,IE,Probably introduced,Papaver dubium,
wfo-0000481006,Ireland,IRE,IE,Probably introduced,Papaver rhoeas,
wfo-0000529011,Ireland,IRE,IE,Probably introduced,Althaea officinalis,
wfo-0000533553,Ireland,IRE,IE,Probably introduced,Anchusa arvensis,
wfo-0000669712,Ireland,IRE,IE,Probably introduced,Epilobium roseum,
wfo-0000671674,Ireland,IRE,IE,Probably introduced,Erica ciliaris,
wfo-0000671969,Ireland,IRE,IE,Probably introduced,Erica erigena,
wfo-0000776221,Ireland,IRE,IE,Probably introduced,Juncus compressus,
wfo-0000996176,Ireland,IRE,IE,Probably introduced,Sorbus aria,
wfo-0000929897,Ireland,IRE,IE,Probably native,Salix myrsinifolia,
