wfoid,Id,speciesplus_url
wfo-0000754662,23356,https://speciesplus.net/species#/taxon_concepts/23356/legal
wfo-0000532976,51804,https://speciesplus.net/species#/taxon_concepts/51804/legal
wfo-0000262045,20895,https://speciesplus.net/species#/taxon_concepts/20895/legal
wfo-0000262046,20879,https://speciesplus.net/species#/taxon_concepts/20879/legal
wfo-0000262056,24774,https://speciesplus.net/species#/taxon_concepts/24774/legal
wfo-0000262098,26458,https://speciesplus.net/species#/taxon_concepts/26458/legal
wfo-0000260165,25968,https://speciesplus.net/species#/taxon_concepts/25968/legal
wfo-0000547441,25138,https://speciesplus.net/species#/taxon_concepts/25138/legal
wfo-0000547443,14624,https://speciesplus.net/species#/taxon_concepts/14624/legal
wfo-0000547453,14702,https://speciesplus.net/species#/taxon_concepts/14702/legal
wfo-0000547463,21277,https://speciesplus.net/species#/taxon_concepts/21277/legal
wfo-0000547477,18189,https://speciesplus.net/species#/taxon_concepts/18189/legal
wfo-0000547483,28657,https://speciesplus.net/species#/taxon_concepts/28657/legal
wfo-0000547487,45112,https://speciesplus.net/species#/taxon_concepts/45112/legal
wfo-0000555029,24757,https://speciesplus.net/species#/taxon_concepts/24757/legal
wfo-0000558175,25895,https://speciesplus.net/species#/taxon_concepts/25895/legal
wfo-0000623439,19242,https://speciesplus.net/species#/taxon_concepts/19242/legal
wfo-0000651930,14591,https://speciesplus.net/species#/taxon_concepts/14591/legal
wfo-0001430580,64444,https://speciesplus.net/species#/taxon_concepts/64444/legal
wfo-0000651940,64447,https://speciesplus.net/species#/taxon_concepts/64447/legal
wfo-0000651951,93931,https://speciesplus.net/species#/taxon_concepts/93931/legal
wfo-0000651956,24066,https://speciesplus.net/species#/taxon_concepts/24066/legal
wfo-0000651961,64452,https://speciesplus.net/species#/taxon_concepts/64452/legal
wfo-0000651972,22794,https://speciesplus.net/species#/taxon_concepts/22794/legal
wfo-0000651977,24864,https://speciesplus.net/species#/taxon_concepts/24864/legal
wfo-0000651996,25526,https://speciesplus.net/species#/taxon_concepts/25526/legal
wfo-0000652003,18039,https://speciesplus.net/species#/taxon_concepts/18039/legal
wfo-0000652019,14252,https://speciesplus.net/species#/taxon_concepts/14252/legal
wfo-0000661287,98421,https://speciesplus.net/species#/taxon_concepts/98421/legal
wfo-0000661523,18004,https://speciesplus.net/species#/taxon_concepts/18004/legal
wfo-0000680640,27568,https://speciesplus.net/species#/taxon_concepts/27568/legal
wfo-0000680662,14439,https://speciesplus.net/species#/taxon_concepts/14439/legal
wfo-0001287026,25367,https://speciesplus.net/species#/taxon_concepts/25367/legal
wfo-0001289649,14450,https://speciesplus.net/species#/taxon_concepts/14450/legal
wfo-0000375387,26732,https://speciesplus.net/species#/taxon_concepts/26732/legal
wfo-0000375390,17592,https://speciesplus.net/species#/taxon_concepts/17592/legal
wfo-0001289713,22677,https://speciesplus.net/species#/taxon_concepts/22677/legal
wfo-0001288606,27815,https://speciesplus.net/species#/taxon_concepts/27815/legal
wfo-0001288308,26931,https://speciesplus.net/species#/taxon_concepts/26931/legal
wfo-0001288307,23835,https://speciesplus.net/species#/taxon_concepts/23835/legal
wfo-0001287012,15492,https://speciesplus.net/species#/taxon_concepts/15492/legal
wfo-0001288304,20271,https://speciesplus.net/species#/taxon_concepts/20271/legal
wfo-0001288303,20139,https://speciesplus.net/species#/taxon_concepts/20139/legal
wfo-0001287042,25762,https://speciesplus.net/species#/taxon_concepts/25762/legal
wfo-0001287043,20244,https://speciesplus.net/species#/taxon_concepts/20244/legal
wfo-0001287398,67963,https://speciesplus.net/species#/taxon_concepts/67963/legal
wfo-0001246595,29634,https://speciesplus.net/species#/taxon_concepts/29634/legal
wfo-0001246599,44177,https://speciesplus.net/species#/taxon_concepts/44177/legal
wfo-0001246606,46037,https://speciesplus.net/species#/taxon_concepts/46037/legal
wfo-0001256485,25351,https://speciesplus.net/species#/taxon_concepts/25351/legal
wfo-0001287160,20415,https://speciesplus.net/species#/taxon_concepts/20415/legal
wfo-0001256487,17824,https://speciesplus.net/species#/taxon_concepts/17824/legal
wfo-0001287161,27661,https://speciesplus.net/species#/taxon_concepts/27661/legal
wfo-0001246608,29372,https://speciesplus.net/species#/taxon_concepts/29372/legal
wfo-0001289550,29522,https://speciesplus.net/species#/taxon_concepts/29522/legal
wfo-0001287165,25178,https://speciesplus.net/species#/taxon_concepts/25178/legal
wfo-0001256493,22530,https://speciesplus.net/species#/taxon_concepts/22530/legal
wfo-0001262057,50438,https://speciesplus.net/species#/taxon_concepts/50438/legal
wfo-0001287168,18383,https://speciesplus.net/species#/taxon_concepts/18383/legal
wfo-0000750397,93908,https://speciesplus.net/species#/taxon_concepts/93908/legal
wfo-0001287054,18270,https://speciesplus.net/species#/taxon_concepts/18270/legal
wfo-0001256570,15036,https://speciesplus.net/species#/taxon_concepts/15036/legal
wfo-0001256572,25161,https://speciesplus.net/species#/taxon_concepts/25161/legal
wfo-0001256573,14615,https://speciesplus.net/species#/taxon_concepts/14615/legal
wfo-0001256574,20310,https://speciesplus.net/species#/taxon_concepts/20310/legal
wfo-0001256575,29201,https://speciesplus.net/species#/taxon_concepts/29201/legal
wfo-0001256579,19620,https://speciesplus.net/species#/taxon_concepts/19620/legal
wfo-0001256580,18695,https://speciesplus.net/species#/taxon_concepts/18695/legal
wfo-0001289790,15894,https://speciesplus.net/species#/taxon_concepts/15894/legal
wfo-0001256582,17168,https://speciesplus.net/species#/taxon_concepts/17168/legal
wfo-0001256587,20657,https://speciesplus.net/species#/taxon_concepts/20657/legal
wfo-0001256590,15151,https://speciesplus.net/species#/taxon_concepts/15151/legal
wfo-0001287969,27816,https://speciesplus.net/species#/taxon_concepts/27816/legal
wfo-0001289792,16975,https://speciesplus.net/species#/taxon_concepts/16975/legal
wfo-0001256603,28936,https://speciesplus.net/species#/taxon_concepts/28936/legal
wfo-0001256605,22260,https://speciesplus.net/species#/taxon_concepts/22260/legal
wfo-0000416273,18804,https://speciesplus.net/species#/taxon_concepts/18804/legal
wfo-0000416270,17078,https://speciesplus.net/species#/taxon_concepts/17078/legal
wfo-0000416268,18813,https://speciesplus.net/species#/taxon_concepts/18813/legal
wfo-0000044406,28010,https://speciesplus.net/species#/taxon_concepts/28010/legal
wfo-0000691255,27947,https://speciesplus.net/species#/taxon_concepts/27947/legal
wfo-0000396772,28405,https://speciesplus.net/species#/taxon_concepts/28405/legal
wfo-0000631499,27663,https://speciesplus.net/species#/taxon_concepts/27663/legal
wfo-0000960633,19248,https://speciesplus.net/species#/taxon_concepts/19248/legal
wfo-0000961116,14735,https://speciesplus.net/species#/taxon_concepts/14735/legal
wfo-0000961211,22857,https://speciesplus.net/species#/taxon_concepts/22857/legal
wfo-0000961544,28895,https://speciesplus.net/species#/taxon_concepts/28895/legal
wfo-0000961546,29642,https://speciesplus.net/species#/taxon_concepts/29642/legal
wfo-0000961620,23193,https://speciesplus.net/species#/taxon_concepts/23193/legal
wfo-0000961660,25352,https://speciesplus.net/species#/taxon_concepts/25352/legal
wfo-0001388495,29657,https://speciesplus.net/species#/taxon_concepts/29657/legal
wfo-0001388496,29656,https://speciesplus.net/species#/taxon_concepts/29656/legal
wfo-0001389150,29654,https://speciesplus.net/species#/taxon_concepts/29654/legal
wfo-0000962162,19831,https://speciesplus.net/species#/taxon_concepts/19831/legal
wfo-0000963433,27263,https://speciesplus.net/species#/taxon_concepts/27263/legal
wfo-0001388497,29643,https://speciesplus.net/species#/taxon_concepts/29643/legal
wfo-0001388498,29659,https://speciesplus.net/species#/taxon_concepts/29659/legal
wfo-0001389841,29653,https://speciesplus.net/species#/taxon_concepts/29653/legal
wfo-0000963842,29181,https://speciesplus.net/species#/taxon_concepts/29181/legal
wfo-0000964324,19109,https://speciesplus.net/species#/taxon_concepts/19109/legal
wfo-0000965208,24431,https://speciesplus.net/species#/taxon_concepts/24431/legal
wfo-0000691665,23450,https://speciesplus.net/species#/taxon_concepts/23450/legal
wfo-0000170463,24815,https://speciesplus.net/species#/taxon_concepts/24815/legal
wfo-0000757819,26370,https://speciesplus.net/species#/taxon_concepts/26370/legal
wfo-0000757821,27959,https://speciesplus.net/species#/taxon_concepts/27959/legal
wfo-0000757827,18433,https://speciesplus.net/species#/taxon_concepts/18433/legal
wfo-0000757898,17547,https://speciesplus.net/species#/taxon_concepts/17547/legal
wfo-0000757918,19310,https://speciesplus.net/species#/taxon_concepts/19310/legal
wfo-0000757975,19134,https://speciesplus.net/species#/taxon_concepts/19134/legal
wfo-0000758046,24707,https://speciesplus.net/species#/taxon_concepts/24707/legal
wfo-0000758097,14136,https://speciesplus.net/species#/taxon_concepts/14136/legal
wfo-0000758112,21376,https://speciesplus.net/species#/taxon_concepts/21376/legal
wfo-0000758211,21791,https://speciesplus.net/species#/taxon_concepts/21791/legal
wfo-0000758273,19507,https://speciesplus.net/species#/taxon_concepts/19507/legal
wfo-0000758277,15573,https://speciesplus.net/species#/taxon_concepts/15573/legal
wfo-0000758362,19801,https://speciesplus.net/species#/taxon_concepts/19801/legal
wfo-0000758608,16430,https://speciesplus.net/species#/taxon_concepts/16430/legal
wfo-0000758618,22225,https://speciesplus.net/species#/taxon_concepts/22225/legal
wfo-0000758735,17663,https://speciesplus.net/species#/taxon_concepts/17663/legal
wfo-0000916933,105421,https://speciesplus.net/species#/taxon_concepts/105421/legal
wfo-0000758989,22489,https://speciesplus.net/species#/taxon_concepts/22489/legal
wfo-0000759005,18553,https://speciesplus.net/species#/taxon_concepts/18553/legal
wfo-1000020400,101259,https://speciesplus.net/species#/taxon_concepts/101259/legal
wfo-0001335022,94514,https://speciesplus.net/species#/taxon_concepts/94514/legal
wfo-0000382019,21851,https://speciesplus.net/species#/taxon_concepts/21851/legal
wfo-0000381453,26024,https://speciesplus.net/species#/taxon_concepts/26024/legal
wfo-0000840364,28489,https://speciesplus.net/species#/taxon_concepts/28489/legal
wfo-0000837277,56608,https://speciesplus.net/species#/taxon_concepts/56608/legal
wfo-0000822372,52536,https://speciesplus.net/species#/taxon_concepts/52536/legal
wfo-0000938893,23775,https://speciesplus.net/species#/taxon_concepts/23775/legal
wfo-0000242674,44303,https://speciesplus.net/species#/taxon_concepts/44303/legal
wfo-0000263884,16845,https://speciesplus.net/species#/taxon_concepts/16845/legal
wfo-0000263885,25109,https://speciesplus.net/species#/taxon_concepts/25109/legal
wfo-0000263887,52169,https://speciesplus.net/species#/taxon_concepts/52169/legal
wfo-0001330752,98385,https://speciesplus.net/species#/taxon_concepts/98385/legal
wfo-0001330804,98386,https://speciesplus.net/species#/taxon_concepts/98386/legal
wfo-0000263894,14513,https://speciesplus.net/species#/taxon_concepts/14513/legal
wfo-0000263899,61603,https://speciesplus.net/species#/taxon_concepts/61603/legal
wfo-0000263900,20615,https://speciesplus.net/species#/taxon_concepts/20615/legal
wfo-0000263903,25339,https://speciesplus.net/species#/taxon_concepts/25339/legal
wfo-0000489071,98404,https://speciesplus.net/species#/taxon_concepts/98404/legal
wfo-0000263908,14172,https://speciesplus.net/species#/taxon_concepts/14172/legal
wfo-0000263915,23616,https://speciesplus.net/species#/taxon_concepts/23616/legal
wfo-0000263918,26937,https://speciesplus.net/species#/taxon_concepts/26937/legal
wfo-0000263928,65114,https://speciesplus.net/species#/taxon_concepts/65114/legal
wfo-0000263929,19834,https://speciesplus.net/species#/taxon_concepts/19834/legal
wfo-1000053070,98413,https://speciesplus.net/species#/taxon_concepts/98413/legal
wfo-0000263935,13824,https://speciesplus.net/species#/taxon_concepts/13824/legal
wfo-0000920474,98412,https://speciesplus.net/species#/taxon_concepts/98412/legal
wfo-0000263957,14166,https://speciesplus.net/species#/taxon_concepts/14166/legal
wfo-0000263961,26342,https://speciesplus.net/species#/taxon_concepts/26342/legal
wfo-0000263963,61609,https://speciesplus.net/species#/taxon_concepts/61609/legal
wfo-0000922298,98411,https://speciesplus.net/species#/taxon_concepts/98411/legal
wfo-0000809533,98408,https://speciesplus.net/species#/taxon_concepts/98408/legal
wfo-0001424164,98382,https://speciesplus.net/species#/taxon_concepts/98382/legal
wfo-0000263978,98401,https://speciesplus.net/species#/taxon_concepts/98401/legal
wfo-0000263981,24069,https://speciesplus.net/species#/taxon_concepts/24069/legal
wfo-0000263984,28526,https://speciesplus.net/species#/taxon_concepts/28526/legal
wfo-0000263987,98388,https://speciesplus.net/species#/taxon_concepts/98388/legal
wfo-1000053232,98356,https://speciesplus.net/species#/taxon_concepts/98356/legal
wfo-0000263989,25877,https://speciesplus.net/species#/taxon_concepts/25877/legal
wfo-0000263992,28817,https://speciesplus.net/species#/taxon_concepts/28817/legal
wfo-0000263997,98358,https://speciesplus.net/species#/taxon_concepts/98358/legal
wfo-0000263999,24165,https://speciesplus.net/species#/taxon_concepts/24165/legal
wfo-0000264000,21264,https://speciesplus.net/species#/taxon_concepts/21264/legal
wfo-0000264005,98403,https://speciesplus.net/species#/taxon_concepts/98403/legal
wfo-0000264006,18515,https://speciesplus.net/species#/taxon_concepts/18515/legal
wfo-0000264011,98380,https://speciesplus.net/species#/taxon_concepts/98380/legal
wfo-0000264013,61617,https://speciesplus.net/species#/taxon_concepts/61617/legal
wfo-0000264014,24892,https://speciesplus.net/species#/taxon_concepts/24892/legal
wfo-0000809534,98398,https://speciesplus.net/species#/taxon_concepts/98398/legal
wfo-0000264020,17452,https://speciesplus.net/species#/taxon_concepts/17452/legal
wfo-0000264024,25902,https://speciesplus.net/species#/taxon_concepts/25902/legal
wfo-0000264026,18158,https://speciesplus.net/species#/taxon_concepts/18158/legal
wfo-0000264027,19644,https://speciesplus.net/species#/taxon_concepts/19644/legal
wfo-0000922262,98993,https://speciesplus.net/species#/taxon_concepts/98993/legal
wfo-0000264030,29228,https://speciesplus.net/species#/taxon_concepts/29228/legal
wfo-0000264032,28088,https://speciesplus.net/species#/taxon_concepts/28088/legal
wfo-0000264034,61625,https://speciesplus.net/species#/taxon_concepts/61625/legal
wfo-0000264036,28572,https://speciesplus.net/species#/taxon_concepts/28572/legal
wfo-0000264041,16354,https://speciesplus.net/species#/taxon_concepts/16354/legal
wfo-0000264044,98370,https://speciesplus.net/species#/taxon_concepts/98370/legal
wfo-0000264048,23860,https://speciesplus.net/species#/taxon_concepts/23860/legal
wfo-0000264054,14345,https://speciesplus.net/species#/taxon_concepts/14345/legal
wfo-0000913902,98414,https://speciesplus.net/species#/taxon_concepts/98414/legal
wfo-0000922420,98397,https://speciesplus.net/species#/taxon_concepts/98397/legal
wfo-0000264062,14050,https://speciesplus.net/species#/taxon_concepts/14050/legal
wfo-0000264066,61630,https://speciesplus.net/species#/taxon_concepts/61630/legal
wfo-0000264067,65122,https://speciesplus.net/species#/taxon_concepts/65122/legal
wfo-0000264069,17408,https://speciesplus.net/species#/taxon_concepts/17408/legal
wfo-0000264078,61633,https://speciesplus.net/species#/taxon_concepts/61633/legal
wfo-0000264080,19045,https://speciesplus.net/species#/taxon_concepts/19045/legal
wfo-0000264083,26326,https://speciesplus.net/species#/taxon_concepts/26326/legal
wfo-0001343365,98393,https://speciesplus.net/species#/taxon_concepts/98393/legal
wfo-0000264086,65124,https://speciesplus.net/species#/taxon_concepts/65124/legal
wfo-0000264087,23903,https://speciesplus.net/species#/taxon_concepts/23903/legal
wfo-0000264096,17944,https://speciesplus.net/species#/taxon_concepts/17944/legal
wfo-1000053071,98394,https://speciesplus.net/species#/taxon_concepts/98394/legal
wfo-0000913903,98373,https://speciesplus.net/species#/taxon_concepts/98373/legal
wfo-0000264105,21463,https://speciesplus.net/species#/taxon_concepts/21463/legal
wfo-0000264113,20569,https://speciesplus.net/species#/taxon_concepts/20569/legal
wfo-0000264117,98410,https://speciesplus.net/species#/taxon_concepts/98410/legal
wfo-0000264118,16891,https://speciesplus.net/species#/taxon_concepts/16891/legal
wfo-0000264129,65125,https://speciesplus.net/species#/taxon_concepts/65125/legal
wfo-1000053355,98362,https://speciesplus.net/species#/taxon_concepts/98362/legal
wfo-0001342726,98359,https://speciesplus.net/species#/taxon_concepts/98359/legal
wfo-1000054293,98377,https://speciesplus.net/species#/taxon_concepts/98377/legal
wfo-0000264131,15243,https://speciesplus.net/species#/taxon_concepts/15243/legal
wfo-1000053031,98407,https://speciesplus.net/species#/taxon_concepts/98407/legal
wfo-0000264133,16333,https://speciesplus.net/species#/taxon_concepts/16333/legal
wfo-1000006158,98371,https://speciesplus.net/species#/taxon_concepts/98371/legal
wfo-0000264136,17042,https://speciesplus.net/species#/taxon_concepts/17042/legal
wfo-0000264139,98376,https://speciesplus.net/species#/taxon_concepts/98376/legal
wfo-0000264143,98374,https://speciesplus.net/species#/taxon_concepts/98374/legal
wfo-0000264145,15386,https://speciesplus.net/species#/taxon_concepts/15386/legal
wfo-0000264150,98367,https://speciesplus.net/species#/taxon_concepts/98367/legal
wfo-0001424163,98357,https://speciesplus.net/species#/taxon_concepts/98357/legal
wfo-0000264152,98378,https://speciesplus.net/species#/taxon_concepts/98378/legal
wfo-0000264153,98368,https://speciesplus.net/species#/taxon_concepts/98368/legal
wfo-0000264154,48568,https://speciesplus.net/species#/taxon_concepts/48568/legal
wfo-0000264157,15395,https://speciesplus.net/species#/taxon_concepts/15395/legal
wfo-0000264162,16257,https://speciesplus.net/species#/taxon_concepts/16257/legal
wfo-0000918386,98365,https://speciesplus.net/species#/taxon_concepts/98365/legal
wfo-0000264164,16716,https://speciesplus.net/species#/taxon_concepts/16716/legal
wfo-0000264166,98502,https://speciesplus.net/species#/taxon_concepts/98502/legal
wfo-0001329804,98405,https://speciesplus.net/species#/taxon_concepts/98405/legal
wfo-1000053332,98391,https://speciesplus.net/species#/taxon_concepts/98391/legal
wfo-0000264172,23751,https://speciesplus.net/species#/taxon_concepts/23751/legal
wfo-0001329870,98379,https://speciesplus.net/species#/taxon_concepts/98379/legal
wfo-0000264175,27137,https://speciesplus.net/species#/taxon_concepts/27137/legal
wfo-0000264176,19473,https://speciesplus.net/species#/taxon_concepts/19473/legal
wfo-0000913904,98381,https://speciesplus.net/species#/taxon_concepts/98381/legal
wfo-0001340063,98355,https://speciesplus.net/species#/taxon_concepts/98355/legal
wfo-0000264179,16674,https://speciesplus.net/species#/taxon_concepts/16674/legal
wfo-0000264182,98400,https://speciesplus.net/species#/taxon_concepts/98400/legal
wfo-0000264183,61645,https://speciesplus.net/species#/taxon_concepts/61645/legal
wfo-0000913905,98399,https://speciesplus.net/species#/taxon_concepts/98399/legal
wfo-0001339997,98361,https://speciesplus.net/species#/taxon_concepts/98361/legal
wfo-0000264192,26464,https://speciesplus.net/species#/taxon_concepts/26464/legal
wfo-0000264196,98396,https://speciesplus.net/species#/taxon_concepts/98396/legal
wfo-0000264197,23745,https://speciesplus.net/species#/taxon_concepts/23745/legal
wfo-0000264199,17225,https://speciesplus.net/species#/taxon_concepts/17225/legal
wfo-0000264200,22209,https://speciesplus.net/species#/taxon_concepts/22209/legal
wfo-0001345240,98360,https://speciesplus.net/species#/taxon_concepts/98360/legal
wfo-0000809538,61648,https://speciesplus.net/species#/taxon_concepts/61648/legal
wfo-0000264206,18892,https://speciesplus.net/species#/taxon_concepts/18892/legal
wfo-0000264207,14520,https://speciesplus.net/species#/taxon_concepts/14520/legal
wfo-0000264213,25150,https://speciesplus.net/species#/taxon_concepts/25150/legal
wfo-0000913908,98369,https://speciesplus.net/species#/taxon_concepts/98369/legal
wfo-0000264215,26352,https://speciesplus.net/species#/taxon_concepts/26352/legal
wfo-0000489259,98375,https://speciesplus.net/species#/taxon_concepts/98375/legal
wfo-0000264229,14325,https://speciesplus.net/species#/taxon_concepts/14325/legal
wfo-0000489269,98363,https://speciesplus.net/species#/taxon_concepts/98363/legal
wfo-0000264238,14600,https://speciesplus.net/species#/taxon_concepts/14600/legal
wfo-0000264239,19877,https://speciesplus.net/species#/taxon_concepts/19877/legal
wfo-0000264248,98409,https://speciesplus.net/species#/taxon_concepts/98409/legal
wfo-0000264249,25426,https://speciesplus.net/species#/taxon_concepts/25426/legal
wfo-0000264258,16727,https://speciesplus.net/species#/taxon_concepts/16727/legal
wfo-0000264262,61655,https://speciesplus.net/species#/taxon_concepts/61655/legal
wfo-0000264263,19055,https://speciesplus.net/species#/taxon_concepts/19055/legal
wfo-0000264264,65133,https://speciesplus.net/species#/taxon_concepts/65133/legal
wfo-0001339998,98390,https://speciesplus.net/species#/taxon_concepts/98390/legal
wfo-0000809544,98389,https://speciesplus.net/species#/taxon_concepts/98389/legal
wfo-0000913910,98994,https://speciesplus.net/species#/taxon_concepts/98994/legal
wfo-0001330765,98416,https://speciesplus.net/species#/taxon_concepts/98416/legal
wfo-0000267337,15428,https://speciesplus.net/species#/taxon_concepts/15428/legal
wfo-0000806320,61861,https://speciesplus.net/species#/taxon_concepts/61861/legal
wfo-0001340667,93882,https://speciesplus.net/species#/taxon_concepts/93882/legal
wfo-0000269949,28680,https://speciesplus.net/species#/taxon_concepts/28680/legal
wfo-0000269954,27918,https://speciesplus.net/species#/taxon_concepts/27918/legal
wfo-0000490868,98417,https://speciesplus.net/species#/taxon_concepts/98417/legal
wfo-0000269959,18997,https://speciesplus.net/species#/taxon_concepts/18997/legal
wfo-0000269960,27060,https://speciesplus.net/species#/taxon_concepts/27060/legal
wfo-0000269965,98366,https://speciesplus.net/species#/taxon_concepts/98366/legal
wfo-0000269968,61865,https://speciesplus.net/species#/taxon_concepts/61865/legal
wfo-0000269972,61866,https://speciesplus.net/species#/taxon_concepts/61866/legal
wfo-0001342736,98402,https://speciesplus.net/species#/taxon_concepts/98402/legal
wfo-0000269977,20409,https://speciesplus.net/species#/taxon_concepts/20409/legal
wfo-0000269979,98406,https://speciesplus.net/species#/taxon_concepts/98406/legal
wfo-0000269981,27872,https://speciesplus.net/species#/taxon_concepts/27872/legal
wfo-0000490870,61869,https://speciesplus.net/species#/taxon_concepts/61869/legal
wfo-0000269982,26865,https://speciesplus.net/species#/taxon_concepts/26865/legal
wfo-0000269983,20938,https://speciesplus.net/species#/taxon_concepts/20938/legal
wfo-0000269992,24472,https://speciesplus.net/species#/taxon_concepts/24472/legal
wfo-0001329525,98415,https://speciesplus.net/species#/taxon_concepts/98415/legal
wfo-1000053062,98383,https://speciesplus.net/species#/taxon_concepts/98383/legal
wfo-0000269995,19613,https://speciesplus.net/species#/taxon_concepts/19613/legal
wfo-0000269996,98392,https://speciesplus.net/species#/taxon_concepts/98392/legal
wfo-0000269998,24203,https://speciesplus.net/species#/taxon_concepts/24203/legal
wfo-0000270000,15262,https://speciesplus.net/species#/taxon_concepts/15262/legal
wfo-0000270004,20788,https://speciesplus.net/species#/taxon_concepts/20788/legal
wfo-0000270006,41377,https://speciesplus.net/species#/taxon_concepts/41377/legal
wfo-0000295527,24119,https://speciesplus.net/species#/taxon_concepts/24119/legal
wfo-0000947047,45512,https://speciesplus.net/species#/taxon_concepts/45512/legal
wfo-0000220212,104873,https://speciesplus.net/species#/taxon_concepts/104873/legal
wfo-0000511185,17704,https://speciesplus.net/species#/taxon_concepts/17704/legal
wfo-1000042642,24310,https://speciesplus.net/species#/taxon_concepts/24310/legal
wfo-0001135354,22715,https://speciesplus.net/species#/taxon_concepts/22715/legal
wfo-0001245451,29622,https://speciesplus.net/species#/taxon_concepts/29622/legal
wfo-0000492061,14479,https://speciesplus.net/species#/taxon_concepts/14479/legal
wfo-0000596583,16115,https://speciesplus.net/species#/taxon_concepts/16115/legal
wfo-0000596584,67958,https://speciesplus.net/species#/taxon_concepts/67958/legal
wfo-0000596587,52424,https://speciesplus.net/species#/taxon_concepts/52424/legal
wfo-0000508739,65505,https://speciesplus.net/species#/taxon_concepts/65505/legal
wfo-0000508740,65506,https://speciesplus.net/species#/taxon_concepts/65506/legal
wfo-0000596588,28135,https://speciesplus.net/species#/taxon_concepts/28135/legal
wfo-0000596591,24092,https://speciesplus.net/species#/taxon_concepts/24092/legal
wfo-0000911954,65508,https://speciesplus.net/species#/taxon_concepts/65508/legal
wfo-0000596592,65509,https://speciesplus.net/species#/taxon_concepts/65509/legal
wfo-0000596597,18591,https://speciesplus.net/species#/taxon_concepts/18591/legal
wfo-0000596598,17930,https://speciesplus.net/species#/taxon_concepts/17930/legal
wfo-0000596601,22795,https://speciesplus.net/species#/taxon_concepts/22795/legal
wfo-0000596602,20047,https://speciesplus.net/species#/taxon_concepts/20047/legal
wfo-0000596610,15387,https://speciesplus.net/species#/taxon_concepts/15387/legal
wfo-0000596611,15076,https://speciesplus.net/species#/taxon_concepts/15076/legal
wfo-0000596612,22217,https://speciesplus.net/species#/taxon_concepts/22217/legal
wfo-0000596613,16337,https://speciesplus.net/species#/taxon_concepts/16337/legal
wfo-0000596614,28924,https://speciesplus.net/species#/taxon_concepts/28924/legal
wfo-0000596615,28161,https://speciesplus.net/species#/taxon_concepts/28161/legal
wfo-0000596617,19176,https://speciesplus.net/species#/taxon_concepts/19176/legal
wfo-0000596618,18492,https://speciesplus.net/species#/taxon_concepts/18492/legal
wfo-0001039472,65511,https://speciesplus.net/species#/taxon_concepts/65511/legal
wfo-0000506762,65512,https://speciesplus.net/species#/taxon_concepts/65512/legal
wfo-0000596619,23498,https://speciesplus.net/species#/taxon_concepts/23498/legal
wfo-0000596620,22647,https://speciesplus.net/species#/taxon_concepts/22647/legal
wfo-0000596621,65513,https://speciesplus.net/species#/taxon_concepts/65513/legal
wfo-0000667331,18824,https://speciesplus.net/species#/taxon_concepts/18824/legal
wfo-0000667332,24330,https://speciesplus.net/species#/taxon_concepts/24330/legal
wfo-0000667344,21176,https://speciesplus.net/species#/taxon_concepts/21176/legal
wfo-0000667345,23660,https://speciesplus.net/species#/taxon_concepts/23660/legal
wfo-0000667346,16046,https://speciesplus.net/species#/taxon_concepts/16046/legal
wfo-0000667348,22072,https://speciesplus.net/species#/taxon_concepts/22072/legal
wfo-0000667349,20588,https://speciesplus.net/species#/taxon_concepts/20588/legal
wfo-0000667350,29245,https://speciesplus.net/species#/taxon_concepts/29245/legal
wfo-0000667357,20909,https://speciesplus.net/species#/taxon_concepts/20909/legal
wfo-0000667358,20701,https://speciesplus.net/species#/taxon_concepts/20701/legal
wfo-0000667359,26281,https://speciesplus.net/species#/taxon_concepts/26281/legal
wfo-0000667360,13860,https://speciesplus.net/species#/taxon_concepts/13860/legal
wfo-0000667361,27073,https://speciesplus.net/species#/taxon_concepts/27073/legal
wfo-0000667366,17214,https://speciesplus.net/species#/taxon_concepts/17214/legal
wfo-0000667368,27242,https://speciesplus.net/species#/taxon_concepts/27242/legal
wfo-0000667371,20915,https://speciesplus.net/species#/taxon_concepts/20915/legal
wfo-0000667373,20030,https://speciesplus.net/species#/taxon_concepts/20030/legal
wfo-0000667374,14769,https://speciesplus.net/species#/taxon_concepts/14769/legal
wfo-0000667378,15654,https://speciesplus.net/species#/taxon_concepts/15654/legal
wfo-0000667380,21561,https://speciesplus.net/species#/taxon_concepts/21561/legal
wfo-0000667381,28749,https://speciesplus.net/species#/taxon_concepts/28749/legal
wfo-0000667383,20378,https://speciesplus.net/species#/taxon_concepts/20378/legal
wfo-0000667385,27546,https://speciesplus.net/species#/taxon_concepts/27546/legal
wfo-0000667386,24942,https://speciesplus.net/species#/taxon_concepts/24942/legal
wfo-0000667388,27914,https://speciesplus.net/species#/taxon_concepts/27914/legal
wfo-0000667389,26492,https://speciesplus.net/species#/taxon_concepts/26492/legal
wfo-0000667394,14767,https://speciesplus.net/species#/taxon_concepts/14767/legal
wfo-0000667396,21141,https://speciesplus.net/species#/taxon_concepts/21141/legal
wfo-0000667397,21767,https://speciesplus.net/species#/taxon_concepts/21767/legal
wfo-0000667399,17594,https://speciesplus.net/species#/taxon_concepts/17594/legal
wfo-0000667401,18341,https://speciesplus.net/species#/taxon_concepts/18341/legal
wfo-0000667402,21406,https://speciesplus.net/species#/taxon_concepts/21406/legal
wfo-0000667405,20997,https://speciesplus.net/species#/taxon_concepts/20997/legal
wfo-0000667406,25841,https://speciesplus.net/species#/taxon_concepts/25841/legal
wfo-0000667407,24316,https://speciesplus.net/species#/taxon_concepts/24316/legal
wfo-0000667408,19024,https://speciesplus.net/species#/taxon_concepts/19024/legal
wfo-0000667414,20048,https://speciesplus.net/species#/taxon_concepts/20048/legal
wfo-0000667419,26543,https://speciesplus.net/species#/taxon_concepts/26543/legal
wfo-0000667422,26057,https://speciesplus.net/species#/taxon_concepts/26057/legal
wfo-0000667424,23600,https://speciesplus.net/species#/taxon_concepts/23600/legal
wfo-0000667429,13762,https://speciesplus.net/species#/taxon_concepts/13762/legal
wfo-0000667430,26400,https://speciesplus.net/species#/taxon_concepts/26400/legal
wfo-0000667433,24909,https://speciesplus.net/species#/taxon_concepts/24909/legal
wfo-0000667434,18195,https://speciesplus.net/species#/taxon_concepts/18195/legal
wfo-0000667435,15649,https://speciesplus.net/species#/taxon_concepts/15649/legal
wfo-0000667437,21416,https://speciesplus.net/species#/taxon_concepts/21416/legal
wfo-0000667439,23566,https://speciesplus.net/species#/taxon_concepts/23566/legal
wfo-0000667441,23277,https://speciesplus.net/species#/taxon_concepts/23277/legal
wfo-0000667444,24505,https://speciesplus.net/species#/taxon_concepts/24505/legal
wfo-0000667448,20136,https://speciesplus.net/species#/taxon_concepts/20136/legal
wfo-0000667449,25013,https://speciesplus.net/species#/taxon_concepts/25013/legal
wfo-0000667450,28569,https://speciesplus.net/species#/taxon_concepts/28569/legal
wfo-0000667451,27615,https://speciesplus.net/species#/taxon_concepts/27615/legal
wfo-0000667452,26223,https://speciesplus.net/species#/taxon_concepts/26223/legal
wfo-0001301575,21066,https://speciesplus.net/species#/taxon_concepts/21066/legal
wfo-0000667461,23085,https://speciesplus.net/species#/taxon_concepts/23085/legal
wfo-0000667462,20112,https://speciesplus.net/species#/taxon_concepts/20112/legal
wfo-0000667466,26167,https://speciesplus.net/species#/taxon_concepts/26167/legal
wfo-0000667467,28910,https://speciesplus.net/species#/taxon_concepts/28910/legal
wfo-0000667468,21925,https://speciesplus.net/species#/taxon_concepts/21925/legal
wfo-0000667473,15632,https://speciesplus.net/species#/taxon_concepts/15632/legal
wfo-0000667479,15424,https://speciesplus.net/species#/taxon_concepts/15424/legal
wfo-0000667480,28648,https://speciesplus.net/species#/taxon_concepts/28648/legal
wfo-0000451726,16025,https://speciesplus.net/species#/taxon_concepts/16025/legal
wfo-0000914753,68389,https://speciesplus.net/species#/taxon_concepts/68389/legal
wfo-4000003041,,https://speciesplus.net/species#/taxon_concepts?taxonomy=cites_eu&taxon_concept_query=Ariocarpus
wfo-4000012130,,https://speciesplus.net/species#/taxon_concepts?taxonomy=cites_eu&taxon_concept_query=Discocactus
wfo-4000028461,,https://speciesplus.net/species#/taxon_concepts?taxonomy=cites_eu&taxon_concept_query=Pelecyphora
wfo-4000036910,,https://speciesplus.net/species#/taxon_concepts?taxonomy=cites_eu&taxon_concept_query=Strombocactus
wfo-4000039593,,https://speciesplus.net/species#/taxon_concepts?taxonomy=cites_eu&taxon_concept_query=Turbinicarpus
wfo-4000039701,,https://speciesplus.net/species#/taxon_concepts?taxonomy=cites_eu&taxon_concept_query=Uebelmannia
wfo-4000027919,,https://speciesplus.net/species#/taxon_concepts?taxonomy=cites_eu&taxon_concept_query=Paphiopedilum
wfo-4000029330,,https://speciesplus.net/species#/taxon_concepts?taxonomy=cites_eu&taxon_concept_query=Phragmipedium
wfo-4000007391,,https://speciesplus.net/species#/taxon_concepts?taxonomy=cites_eu&taxon_concept_query=Ceratozamia
wfo-4000013360,,https://speciesplus.net/species#/taxon_concepts?taxonomy=cites_eu&taxon_concept_query=Encephalartos
